site,category,subcategory,filename_doc,title,content_main,content_sources,sources_count,url_count,content_combined,char_count_main,word_count_main,char_count_sources,word_count_sources,total_char_count,total_word_count,has_sources,has_structured_sources,image_count,images_list,path,directory,source_category,sources_parsed_str,urls_str,images_str
Abomey,Les Amazones du Dahomey,Amazones_du_Dahomey.docx,Amazones_du_Dahomey.docx,Amazones du Dahomey,"Amazones du Dahomey — Les Mino / Agodjié
Corps militaire féminin du Royaume du Dahomey (XVIIᵉ–XIXᵉ siècle)
1. Résumé
Les Mino — aussi appelées Agodjié, Ahosi, Agojie ou surnommées « Amazones du Dahomey » par les Européens — constituent l’un des corps militaires féminins les plus célèbres de l’histoire africaine. Originaires du royaume du Dahomey (actuel Bénin), elles ont existé du XVIIᵉ siècle jusqu’à la fin du XIXᵉ siècle. Formées, disciplinées et redoutées, elles occupaient un rôle stratégique au sein de l’armée royale, notamment sous les règnes d’Agadja, Ghézo, Glèlè et Béhanzin.
À leur apogée, elles comptent 4 000 à 6 000 guerrières, soit près d’un tiers de l’armée dahoméenne.
Elles furent dissoutes en 1894, après la défaite du Dahomey face à la France, mais leur mémoire reste puissante dans la culture béninoise contemporaine.
2. Histoire et origines
Les débuts : chasseuses et gardes royales
La formation du premier groupe féminin remonte au règne du roi Houégbadja (1645–1685), considéré comme l’initiateur du corps originel des Gbeto, femmes spécialisées dans la chasse à l’éléphant.
Ces premières guerrières sont ensuite entraînées à devenir gardes du corps royales.
La reine Tasi Hangbè : fondatrice du corps combattant
Tasi Hangbè, sœur jumelle du roi Akaba, règne de 1708 à 1711 après la mort de celui-ci.
C’est elle qui transforme les groupes féminins existants en véritable régiment armé, intégré à l’armée du royaume.
Elle mène elle-même une campagne militaire contre les Ouéménou, travestie en son frère Akaba pour galvaniser les troupes.
Effacée par les récits officiels sous Agadja, son rôle est aujourd’hui réhabilité comme central dans la création des Agodjié.
Du XVIIIᵉ au XIXᵉ siècle : ascension d’un corps d’élite
Le roi Agadja (1708–1732) développe la garde féminine en une force militaire redoutable et l’utilise dans la conquête du royaume Houéda en 1727.
Au XIXᵉ siècle, sous Ghézo (1818–1858), le Dahomey se militarise fortement.
Le roi restructure l’armée, augmente son budget et équipe les Agodjié d’armes modernes, dont des fusils danois obtenus par le commerce des esclaves.
Sous son règne, les Amazones atteignent 4 000 à 6 000 membres.
Identité et perception
Le nom Mino signifie « nos mères » en fon, un titre donné par les soldats masculins.
Les Européens, stupéfaits de rencontrer une armée féminine organisée, les surnomment « Amazones » par analogie avec la mythologie grecque.
3. Organisation, recrutement et entraînement
Recrutement
Les recrues proviennent souvent :
d’enfants d’esclaves,
de filles issues de villages sous contrôle du Dahomey,
ou de femmes volontaires.
Tous les trois ans, un conseil de révision sélectionne les jeunes filles présentées au roi.
Une fois intégrées, elles deviennent Ahosi (« femmes du roi ») et appartiennent à son harem militaire.
Règles et interdits
Elles vivent dans un camp fermé, sous autorité féminine.
Le mariage et la maternité leur sont interdits.
Beaucoup sont vierges, mais des relations sexuelles ont existé et pouvaient être punies de mort.
Certaines subissent l’excision pour diminuer leur désir sexuel ou ingèrent des liqueurs contraceptives.
Elles prononcent parfois un vœu de célibat devant la divinité Dewin.
Structure militaire
Le corps comprend deux grands ensembles :
Aligossi — défense du palais et protection rapprochée du roi.
Djadokpo — avant-garde de l’armée lors des guerres.
Les bataillons sont spécialisés :
Agbaraya — armées de tromblons
Gbeto — chasse à l’éléphant
Nyckphehthentok — équarrissage
Galamentoh — fusils Winchester
Archères — flèches empoisonnées
La hiérarchie compte :
des officières (Gahu),
des sous-officières (Awhouangan),
des soldates.
Entraînement
Intense, brutal et continu :
exercices de combat,
maniement d’armes,
traversée d’obstacles d’épines,
lutte contre un taureau à mains nues,
ingestion de substances excitantes et analgésiques avant les batailles.
Leur principe stratégique : tuer sans craindre la mort.
Razzias et guerres
Elles mènent des razzias pour capturer esclaves et nouvelles recrues.
Les prisonniers capturés sont souvent décapités.
4. Les Amazones face à la France (1890–1894)
Première et seconde guerre du Dahomey
À partir de 1890, le roi Béhanzin affronte la France.
Pendant la seconde guerre (1892), les Français sont surpris par des troupes féminines armées de carabines Winchester.
La résistance dahoméenne est féroce : attaques de guérilla, combats rapprochés, techniques de roulade pour passer sous les baïonnettes.
Supériorité française et défaite
Les Français mobilisent :
la Légion étrangère,
des mitrailleuses,
la cavalerie,
l’infanterie de marine.
→ Malgré leur courage décrit comme « incroyable » par les légionnaires, les Amazones sont décimées.
Dissolution
Après l’instauration du protectorat français en 1894, le roi Agoli-Agbo dissout officiellement le corps des Mino.
5. Héritage et mémoire
La dernière Amazone : Nawi
La dernière survivante connue, Nawi, a été rencontrée en 1978 par un historien au village de Kinta. Elle affirmait avoir combattu contre les Français en 1892 et est décédée en 1979, à plus de 100 ans.
Mémoire contemporaine
Les Amazones du Dahomey restent un symbole puissant de :
force féminine,
organisation militaire africaine,
résistance dahoméenne.
Malgré leur rôle parfois violent dans les razzias et les guerres, elles sont aujourd’hui réhabilitées comme figures d’émancipation féminine et d’exemplarité historique.
À Abomey, un musée est prévu en l’honneur de la reine Tasi Hangbè, considérée comme la créatrice du corps des Amazones.
Leur courage et leur histoire ont inspiré le film The Woman King (2022), qui raconte l’épopée des Mino et leur chef Nanisca.
Le Monument de l’Amazone à Cotonou
Située sur le Boulevard de la Marina dans le 12ᵉ arrondissement de Cotonou, la Place de l’Amazone accueille une imposante statue érigée en hommage aux Amazones du Dahomey.
La statue, appelée Monument Amazone, mesure 30 mètres de hauteur, pèse 150 tonnes et repose sur un tertre.
Réalisée en structure métallique recouverte de bronze par Li Xiangqun, elle représente une jeune guerrière armée d’un fusil et d’une épée, tête levée en signe de victoire.
Inaugurée le 30 juillet 2022 par le président de la République du Bénin, Patrice Talon, elle est la seconde statue la plus grande d’Afrique et symbolise le courage et la mémoire des Amazones.
Le projet vise également à donner une nouvelle identité visuelle au Bénin et à rendre hommage à ces femmes guerrières au cœur de l’ancien Dahomey.
6. 
• Hippotrague, Voyage au Bénin — Agoodjié, https://www.hippotrague.com/Voyage-au-Benin-blog/post/Histoire-Dahomey-Benin-amazone-femme","• Wikipédia (FR) — Amazones du Dahomey / Agodjié, https://fr.wikipedia.org/wiki/Amazones_du_Dahomey",1,1,"Amazones du Dahomey — Les Mino / Agodjié
Corps militaire féminin du Royaume du Dahomey (XVIIᵉ–XIXᵉ siècle)
1. Résumé
Les Mino — aussi appelées Agodjié, Ahosi, Agojie ou surnommées « Amazones du Dahomey » par les Européens — constituent l’un des corps militaires féminins les plus célèbres de l’histoire africaine. Originaires du royaume du Dahomey (actuel Bénin), elles ont existé du XVIIᵉ siècle jusqu’à la fin du XIXᵉ siècle. Formées, disciplinées et redoutées, elles occupaient un rôle stratégique au sein de l’armée royale, notamment sous les règnes d’Agadja, Ghézo, Glèlè et Béhanzin.
À leur apogée, elles comptent 4 000 à 6 000 guerrières, soit près d’un tiers de l’armée dahoméenne.
Elles furent dissoutes en 1894, après la défaite du Dahomey face à la France, mais leur mémoire reste puissante dans la culture béninoise contemporaine.
2. Histoire et origines
Les débuts : chasseuses et gardes royales
La formation du premier groupe féminin remonte au règne du roi Houégbadja (1645–1685), considéré comme l’initiateur du corps originel des Gbeto, femmes spécialisées dans la chasse à l’éléphant.
Ces premières guerrières sont ensuite entraînées à devenir gardes du corps royales.
La reine Tasi Hangbè : fondatrice du corps combattant
Tasi Hangbè, sœur jumelle du roi Akaba, règne de 1708 à 1711 après la mort de celui-ci.
C’est elle qui transforme les groupes féminins existants en véritable régiment armé, intégré à l’armée du royaume.
Elle mène elle-même une campagne militaire contre les Ouéménou, travestie en son frère Akaba pour galvaniser les troupes.
Effacée par les récits officiels sous Agadja, son rôle est aujourd’hui réhabilité comme central dans la création des Agodjié.
Du XVIIIᵉ au XIXᵉ siècle : ascension d’un corps d’élite
Le roi Agadja (1708–1732) développe la garde féminine en une force militaire redoutable et l’utilise dans la conquête du royaume Houéda en 1727.
Au XIXᵉ siècle, sous Ghézo (1818–1858), le Dahomey se militarise fortement.
Le roi restructure l’armée, augmente son budget et équipe les Agodjié d’armes modernes, dont des fusils danois obtenus par le commerce des esclaves.
Sous son règne, les Amazones atteignent 4 000 à 6 000 membres.
Identité et perception
Le nom Mino signifie « nos mères » en fon, un titre donné par les soldats masculins.
Les Européens, stupéfaits de rencontrer une armée féminine organisée, les surnomment « Amazones » par analogie avec la mythologie grecque.
3. Organisation, recrutement et entraînement
Recrutement
Les recrues proviennent souvent :
d’enfants d’esclaves,
de filles issues de villages sous contrôle du Dahomey,
ou de femmes volontaires.
Tous les trois ans, un conseil de révision sélectionne les jeunes filles présentées au roi.
Une fois intégrées, elles deviennent Ahosi (« femmes du roi ») et appartiennent à son harem militaire.
Règles et interdits
Elles vivent dans un camp fermé, sous autorité féminine.
Le mariage et la maternité leur sont interdits.
Beaucoup sont vierges, mais des relations sexuelles ont existé et pouvaient être punies de mort.
Certaines subissent l’excision pour diminuer leur désir sexuel ou ingèrent des liqueurs contraceptives.
Elles prononcent parfois un vœu de célibat devant la divinité Dewin.
Structure militaire
Le corps comprend deux grands ensembles :
Aligossi — défense du palais et protection rapprochée du roi.
Djadokpo — avant-garde de l’armée lors des guerres.
Les bataillons sont spécialisés :
Agbaraya — armées de tromblons
Gbeto — chasse à l’éléphant
Nyckphehthentok — équarrissage
Galamentoh — fusils Winchester
Archères — flèches empoisonnées
La hiérarchie compte :
des officières (Gahu),
des sous-officières (Awhouangan),
des soldates.
Entraînement
Intense, brutal et continu :
exercices de combat,
maniement d’armes,
traversée d’obstacles d’épines,
lutte contre un taureau à mains nues,
ingestion de substances excitantes et analgésiques avant les batailles.
Leur principe stratégique : tuer sans craindre la mort.
Razzias et guerres
Elles mènent des razzias pour capturer esclaves et nouvelles recrues.
Les prisonniers capturés sont souvent décapités.
4. Les Amazones face à la France (1890–1894)
Première et seconde guerre du Dahomey
À partir de 1890, le roi Béhanzin affronte la France.
Pendant la seconde guerre (1892), les Français sont surpris par des troupes féminines armées de carabines Winchester.
La résistance dahoméenne est féroce : attaques de guérilla, combats rapprochés, techniques de roulade pour passer sous les baïonnettes.
Supériorité française et défaite
Les Français mobilisent :
la Légion étrangère,
des mitrailleuses,
la cavalerie,
l’infanterie de marine.
→ Malgré leur courage décrit comme « incroyable » par les légionnaires, les Amazones sont décimées.
Dissolution
Après l’instauration du protectorat français en 1894, le roi Agoli-Agbo dissout officiellement le corps des Mino.
5. Héritage et mémoire
La dernière Amazone : Nawi
La dernière survivante connue, Nawi, a été rencontrée en 1978 par un historien au village de Kinta. Elle affirmait avoir combattu contre les Français en 1892 et est décédée en 1979, à plus de 100 ans.
Mémoire contemporaine
Les Amazones du Dahomey restent un symbole puissant de :
force féminine,
organisation militaire africaine,
résistance dahoméenne.
Malgré leur rôle parfois violent dans les razzias et les guerres, elles sont aujourd’hui réhabilitées comme figures d’émancipation féminine et d’exemplarité historique.
À Abomey, un musée est prévu en l’honneur de la reine Tasi Hangbè, considérée comme la créatrice du corps des Amazones.
Leur courage et leur histoire ont inspiré le film The Woman King (2022), qui raconte l’épopée des Mino et leur chef Nanisca.
Le Monument de l’Amazone à Cotonou
Située sur le Boulevard de la Marina dans le 12ᵉ arrondissement de Cotonou, la Place de l’Amazone accueille une imposante statue érigée en hommage aux Amazones du Dahomey.
La statue, appelée Monument Amazone, mesure 30 mètres de hauteur, pèse 150 tonnes et repose sur un tertre.
Réalisée en structure métallique recouverte de bronze par Li Xiangqun, elle représente une jeune guerrière armée d’un fusil et d’une épée, tête levée en signe de victoire.
Inaugurée le 30 juillet 2022 par le président de la République du Bénin, Patrice Talon, elle est la seconde statue la plus grande d’Afrique et symbolise le courage et la mémoire des Amazones.
Le projet vise également à donner une nouvelle identité visuelle au Bénin et à rendre hommage à ces femmes guerrières au cœur de l’ancien Dahomey.
6. 
• Hippotrague, Voyage au Bénin — Agoodjié, https://www.hippotrague.com/Voyage-au-Benin-blog/post/Histoire-Dahomey-Benin-amazone-femme

=== SOURCES ===
• Wikipédia (FR) — Amazones du Dahomey / Agodjié, https://fr.wikipedia.org/wiki/Amazones_du_Dahomey",6620,1010,99,10,6719,1020,True,True,5,Amazones_du_Dahomey.jpg|||Amazones_du_Dahomey_2.jpg|||La_statue_de_l_Amazone_érigée_à_Cotonou.jpg|||Une_image_des_amazones_extraite_du_film_The_Woman_King.jpg|||image_des_amazones_extraite_du_film_The_Woman_King.jpg,Donnees_soutenance\Abomey\Les Amazones du Dahomey\Amazones_du_Dahomey.docx,Donnees_soutenance\Abomey\Les Amazones du Dahomey,Les Amazones du Dahomey/Amazones_du_Dahomey.docx,"{'source_name': 'Wikipédia (FR)', 'description': 'Amazones du Dahomey / Agodjié', 'url': 'https://fr.wikipedia.org/wiki/Amazones_du_Dahomey', 'source_type': 'wikipédia', 'raw_text': '• Wikipédia (FR) — Amazones du Dahomey / Agodjié, https://fr.wikipedia.org/wiki/Amazones_du_Dahomey'}",https://fr.wikipedia.org/wiki/Amazones_du_Dahomey,Amazones_du_Dahomey.jpg | Amazones_du_Dahomey_2.jpg | La_statue_de_l_Amazone_érigée_à_Cotonou.jpg | Une_image_des_amazones_extraite_du_film_The_Woman_King.jpg | image_des_amazones_extraite_du_film_The_Woman_King.jpg
Abomey,Présentation d’Abomey,Culture_Abomey.docx,Culture_Abomey.docx,Culture Abomey,"Culture et patrimoine d’Abomey
Religions pratiquées
Sur le plateau d’Abomey, plusieurs religions coexistent, mais la principale religion endogène est le vaudou. Cette religion constitue un système cohérent et hiérarchisé de croyances, de rituels et de pratiques. Elle repose sur la reconnaissance de la diversité des hommes et sur leurs liens étroits avec les composantes fondamentales de la nature. Le vaudou assure également une continuité entre les générations par l’intermédiaire de ceux qui transmettent la tradition, même après leur mort.
Sa vocation est de maintenir l’harmonie entre individus, groupes sociaux et environnement naturel. En visualisant les forces présentes, il facilite le respect mutuel et l’équilibre entre ces forces. Les pratiques vaudou permettent d’identifier, diriger, exploiter ou neutraliser ces forces par l’intermédiaire des divinités et des ancêtres, en utilisant un art divinatoire appelé le « Fâ ».
Cette religion s’est installée à Abomey sous le règne du roi Agadja, dont une des épouses était d’origine nago, un sous-groupe des Yoruba. Le royaume d’Abomey pratiquait également des cultes ancestraux, comme le culte des Egun, typique des Yoruba mais découragé par les Fons. Par ailleurs, comme pour d’autres cultes traditionnels, le vaudou a été diabolisé par les missionnaires et les Églises chrétiennes, principalement catholiques, dans la région. Aujourd’hui encore, le culte reste au cœur de compromis et de dynamiques identitaires, en lien avec l’histoire du système esclavagiste fon.
Musée historique d’Abomey
Le musée historique d’Abomey, situé dans l’enceinte des palais royaux, a été conçu pour préserver la mémoire du royaume. Jusqu’à une date récente, ses collections n’avaient jamais fait l’objet d’un inventaire systématique. En 1995, un inventaire a recensé 1 050 objets, comprenant des autels portatifs ou assins en métal, des textiles, un siège en bois et d’autres attributs royaux. Ces collections ont été classées en quatre périodes et deux séries, permettant de mieux organiser et comprendre l’histoire matérielle du royaume.
Le musée a bénéficié du soutien de partenaires internationaux, notamment l’ICCROM (Centre international d'études pour la conservation et la restauration des biens culturels), dans le cadre du programme PREMA mené avec le ministère italien des Affaires étrangères et l’Institute Getty de Conservation (GCI) dans les années 1990-2000. Ces actions visaient à former les techniciens de musées de la sous-région, à améliorer la documentation et la conservation préventive, et à réorganiser l’exposition permanente.
Objets du royaume d’Abomey à l’international
Après la chute du roi Béhanzin, certains objets royaux ont été récupérés, dispersés et exposés dans des musées à travers le monde. Parmi eux :
Le musée du Quai Branly, qui possède des objets acquis lors de l’arrestation de Béhanzin et après sa mort, dont le trône prélevé par le général Dodds.
Le musée du Trocadéro, où Édouard Foà fit don d’objets et où Georges Waterlot exposa une collection de moulages. Ces moulages furent présentés dans l’escalier de l’aile Passy et pour partie conservés dans les murs du sous-sol du musée.
En tout, une trentaine d’objets provenant du palais du roi Béhanzin témoignent de sa suprématie et de son pouvoir à l’époque.
Palais et sites royaux
Les palais royaux d’Abomey, inscrits au patrimoine mondial de l’UNESCO en 1985, sont un lieu central de l’histoire, de la culture vivante et du tourisme au Bénin. Le site couvre 47 hectares et comprend dix palais, certains construits côte à côte, d’autres en extension de palais existants.
Les palais des rois Ghézo et Glèlè abritent aujourd’hui le musée historique, où l’on peut voir des sièges royaux, des bas-reliefs, des statuettes et des objets cultuels vaudous. L’organisation spatiale des palais témoigne de la hiérarchie et des pratiques royales : chaque palais est structuré autour de cours destinées à des cérémonies spécifiques et à des rituels d’intronisation.
Ces palais, vestiges d’un passé glorieux sur les plans politique, économique et religieux, permettent de comprendre l’importance et la puissance du royaume d’Abomey. Leur architecture, les rites et les cérémonies qui y sont encore pratiqués constituent des témoins vivants de la culture et de l’histoire de la région.","Wikipédia (FR) — Abomey, https://fr.wikipedia.org/wiki/Abomey",1,1,"Culture et patrimoine d’Abomey
Religions pratiquées
Sur le plateau d’Abomey, plusieurs religions coexistent, mais la principale religion endogène est le vaudou. Cette religion constitue un système cohérent et hiérarchisé de croyances, de rituels et de pratiques. Elle repose sur la reconnaissance de la diversité des hommes et sur leurs liens étroits avec les composantes fondamentales de la nature. Le vaudou assure également une continuité entre les générations par l’intermédiaire de ceux qui transmettent la tradition, même après leur mort.
Sa vocation est de maintenir l’harmonie entre individus, groupes sociaux et environnement naturel. En visualisant les forces présentes, il facilite le respect mutuel et l’équilibre entre ces forces. Les pratiques vaudou permettent d’identifier, diriger, exploiter ou neutraliser ces forces par l’intermédiaire des divinités et des ancêtres, en utilisant un art divinatoire appelé le « Fâ ».
Cette religion s’est installée à Abomey sous le règne du roi Agadja, dont une des épouses était d’origine nago, un sous-groupe des Yoruba. Le royaume d’Abomey pratiquait également des cultes ancestraux, comme le culte des Egun, typique des Yoruba mais découragé par les Fons. Par ailleurs, comme pour d’autres cultes traditionnels, le vaudou a été diabolisé par les missionnaires et les Églises chrétiennes, principalement catholiques, dans la région. Aujourd’hui encore, le culte reste au cœur de compromis et de dynamiques identitaires, en lien avec l’histoire du système esclavagiste fon.
Musée historique d’Abomey
Le musée historique d’Abomey, situé dans l’enceinte des palais royaux, a été conçu pour préserver la mémoire du royaume. Jusqu’à une date récente, ses collections n’avaient jamais fait l’objet d’un inventaire systématique. En 1995, un inventaire a recensé 1 050 objets, comprenant des autels portatifs ou assins en métal, des textiles, un siège en bois et d’autres attributs royaux. Ces collections ont été classées en quatre périodes et deux séries, permettant de mieux organiser et comprendre l’histoire matérielle du royaume.
Le musée a bénéficié du soutien de partenaires internationaux, notamment l’ICCROM (Centre international d'études pour la conservation et la restauration des biens culturels), dans le cadre du programme PREMA mené avec le ministère italien des Affaires étrangères et l’Institute Getty de Conservation (GCI) dans les années 1990-2000. Ces actions visaient à former les techniciens de musées de la sous-région, à améliorer la documentation et la conservation préventive, et à réorganiser l’exposition permanente.
Objets du royaume d’Abomey à l’international
Après la chute du roi Béhanzin, certains objets royaux ont été récupérés, dispersés et exposés dans des musées à travers le monde. Parmi eux :
Le musée du Quai Branly, qui possède des objets acquis lors de l’arrestation de Béhanzin et après sa mort, dont le trône prélevé par le général Dodds.
Le musée du Trocadéro, où Édouard Foà fit don d’objets et où Georges Waterlot exposa une collection de moulages. Ces moulages furent présentés dans l’escalier de l’aile Passy et pour partie conservés dans les murs du sous-sol du musée.
En tout, une trentaine d’objets provenant du palais du roi Béhanzin témoignent de sa suprématie et de son pouvoir à l’époque.
Palais et sites royaux
Les palais royaux d’Abomey, inscrits au patrimoine mondial de l’UNESCO en 1985, sont un lieu central de l’histoire, de la culture vivante et du tourisme au Bénin. Le site couvre 47 hectares et comprend dix palais, certains construits côte à côte, d’autres en extension de palais existants.
Les palais des rois Ghézo et Glèlè abritent aujourd’hui le musée historique, où l’on peut voir des sièges royaux, des bas-reliefs, des statuettes et des objets cultuels vaudous. L’organisation spatiale des palais témoigne de la hiérarchie et des pratiques royales : chaque palais est structuré autour de cours destinées à des cérémonies spécifiques et à des rituels d’intronisation.
Ces palais, vestiges d’un passé glorieux sur les plans politique, économique et religieux, permettent de comprendre l’importance et la puissance du royaume d’Abomey. Leur architecture, les rites et les cérémonies qui y sont encore pratiqués constituent des témoins vivants de la culture et de l’histoire de la région.

=== SOURCES ===
Wikipédia (FR) — Abomey, https://fr.wikipedia.org/wiki/Abomey",4307,654,61,5,4368,659,True,True,0,Aucune,Donnees_soutenance\Abomey\Présentation d’Abomey\Culture_Abomey.docx,Donnees_soutenance\Abomey\Présentation d’Abomey,Présentation d’Abomey/Culture_Abomey.docx,"{'source_name': '', 'description': 'Wikipédia (FR) — Abomey, https://fr.wikipedia.org/wiki/Abomey', 'url': '', 'source_type': 'texte', 'raw_text': 'Wikipédia (FR) — Abomey, https://fr.wikipedia.org/wiki/Abomey'}",https://fr.wikipedia.org/wiki/Abomey,
Abomey,Présentation d’Abomey,Histoire_Abomey.docx,Histoire_Abomey.docx,Histoire Abomey,"Histoire du Royaume du Dahomey
1. Origines et fondation du royaume (1625)
Selon la tradition, Abomey — appelée Danhomé en langue fon — fut fondée en 1625 et devint l’ancienne capitale du puissant royaume du Dahomey. Les origines de ce royaume restent entourées de mystère, entre histoire et légende.
L’un des récits fondateurs raconte qu’une princesse du royaume de Tado, situé dans l’actuel Togo, fut fécondée par un léopard alors qu’elle se rendait dans la brousse. De cette union hors du commun serait né Agassou, ancêtre mythique et fondateur du clan des Agassouvi.
Dès ses débuts, le royaume se distingue par son organisation militaire exceptionnelle. Il s’étend progressivement vers la côte, où s’effectuent le commerce des armes et la traite des esclaves, et finit même par conquérir le royaume d’Allada, qui se reconstitue alors à Porto-Novo.
Entre 1625 et 1900, douze rois se succèdent sur le trône. À l’exception du roi Houessou Akaba, chacun d’eux construit son palais au sein d’un enclos entouré de murs en pisé, tout en conservant fidèlement les caractéristiques architecturales héritées de ses prédécesseurs.
2. Les rivalités internes et l'affirmation du pouvoir royal
Après la fondation du royaume, de violentes querelles de succession éclatent. Rivalités entre clans, affrontements armés et exils forcés marquent ainsi l’histoire des premiers rois du Dahomey, période durant laquelle les Portugais entrent en contact avec la région dès le XVIᵉ siècle.
C’est pourtant au début du XVIIᵉ siècle que Houegbadja est reconnu comme le véritable fondateur politique du Danhomè. Il dote le royaume d’un ensemble de quarante-et-une lois, instaure une structure administrative solide à vocation politico-religieuse et établit sa capitale sur le plateau vallonné d’Abomey. Sous son règne, le Dahomey adopte une idéologie résolument expansionniste et renforce continuellement sa puissance militaire afin de dominer ses voisins.
3. Expansion territoriale et consolidation du royaume
À la mort de Houegbadja, son fils Yangodo s’intéresse au royaume du roi Dan, petit État qu’il finit par vaincre. Après lui avoir tranché la tête, il fait déposer son corps mutilé dans les fondations de son futur palais. Cette action violente donne son nom au Danhomè, qui signifie littéralement « sur le ventre de Dan ».
Yangodo devient roi sous le nom d’Akaba. Il poursuit les rituels destinés à honorer les ancêtres royaux, traditions initiées par son père. Le royaume continue alors de fasciner ou d’inquiéter, apparaissant pour certains comme farouche, et pour d'autres comme une puissance convoitée.
Son frère Agadja lui succède et mène de vastes campagnes militaires. Il conquiert plusieurs royaumes voisins, dont Ouidah, future plateforme stratégique de la traite négrière en Afrique de l’Ouest. Les souverains d’Abomey accordent alors des postes de commerce aux Européens, qui finiront pourtant par se retourner contre eux.
4. Relations avec l’Europe et tensions autour de l’esclavage
Malgré la condamnation internationale de l’esclavage, le roi Glèlè — tout comme son père Ghézo avant lui — refuse d’abandonner le commerce des esclaves et les sacrifices humains. Lorsque l’explorateur britannique Richard Burton lui demande de mettre fin à la traite, Glèlè lui rétorque que cette pratique fut instaurée par les Européens eux-mêmes.
La mort de Glèlè et l’accession de son fils Béhanzin accélèrent les tensions avec les puissances coloniales. Les Français, déterminés à soumettre le royaume, engagent une série d’offensives.
5. La chute du royaume et l’exil de Béhanzin
Face à la menace française, le roi Béhanzin tente une attaque préventive, mais la supériorité militaire française l’oblige à reculer. Contraint à l’abdication, il se replie vers le nord d’Abomey. Avant de fuir, il incendie son propre palais pour éviter qu’il ne tombe intact aux mains de l’ennemi. Les trésors royaux sont alors dispersés.
Béhanzin finit par se rendre au général Dodds le 25 janvier 1894. Destitué, il est envoyé en exil, d’abord en Martinique puis en Algérie, où il meurt une douzaine d’années plus tard.
Les palais royaux d’Abomey demeurent aujourd’hui le témoignage exceptionnel de l’un des plus grands royaumes d’Afrique de l’Ouest, dont la grandeur a marqué l’histoire jusqu’à sa chute à la fin du XIXᵉ siècle.","Wikipédia (FR) — Abomey, https://fr.wikipedia.org/wiki/Abomey",1,1,"Histoire du Royaume du Dahomey
1. Origines et fondation du royaume (1625)
Selon la tradition, Abomey — appelée Danhomé en langue fon — fut fondée en 1625 et devint l’ancienne capitale du puissant royaume du Dahomey. Les origines de ce royaume restent entourées de mystère, entre histoire et légende.
L’un des récits fondateurs raconte qu’une princesse du royaume de Tado, situé dans l’actuel Togo, fut fécondée par un léopard alors qu’elle se rendait dans la brousse. De cette union hors du commun serait né Agassou, ancêtre mythique et fondateur du clan des Agassouvi.
Dès ses débuts, le royaume se distingue par son organisation militaire exceptionnelle. Il s’étend progressivement vers la côte, où s’effectuent le commerce des armes et la traite des esclaves, et finit même par conquérir le royaume d’Allada, qui se reconstitue alors à Porto-Novo.
Entre 1625 et 1900, douze rois se succèdent sur le trône. À l’exception du roi Houessou Akaba, chacun d’eux construit son palais au sein d’un enclos entouré de murs en pisé, tout en conservant fidèlement les caractéristiques architecturales héritées de ses prédécesseurs.
2. Les rivalités internes et l'affirmation du pouvoir royal
Après la fondation du royaume, de violentes querelles de succession éclatent. Rivalités entre clans, affrontements armés et exils forcés marquent ainsi l’histoire des premiers rois du Dahomey, période durant laquelle les Portugais entrent en contact avec la région dès le XVIᵉ siècle.
C’est pourtant au début du XVIIᵉ siècle que Houegbadja est reconnu comme le véritable fondateur politique du Danhomè. Il dote le royaume d’un ensemble de quarante-et-une lois, instaure une structure administrative solide à vocation politico-religieuse et établit sa capitale sur le plateau vallonné d’Abomey. Sous son règne, le Dahomey adopte une idéologie résolument expansionniste et renforce continuellement sa puissance militaire afin de dominer ses voisins.
3. Expansion territoriale et consolidation du royaume
À la mort de Houegbadja, son fils Yangodo s’intéresse au royaume du roi Dan, petit État qu’il finit par vaincre. Après lui avoir tranché la tête, il fait déposer son corps mutilé dans les fondations de son futur palais. Cette action violente donne son nom au Danhomè, qui signifie littéralement « sur le ventre de Dan ».
Yangodo devient roi sous le nom d’Akaba. Il poursuit les rituels destinés à honorer les ancêtres royaux, traditions initiées par son père. Le royaume continue alors de fasciner ou d’inquiéter, apparaissant pour certains comme farouche, et pour d'autres comme une puissance convoitée.
Son frère Agadja lui succède et mène de vastes campagnes militaires. Il conquiert plusieurs royaumes voisins, dont Ouidah, future plateforme stratégique de la traite négrière en Afrique de l’Ouest. Les souverains d’Abomey accordent alors des postes de commerce aux Européens, qui finiront pourtant par se retourner contre eux.
4. Relations avec l’Europe et tensions autour de l’esclavage
Malgré la condamnation internationale de l’esclavage, le roi Glèlè — tout comme son père Ghézo avant lui — refuse d’abandonner le commerce des esclaves et les sacrifices humains. Lorsque l’explorateur britannique Richard Burton lui demande de mettre fin à la traite, Glèlè lui rétorque que cette pratique fut instaurée par les Européens eux-mêmes.
La mort de Glèlè et l’accession de son fils Béhanzin accélèrent les tensions avec les puissances coloniales. Les Français, déterminés à soumettre le royaume, engagent une série d’offensives.
5. La chute du royaume et l’exil de Béhanzin
Face à la menace française, le roi Béhanzin tente une attaque préventive, mais la supériorité militaire française l’oblige à reculer. Contraint à l’abdication, il se replie vers le nord d’Abomey. Avant de fuir, il incendie son propre palais pour éviter qu’il ne tombe intact aux mains de l’ennemi. Les trésors royaux sont alors dispersés.
Béhanzin finit par se rendre au général Dodds le 25 janvier 1894. Destitué, il est envoyé en exil, d’abord en Martinique puis en Algérie, où il meurt une douzaine d’années plus tard.
Les palais royaux d’Abomey demeurent aujourd’hui le témoignage exceptionnel de l’un des plus grands royaumes d’Afrique de l’Ouest, dont la grandeur a marqué l’histoire jusqu’à sa chute à la fin du XIXᵉ siècle.

=== SOURCES ===
Wikipédia (FR) — Abomey, https://fr.wikipedia.org/wiki/Abomey",4293,666,61,5,4354,671,True,True,0,Aucune,Donnees_soutenance\Abomey\Présentation d’Abomey\Histoire_Abomey.docx,Donnees_soutenance\Abomey\Présentation d’Abomey,Présentation d’Abomey/Histoire_Abomey.docx,"{'source_name': '', 'description': 'Wikipédia (FR) — Abomey, https://fr.wikipedia.org/wiki/Abomey', 'url': '', 'source_type': 'texte', 'raw_text': 'Wikipédia (FR) — Abomey, https://fr.wikipedia.org/wiki/Abomey'}",https://fr.wikipedia.org/wiki/Abomey,
Abomey,Présentation d’Abomey,Presentation_generale_Abomey.docx,Presentation_generale_Abomey.docx,Presentation generale Abomey,"Présentation générale d’Abomey
Abomey est une ville et une commune du sud de la République du Bénin, située à 145 km de Cotonou, qui est la préfecture du département du Zou, dont elle est le chef-lieu. Fondée au XVIIe siècle par le roi Houégbadja c'est la capitale historique de l'ancien royaume du Dahomey de 1625 à 1894. Cette ville a gardé de cette époque un ensemble de palais royaux inscrits au patrimoine mondial de l'humanité par l’UNESCO. Elle est située à environ une centaine de kilomètres à l'intérieur des terres. Au cœur de la cité, les Palais Royaux sont un témoin matériel majeur de cette civilisation.","Wikipédia (FR) — Abomey, https://fr.wikipedia.org/wiki/Abomey",1,1,"Présentation générale d’Abomey
Abomey est une ville et une commune du sud de la République du Bénin, située à 145 km de Cotonou, qui est la préfecture du département du Zou, dont elle est le chef-lieu. Fondée au XVIIe siècle par le roi Houégbadja c'est la capitale historique de l'ancien royaume du Dahomey de 1625 à 1894. Cette ville a gardé de cette époque un ensemble de palais royaux inscrits au patrimoine mondial de l'humanité par l’UNESCO. Elle est située à environ une centaine de kilomètres à l'intérieur des terres. Au cœur de la cité, les Palais Royaux sont un témoin matériel majeur de cette civilisation.

=== SOURCES ===
Wikipédia (FR) — Abomey, https://fr.wikipedia.org/wiki/Abomey",617,106,61,5,678,111,True,True,0,Aucune,Donnees_soutenance\Abomey\Présentation d’Abomey\Presentation_generale_Abomey.docx,Donnees_soutenance\Abomey\Présentation d’Abomey,Présentation d’Abomey/Presentation_generale_Abomey.docx,"{'source_name': '', 'description': 'Wikipédia (FR) — Abomey, https://fr.wikipedia.org/wiki/Abomey', 'url': '', 'source_type': 'texte', 'raw_text': 'Wikipédia (FR) — Abomey, https://fr.wikipedia.org/wiki/Abomey'}",https://fr.wikipedia.org/wiki/Abomey,
Abomey,Lieux historiques et monuments d'Abomey,Musée historique d’Abomey,Musée_historique_Abomey.docx,Musée historique Abomey,"Musée historique d’Abomey
Palais royaux d’Abomey — Patrimoine mondial de l’UNESCO (1985)
1. Résumé
Le Musée historique d’Abomey, installé au cœur des anciens palais royaux du Danxomè, constitue l’un des plus grands ensembles patrimoniaux du Bénin. Situé sur un site de 47,6 hectares, inscrit au patrimoine mondial de l’UNESCO depuis 1985, il conserve l’histoire politique, religieuse, militaire et artistique du royaume d’Agbomè (Dahomey).
De 1625 à 1900, douze rois se succédèrent à la tête du royaume, chacun édifiant son palais à l’intérieur de l’enceinte royale, à l’exception du roi Akaba, dont le palais est séparé par une voie principale de la ville.
Le musée s’étend actuellement sur 10 hectares et comprend deux départements, dont l’un, inauguré en 2004, est entièrement consacré au roi Béhanzin, dernier souverain indépendant du Danxomè.
Les palais de Ghézo et de Glèlè abritent les collections principales du musée, témoignages majeurs de la civilisation fon et de la symbolique royale.
2. Histoire complète du site et du musée
Origines traditionnelles du royaume
La tradition fait remonter l’origine des peuples fon à Tado, ancienne cité royale située près du fleuve Mono. À la suite de discordes internes, les descendants d’Agassou migrèrent et donnèrent naissance à plusieurs royaumes :
Allada,
Ajacè (Porto-Novo) fondé par Awesu/Tê Agbanlin,
le groupe Guédévi, vers Bohicon.
C’est dans ce contexte que Aho Houégbadja, petit-fils de Dogbali, fonde le royaume d’Agbomè et fait édifier son palais. Ses successeurs agrandissent progressivement l’ensemble palatial, qui atteint 44 ha au XIXᵉ siècle, puis 47 ha après réévaluation.
Développement du royaume et organisation palatiale
Entre 1625 et 1900, les douze rois du Danxomè bâtissent leurs palais selon les principes Aja-Fon, reprenant à chaque règne :
les matériaux traditionnels (terre de barre, bois, paille, eau),
les techniques ancestrales,
une organisation en trois cours hiérarchisées : extérieure, intérieure, privée,
des bas-reliefs polychromes à forte valeur symbolique (guerres, exploits, mythes).
Dix palais principaux composent le site, parfois côte à côte ou superposés, et forment un vaste centre politique, administratif, militaire et spirituel.
Expansion, conflits et chute du royaume
Puissant et redouté, le Danxomè affronte de nombreux adversaires, notamment les royaumes nagots de Kétou et d’Oyo.
Un conflit majeur avec la France — lié aux droits de douane et aux ambitions coloniales — aboutit en 1892 à l’incendie volontaire des palais par le roi Béhanzin, afin d’éviter leur profanation. Une grande partie des archives et trésors disparaît.
Déporté en Martinique, Béhanzin laisse place à son frère Agoli-Agbo, intronisé en 1894.
Restauration et création du musée
Après l’exil d’Agoli-Agbo, les restaurations reprennent :
premiers travaux sous Agoli-Agbo lui-même,
reconstruction à partir de 1911 sous Edmond Chaudoin,
restauration renforcée sous le gouverneur Reste et le prince Justin Aho,
formalisation du musée en 1938,
rattachement à l’IFAN en 1943, officialisé par l’arrêté de 1944,
remplacement par l’IRAD après l’indépendance en 1961.
3. Collections et organisation actuelle
Un ensemble royal unique
Le musée conserve de nombreux édifices royaux, parmi lesquels :
les palais de Kpengla et Tegbessou à Adandokpodji,
les palais d’Agonglo et de Ghézo à Gbècon,
le palais de Glèlè à Djègbé,
le palais de Béhanzin à Djimè,
le palais d’Agoli-Agbo à Gbindo.
De plus, la ville d’Abomey compte plusieurs temples vodoun, étroitement liés à l’histoire du Danxomè.
Organisation muséale actuelle
Le musée regroupe deux départements principaux :
Le département historique (palais de Ghézo et Glèlè), cœur muséal depuis 1944.
Le département Béhanzin (2004), centre d’interprétation consacré à la vie, au règne et à la résistance du dernier roi.
4. Le classement UNESCO
Année d’inscription : 1985
Extension : 2007
Type : Culturel
Critères :
(iii) Témoignage exceptionnel d’une tradition culturelle
(iv) Exemple unique d’architecture palatiale africaine
Superficie classée : 47,6 ha
Zone tampon : 181,6 ha
Numéro : 323
Organisation du site : 10 palais, deux zones séparées (Akaba d’un côté ; Houégbadja et ses successeurs de l’autre)
Intégrité
Inventaire 1995 : 184 composantes identifiées et cartographiées
Réévaluation de la superficie : de 44 à 47 ha
Plus de la moitié restaurée avec l’appui de l’UNESCO, de l’État et des familles royales
Authenticité
L’authenticité repose sur :
la continuité des fonctions rituelles,
l’usage fidèle des matériaux traditionnels (terre de barre, bois, paille, eau),
la conservation des lieux sacrés (Djexo, Adoxo, etc.),
la perpétuation des cérémonies traditionnelles qui maintiennent l’esprit du site.
5. 
• UNESCO — Palais royaux d’Abomey, https://whc.unesco.org/fr/list/323 
• Benin-Sejours.com — Musée historique d’Abomey, https://benin-sejours.com/cultural-places/9","• Wikipédia (FR) — Musée historique d’Abomey, https://fr.wikipedia.org/wiki/Mus%C3%A9e_historique_d%27Abomey",1,1,"Musée historique d’Abomey
Palais royaux d’Abomey — Patrimoine mondial de l’UNESCO (1985)
1. Résumé
Le Musée historique d’Abomey, installé au cœur des anciens palais royaux du Danxomè, constitue l’un des plus grands ensembles patrimoniaux du Bénin. Situé sur un site de 47,6 hectares, inscrit au patrimoine mondial de l’UNESCO depuis 1985, il conserve l’histoire politique, religieuse, militaire et artistique du royaume d’Agbomè (Dahomey).
De 1625 à 1900, douze rois se succédèrent à la tête du royaume, chacun édifiant son palais à l’intérieur de l’enceinte royale, à l’exception du roi Akaba, dont le palais est séparé par une voie principale de la ville.
Le musée s’étend actuellement sur 10 hectares et comprend deux départements, dont l’un, inauguré en 2004, est entièrement consacré au roi Béhanzin, dernier souverain indépendant du Danxomè.
Les palais de Ghézo et de Glèlè abritent les collections principales du musée, témoignages majeurs de la civilisation fon et de la symbolique royale.
2. Histoire complète du site et du musée
Origines traditionnelles du royaume
La tradition fait remonter l’origine des peuples fon à Tado, ancienne cité royale située près du fleuve Mono. À la suite de discordes internes, les descendants d’Agassou migrèrent et donnèrent naissance à plusieurs royaumes :
Allada,
Ajacè (Porto-Novo) fondé par Awesu/Tê Agbanlin,
le groupe Guédévi, vers Bohicon.
C’est dans ce contexte que Aho Houégbadja, petit-fils de Dogbali, fonde le royaume d’Agbomè et fait édifier son palais. Ses successeurs agrandissent progressivement l’ensemble palatial, qui atteint 44 ha au XIXᵉ siècle, puis 47 ha après réévaluation.
Développement du royaume et organisation palatiale
Entre 1625 et 1900, les douze rois du Danxomè bâtissent leurs palais selon les principes Aja-Fon, reprenant à chaque règne :
les matériaux traditionnels (terre de barre, bois, paille, eau),
les techniques ancestrales,
une organisation en trois cours hiérarchisées : extérieure, intérieure, privée,
des bas-reliefs polychromes à forte valeur symbolique (guerres, exploits, mythes).
Dix palais principaux composent le site, parfois côte à côte ou superposés, et forment un vaste centre politique, administratif, militaire et spirituel.
Expansion, conflits et chute du royaume
Puissant et redouté, le Danxomè affronte de nombreux adversaires, notamment les royaumes nagots de Kétou et d’Oyo.
Un conflit majeur avec la France — lié aux droits de douane et aux ambitions coloniales — aboutit en 1892 à l’incendie volontaire des palais par le roi Béhanzin, afin d’éviter leur profanation. Une grande partie des archives et trésors disparaît.
Déporté en Martinique, Béhanzin laisse place à son frère Agoli-Agbo, intronisé en 1894.
Restauration et création du musée
Après l’exil d’Agoli-Agbo, les restaurations reprennent :
premiers travaux sous Agoli-Agbo lui-même,
reconstruction à partir de 1911 sous Edmond Chaudoin,
restauration renforcée sous le gouverneur Reste et le prince Justin Aho,
formalisation du musée en 1938,
rattachement à l’IFAN en 1943, officialisé par l’arrêté de 1944,
remplacement par l’IRAD après l’indépendance en 1961.
3. Collections et organisation actuelle
Un ensemble royal unique
Le musée conserve de nombreux édifices royaux, parmi lesquels :
les palais de Kpengla et Tegbessou à Adandokpodji,
les palais d’Agonglo et de Ghézo à Gbècon,
le palais de Glèlè à Djègbé,
le palais de Béhanzin à Djimè,
le palais d’Agoli-Agbo à Gbindo.
De plus, la ville d’Abomey compte plusieurs temples vodoun, étroitement liés à l’histoire du Danxomè.
Organisation muséale actuelle
Le musée regroupe deux départements principaux :
Le département historique (palais de Ghézo et Glèlè), cœur muséal depuis 1944.
Le département Béhanzin (2004), centre d’interprétation consacré à la vie, au règne et à la résistance du dernier roi.
4. Le classement UNESCO
Année d’inscription : 1985
Extension : 2007
Type : Culturel
Critères :
(iii) Témoignage exceptionnel d’une tradition culturelle
(iv) Exemple unique d’architecture palatiale africaine
Superficie classée : 47,6 ha
Zone tampon : 181,6 ha
Numéro : 323
Organisation du site : 10 palais, deux zones séparées (Akaba d’un côté ; Houégbadja et ses successeurs de l’autre)
Intégrité
Inventaire 1995 : 184 composantes identifiées et cartographiées
Réévaluation de la superficie : de 44 à 47 ha
Plus de la moitié restaurée avec l’appui de l’UNESCO, de l’État et des familles royales
Authenticité
L’authenticité repose sur :
la continuité des fonctions rituelles,
l’usage fidèle des matériaux traditionnels (terre de barre, bois, paille, eau),
la conservation des lieux sacrés (Djexo, Adoxo, etc.),
la perpétuation des cérémonies traditionnelles qui maintiennent l’esprit du site.
5. 
• UNESCO — Palais royaux d’Abomey, https://whc.unesco.org/fr/list/323 
• Benin-Sejours.com — Musée historique d’Abomey, https://benin-sejours.com/cultural-places/9

=== SOURCES ===
• Wikipédia (FR) — Musée historique d’Abomey, https://fr.wikipedia.org/wiki/Mus%C3%A9e_historique_d%27Abomey",4883,721,108,8,4991,729,True,True,7,"Abomey-Intérieure Musée Historique.jpg|||Entrée Musée Historique d'Abomey.jpg|||Entrée du Musée Historique.jpg|||Intérieure du Musée historique,Palais_du_roi_Agoli-Agbo.jpg|||Intérieure du Musée historique,Palais_du_roi_Kpengla.jpg|||Musée historique,les trônes des rois.jpg|||Musée_Historique,la cour et les palais royaux.jpg",Donnees_soutenance\Abomey\Lieux historiques et monuments d'Abomey\Musée historique d’Abomey\Musée_historique_Abomey.docx,Donnees_soutenance\Abomey\Lieux historiques et monuments d'Abomey\Musée historique d’Abomey,Lieux historiques et monuments d'Abomey/Musée historique d’Abomey,"{'source_name': 'Wikipédia (FR)', 'description': 'Musée historique d’Abomey', 'url': 'https://fr.wikipedia.org/wiki/Mus%C3%A9e_historique_d%27Abomey', 'source_type': 'wikipédia', 'raw_text': '• Wikipédia (FR) — Musée historique d’Abomey, https://fr.wikipedia.org/wiki/Mus%C3%A9e_historique_d%27Abomey'}",https://fr.wikipedia.org/wiki/Mus%C3%A9e_historique_d%27Abomey,"Abomey-Intérieure Musée Historique.jpg | Entrée Musée Historique d'Abomey.jpg | Entrée du Musée Historique.jpg | Intérieure du Musée historique,Palais_du_roi_Agoli-Agbo.jpg | Intérieure du Musée historique,Palais_du_roi_Kpengla.jpg | Musée historique,les trônes des rois.jpg | Musée_Historique,la cour et les palais royaux.jpg"
Abomey,Lieux historiques et monuments d'Abomey,Palais royaux d'Abomey,Palais_royaux_Abomey.docx,Palais royaux Abomey,"Palais royaux d’Abomey
Centre historique et architectural du Royaume du Dahomey – Patrimoine mondial de l’UNESCO
1. Résumé
Les palais royaux d’Abomey sont le témoignage matériel et symbolique du puissant royaume du Dahomey, qui s’affirma sur la côte ouest-africaine entre le milieu du XVIIᵉ siècle et 1900. Douze rois s’y succédèrent, chacun édifiant son palais à l’intérieur de l’enceinte royale, à l’exception du roi Akaba qui utilisa un enclos séparé. Ces constructions constituent un ensemble architectural exceptionnel, organisé selon les principes de la culture Aja-Fon, et sont aujourd’hui inscrites au patrimoine mondial de l’UNESCO. Les palais témoignent non seulement du pouvoir et de la hiérarchie du royaume, mais aussi de son savoir-faire technique et artisanal, tout en incarnant la mémoire d’une culture et d’une identité collective encore vivante.
2. Historique et rôle du site
Origines et développement
Le Royaume du Dahomey se développe à partir du règne de son fondateur, Houegbadja, qui pose le précepte selon lequel « le royaume doit toujours être fait plus grand ». De 1625 à 1900, douze rois se succèdent à Abomey, chacun édifiant son palais dans la continuité des architectures précédentes. Les palais sont le centre de la vie politique, économique et religieuse du royaume : lieu de décisions, dépôt des trésors, centre d’élaboration artisanale et scène des cérémonies traditionnelles.
Organisation et architecture
Les palais s’étendent sur une superficie totale de 47 hectares et se composent d’un ensemble de dix palais principaux, construits côte à côte ou superposés selon l’ordre de succession royale. Chaque palais est entouré de murailles en bauge et s’articule autour de trois cours hiérarchisées : extérieure, intérieure et privée. Les portails, construits à cheval sur les murs d’enceinte, assurent la circulation entre les cours tout en maintenant un contrôle strict de l’accès. Certains palais privés et résidences leurres complètent le dispositif, renforçant la sécurité et protégeant le souverain et ses sujets des attaques extérieures ou des rivalités internes.
Symbolique et décoration
Les façades des palais sont ornées de bas-reliefs polychromes, illustrant les exploits militaires, les légendes royales et les valeurs du royaume, notamment la résistance à la colonisation. L’iconographie reflète le pouvoir, la spiritualité et le prestige des rois, contribuant à la transmission des mémoires collectives et à la cohésion sociale.
3. Authenticité et conservation
Inventaire et restauration
Un inventaire réalisé en 1995, avec l’appui du Centre du patrimoine mondial, a recensé 184 composantes du site. Plus de la moitié de ces structures ont depuis été restaurées, conformément aux normes de conservation et avec le soutien de l’UNESCO, de l’État béninois et des familles royales. L’authenticité des palais repose sur l’usage continu de matériaux traditionnels (terre, bois, paille, eau) et sur le respect des techniques ancestrales, notamment pour les Djexo (cases abritant l’esprit du roi) et Adoxo (tombes royales).
Gestion et protection
La protection du site est assurée par la loi n°2007-20 portant sur le patrimoine culturel et naturel à caractère culturel, ainsi que par un règlement d’urbanisme pour la zone tampon autour du site. La gestion participative implique les familles royales, la mairie, l’État, les spécialistes du patrimoine et les populations locales. Un plan de conservation, un suivi régulier et des mesures de protection contre les phénomènes naturels ou les actions humaines garantissent la pérennité du site.
4. Valeur culturelle et symbolique
Centre de mémoire et de fierté nationale
Les palais royaux d’Abomey incarnent la grandeur et la résistance du Dahomey, tout en servant de vecteur de cohésion sociale et de fierté nationale. Ils sont encore aujourd’hui le lieu de cérémonies commémoratives, témoignant de la vitalité des traditions royales et du rôle du pouvoir culturel dans la société béninoise.
Tourisme et développement local
Le site attire des milliers de visiteurs chaque année, contribuant au développement économique et à la valorisation de l’artisanat local. Il joue également un rôle central dans l’éducation patrimoniale et dans la transmission de l’histoire du Dahomey aux jeunes générations.
5. 
• Afrik.com — Les palais royaux d’Abomey : héritage d’un royaume disparu, : https://www.afrik.com/les-palais-royaux-d-abomey-heritage-d-un-royaume-disparu
• Craterre — Conservation des palais royaux d’Abomey, https://craterre.org/case/conservation-des-palais-royaux-dabomey/","• UNESCO — Palais royaux d’Abomey, https://whc.unesco.org/fr/list/323/",1,1,"Palais royaux d’Abomey
Centre historique et architectural du Royaume du Dahomey – Patrimoine mondial de l’UNESCO
1. Résumé
Les palais royaux d’Abomey sont le témoignage matériel et symbolique du puissant royaume du Dahomey, qui s’affirma sur la côte ouest-africaine entre le milieu du XVIIᵉ siècle et 1900. Douze rois s’y succédèrent, chacun édifiant son palais à l’intérieur de l’enceinte royale, à l’exception du roi Akaba qui utilisa un enclos séparé. Ces constructions constituent un ensemble architectural exceptionnel, organisé selon les principes de la culture Aja-Fon, et sont aujourd’hui inscrites au patrimoine mondial de l’UNESCO. Les palais témoignent non seulement du pouvoir et de la hiérarchie du royaume, mais aussi de son savoir-faire technique et artisanal, tout en incarnant la mémoire d’une culture et d’une identité collective encore vivante.
2. Historique et rôle du site
Origines et développement
Le Royaume du Dahomey se développe à partir du règne de son fondateur, Houegbadja, qui pose le précepte selon lequel « le royaume doit toujours être fait plus grand ». De 1625 à 1900, douze rois se succèdent à Abomey, chacun édifiant son palais dans la continuité des architectures précédentes. Les palais sont le centre de la vie politique, économique et religieuse du royaume : lieu de décisions, dépôt des trésors, centre d’élaboration artisanale et scène des cérémonies traditionnelles.
Organisation et architecture
Les palais s’étendent sur une superficie totale de 47 hectares et se composent d’un ensemble de dix palais principaux, construits côte à côte ou superposés selon l’ordre de succession royale. Chaque palais est entouré de murailles en bauge et s’articule autour de trois cours hiérarchisées : extérieure, intérieure et privée. Les portails, construits à cheval sur les murs d’enceinte, assurent la circulation entre les cours tout en maintenant un contrôle strict de l’accès. Certains palais privés et résidences leurres complètent le dispositif, renforçant la sécurité et protégeant le souverain et ses sujets des attaques extérieures ou des rivalités internes.
Symbolique et décoration
Les façades des palais sont ornées de bas-reliefs polychromes, illustrant les exploits militaires, les légendes royales et les valeurs du royaume, notamment la résistance à la colonisation. L’iconographie reflète le pouvoir, la spiritualité et le prestige des rois, contribuant à la transmission des mémoires collectives et à la cohésion sociale.
3. Authenticité et conservation
Inventaire et restauration
Un inventaire réalisé en 1995, avec l’appui du Centre du patrimoine mondial, a recensé 184 composantes du site. Plus de la moitié de ces structures ont depuis été restaurées, conformément aux normes de conservation et avec le soutien de l’UNESCO, de l’État béninois et des familles royales. L’authenticité des palais repose sur l’usage continu de matériaux traditionnels (terre, bois, paille, eau) et sur le respect des techniques ancestrales, notamment pour les Djexo (cases abritant l’esprit du roi) et Adoxo (tombes royales).
Gestion et protection
La protection du site est assurée par la loi n°2007-20 portant sur le patrimoine culturel et naturel à caractère culturel, ainsi que par un règlement d’urbanisme pour la zone tampon autour du site. La gestion participative implique les familles royales, la mairie, l’État, les spécialistes du patrimoine et les populations locales. Un plan de conservation, un suivi régulier et des mesures de protection contre les phénomènes naturels ou les actions humaines garantissent la pérennité du site.
4. Valeur culturelle et symbolique
Centre de mémoire et de fierté nationale
Les palais royaux d’Abomey incarnent la grandeur et la résistance du Dahomey, tout en servant de vecteur de cohésion sociale et de fierté nationale. Ils sont encore aujourd’hui le lieu de cérémonies commémoratives, témoignant de la vitalité des traditions royales et du rôle du pouvoir culturel dans la société béninoise.
Tourisme et développement local
Le site attire des milliers de visiteurs chaque année, contribuant au développement économique et à la valorisation de l’artisanat local. Il joue également un rôle central dans l’éducation patrimoniale et dans la transmission de l’histoire du Dahomey aux jeunes générations.
5. 
• Afrik.com — Les palais royaux d’Abomey : héritage d’un royaume disparu, : https://www.afrik.com/les-palais-royaux-d-abomey-heritage-d-un-royaume-disparu
• Craterre — Conservation des palais royaux d’Abomey, https://craterre.org/case/conservation-des-palais-royaux-dabomey/

=== SOURCES ===
• UNESCO — Palais royaux d’Abomey, https://whc.unesco.org/fr/list/323/",4561,668,70,7,4631,675,True,True,10,"Abomey-Palais royaux,Palais_du_roi_Agoli-Agbo.jpg|||Abomey-Palais-royaux Cour_intérieure.jpg|||Abomey-Palais_du_roi_Agadja.jpg|||Abomey-palais.jpg|||Palais royaux d'Abomey.jpg|||Palais royaux d'Abomey_2.jpg|||Palais-royaux,Abomey-Palais_du_roi_Kpengla.jpg|||Palais_d'Abomey-Cour_intérieure.jpg|||les-Palais royaux,Abomey-Palais_du_roi_Houegbadja.jpg|||palais royaux d'Abomey_1.jpg",Donnees_soutenance\Abomey\Lieux historiques et monuments d'Abomey\Palais royaux d'Abomey\Palais_royaux_Abomey.docx,Donnees_soutenance\Abomey\Lieux historiques et monuments d'Abomey\Palais royaux d'Abomey,Lieux historiques et monuments d'Abomey/Palais royaux d'Abomey,"{'source_name': 'UNESCO', 'description': 'Palais royaux d’Abomey', 'url': 'https://whc.unesco.org/fr/list/323/', 'source_type': 'autre', 'raw_text': '• UNESCO — Palais royaux d’Abomey, https://whc.unesco.org/fr/list/323/'}",https://whc.unesco.org/fr/list/323/,"Abomey-Palais royaux,Palais_du_roi_Agoli-Agbo.jpg | Abomey-Palais-royaux Cour_intérieure.jpg | Abomey-Palais_du_roi_Agadja.jpg | Abomey-palais.jpg | Palais royaux d'Abomey.jpg | Palais royaux d'Abomey_2.jpg | Palais-royaux,Abomey-Palais_du_roi_Kpengla.jpg | Palais_d'Abomey-Cour_intérieure.jpg | les-Palais royaux,Abomey-Palais_du_roi_Houegbadja.jpg | palais royaux d'Abomey_1.jpg"
Abomey,Lieux historiques et monuments d'Abomey,Place Goho abomey,Place_Goho_Abomey.docx,Place Goho Abomey,"Place Goho
Site historique et symbole de la résistance du Royaume du Dahomey – Abomey, Bénin
1. Résumé
La Place Goho est un lieu emblématique de la ville d’Abomey, associé à la résistance du royaume du Dahomey face à la colonisation française. Elle marque l’endroit où le roi Béhanzin, dernier souverain indépendant, a signé la capitulation en 1894 après plusieurs années de lutte contre l’armée française dirigée par le général Dodds. La place illustre à la fois la mémoire de la bravoure militaire et le rôle historique de Béhanzin en tant que symbole national de résistance.
2. Historique et rôle du site
Origines et développement
La place tire son nom du fameux lieu de la capitulation du roi Béhanzin. Ce dernier commandait une armée de plus de 15 000 hommes, dont 4 000 Amazones du Dahomey, et tenta de contrer la progression française jusqu’à la ville d’Abomey. Après l’ultime bataille de 1894, face aux lourdes pertes et aux dommages matériels considérables, Béhanzin décida de négocier et céder ses terres, donnant naissance à ce lieu historique devenu symbole de résistance et de mémoire collective.
Histoire post-indépendance
Après l’indépendance du Bénin, la Place Goho est devenue un site mythique et un espace public central dans la ville d’Abomey.
En 1974, elle servit de base pour le gouvernement militaire révolutionnaire, qui y proclama son programme d’idéologie marxiste-léniniste.
En 1978, une statue en bronze de Béhanzin fut érigée sur la place. Le roi est représenté portant le chapeau royal, le pagne princier, les sandales royales, et tenant le symbole de sa royauté. Sa main gauche est avancée, en signe de « stop » face aux envahisseurs, rappelant son rôle de défenseur du Dahomey.
3. Organisation et architecture
La place est ombragée, aménagée pour accueillir le public et les événements officiels. La statue de Béhanzin constitue le point focal et symbolique du site, tandis que la disposition ouverte de la place permet d’organiser cérémonies, rassemblements et manifestations culturelles. La combinaison d’espaces publics et de monuments historiques confère à la place une valeur à la fois commémorative et sociale.
4. Valeur culturelle et symbolique
Centre de mémoire et de fierté nationale
La Place Goho est le symbole de la résistance du Dahomey face à la colonisation. Elle incarne la bravoure du roi Béhanzin et de son armée, notamment des Amazones, tout en rappelant les sacrifices du peuple pour préserver son indépendance.
Tourisme et développement local
Aujourd’hui, la place attire à la fois touristes locaux et étrangers, et constitue un site central pour les événements culturels et commémoratifs. Elle contribue au développement touristique et à la valorisation du patrimoine historique d’Abomey.
5. 
Wikipedia — Béhanzin, https://fr.wikipedia.org/wiki/Béhanzin","Bénin Séjours — Place Goho, https://benin-sejours.com/cultural-places/11",1,1,"Place Goho
Site historique et symbole de la résistance du Royaume du Dahomey – Abomey, Bénin
1. Résumé
La Place Goho est un lieu emblématique de la ville d’Abomey, associé à la résistance du royaume du Dahomey face à la colonisation française. Elle marque l’endroit où le roi Béhanzin, dernier souverain indépendant, a signé la capitulation en 1894 après plusieurs années de lutte contre l’armée française dirigée par le général Dodds. La place illustre à la fois la mémoire de la bravoure militaire et le rôle historique de Béhanzin en tant que symbole national de résistance.
2. Historique et rôle du site
Origines et développement
La place tire son nom du fameux lieu de la capitulation du roi Béhanzin. Ce dernier commandait une armée de plus de 15 000 hommes, dont 4 000 Amazones du Dahomey, et tenta de contrer la progression française jusqu’à la ville d’Abomey. Après l’ultime bataille de 1894, face aux lourdes pertes et aux dommages matériels considérables, Béhanzin décida de négocier et céder ses terres, donnant naissance à ce lieu historique devenu symbole de résistance et de mémoire collective.
Histoire post-indépendance
Après l’indépendance du Bénin, la Place Goho est devenue un site mythique et un espace public central dans la ville d’Abomey.
En 1974, elle servit de base pour le gouvernement militaire révolutionnaire, qui y proclama son programme d’idéologie marxiste-léniniste.
En 1978, une statue en bronze de Béhanzin fut érigée sur la place. Le roi est représenté portant le chapeau royal, le pagne princier, les sandales royales, et tenant le symbole de sa royauté. Sa main gauche est avancée, en signe de « stop » face aux envahisseurs, rappelant son rôle de défenseur du Dahomey.
3. Organisation et architecture
La place est ombragée, aménagée pour accueillir le public et les événements officiels. La statue de Béhanzin constitue le point focal et symbolique du site, tandis que la disposition ouverte de la place permet d’organiser cérémonies, rassemblements et manifestations culturelles. La combinaison d’espaces publics et de monuments historiques confère à la place une valeur à la fois commémorative et sociale.
4. Valeur culturelle et symbolique
Centre de mémoire et de fierté nationale
La Place Goho est le symbole de la résistance du Dahomey face à la colonisation. Elle incarne la bravoure du roi Béhanzin et de son armée, notamment des Amazones, tout en rappelant les sacrifices du peuple pour préserver son indépendance.
Tourisme et développement local
Aujourd’hui, la place attire à la fois touristes locaux et étrangers, et constitue un site central pour les événements culturels et commémoratifs. Elle contribue au développement touristique et à la valorisation du patrimoine historique d’Abomey.
5. 
Wikipedia — Béhanzin, https://fr.wikipedia.org/wiki/Béhanzin

=== SOURCES ===
Bénin Séjours — Place Goho, https://benin-sejours.com/cultural-places/11",2806,439,72,6,2878,445,True,True,1,"Place Goho,statue du roi Béhanzin.jpg",Donnees_soutenance\Abomey\Lieux historiques et monuments d'Abomey\Place Goho abomey\Place_Goho_Abomey.docx,Donnees_soutenance\Abomey\Lieux historiques et monuments d'Abomey\Place Goho abomey,Lieux historiques et monuments d'Abomey/Place Goho abomey,"{'source_name': '', 'description': 'Bénin Séjours — Place Goho, https://benin-sejours.com/cultural-places/11', 'url': '', 'source_type': 'texte', 'raw_text': 'Bénin Séjours — Place Goho, https://benin-sejours.com/cultural-places/11'}",https://benin-sejours.com/cultural-places/11,"Place Goho,statue du roi Béhanzin.jpg"
Abomey,Rois du Dahomey,Adandozan,Adandozan.docx,Adandozan,"Adandozan (1797 – 1818)
Neuvième roi d’Abomey – Roi effacé des traditions orales du Danxomé
1. Résumé
Adandozan régna sur le royaume d’Abomey pendant vingt et un ans, de 1797 à 1818. Fils du roi Agonglo, il accède au trône après une longue dispute liée à l’assassinat de son père. Son règne fut marqué par une crise profonde autour de la traite négrière, comme l’attestent les correspondances diplomatiques échangées avec les autorités portugaises. Longtemps présenté comme un roi cruel, cette réputation résulte surtout d’une image façonnée après son renversement par son demi-frère Ghézo, aidé du marchand d’esclaves Francisco Félix de Sousa. Effacé de la tradition orale, Adandozan demeure un souverain controversé, souvent désigné sous le surnom « Daa Gbolometon », le roi inconnu.
2. Biographie complète
Origines et accession au trône
Adandozan est le fils du roi Agonglo. Lors de l’assassinat de ce dernier en 1789, une longue dispute éclate autour de sa succession. Il n’est finalement intronisé qu’en 1797. Une fois sur le trône, il punit sévèrement les personnes impliquées dans les événements liés à la mort de son père.
Bien que la tradition dahoméenne le décrive comme un roi cruel, cette représentation a surtout été développée après son renversement par son demi-frère Ghézo, soutenu par Francisco Félix de Sousa.
Un règne marqué par la crise de la traite négrière
Les recherches de Pierre Verger et de l’historienne Ana Lucia Araujo, basées sur la correspondance du roi avec les autorités portugaises, montrent que le Dahomey traverse sous son règne une période de crise liée à la traite négrière à la fin du XVIIIᵉ et au début du XIXᵉ siècle.
On y trouve la trace de nombreux cadeaux diplomatiques envoyés au prince régent Jean, notamment une réplique du trône royal d’Adandozan. Cette pièce historique, longtemps conservée au Musée national du Brésil à Rio de Janeiro, a été détruite lors de l’incendie du 2 septembre 2018.
Renversement et effacement de la mémoire
Adandozan est renversé en 1818. La tradition orale a supprimé son nom, son règne et ses symboles. Dans les récits aboméens, il n’apparaît jamais comme roi officiel.
Lorsqu’il est évoqué, les Aboméens l’appellent « Daa Gbolometon », qui signifie « roi inconnu, indéterminé, qui est dans la nature ».
Il meurt en 1861.
3. Symboles, mythes et héritage
Symbole royal
La natte de la colère
« La colère a étendu sa natte et personne ne peut la replier. »
Ce symbole évoque la période agitée de son règne et la situation conflictuelle ayant conduit à sa chute.
Mythes et traditions
Son nom et son règne ont été effacés des traditions officielles du Danxomé.
La perception d’un roi « cruel » relève principalement d’une construction postérieure, élaborée après son renversement.
Héritage
Adandozan laisse une trace ambiguë dans l’histoire du Dahomey :
Son règne révèle les tensions internes liées à la traite négrière.
Il entretient une correspondance diplomatique importante avec le Portugal.
Son trône, devenu un symbole historique, a disparu en 2018 dans l’incendie du Musée national du Brésil.
Son effacement volontaire des récits oraux en fait un cas unique dans la dynastie des rois d’Abomey.
4. 
Wikipédia (FR) — Rois d’Abomey, https://fr.wikipedia.org/wiki/Roi_d%27Abomey","Wikipédia (FR) — Adandozan, https://fr.wikipedia.org/wiki/Adandozan",1,1,"Adandozan (1797 – 1818)
Neuvième roi d’Abomey – Roi effacé des traditions orales du Danxomé
1. Résumé
Adandozan régna sur le royaume d’Abomey pendant vingt et un ans, de 1797 à 1818. Fils du roi Agonglo, il accède au trône après une longue dispute liée à l’assassinat de son père. Son règne fut marqué par une crise profonde autour de la traite négrière, comme l’attestent les correspondances diplomatiques échangées avec les autorités portugaises. Longtemps présenté comme un roi cruel, cette réputation résulte surtout d’une image façonnée après son renversement par son demi-frère Ghézo, aidé du marchand d’esclaves Francisco Félix de Sousa. Effacé de la tradition orale, Adandozan demeure un souverain controversé, souvent désigné sous le surnom « Daa Gbolometon », le roi inconnu.
2. Biographie complète
Origines et accession au trône
Adandozan est le fils du roi Agonglo. Lors de l’assassinat de ce dernier en 1789, une longue dispute éclate autour de sa succession. Il n’est finalement intronisé qu’en 1797. Une fois sur le trône, il punit sévèrement les personnes impliquées dans les événements liés à la mort de son père.
Bien que la tradition dahoméenne le décrive comme un roi cruel, cette représentation a surtout été développée après son renversement par son demi-frère Ghézo, soutenu par Francisco Félix de Sousa.
Un règne marqué par la crise de la traite négrière
Les recherches de Pierre Verger et de l’historienne Ana Lucia Araujo, basées sur la correspondance du roi avec les autorités portugaises, montrent que le Dahomey traverse sous son règne une période de crise liée à la traite négrière à la fin du XVIIIᵉ et au début du XIXᵉ siècle.
On y trouve la trace de nombreux cadeaux diplomatiques envoyés au prince régent Jean, notamment une réplique du trône royal d’Adandozan. Cette pièce historique, longtemps conservée au Musée national du Brésil à Rio de Janeiro, a été détruite lors de l’incendie du 2 septembre 2018.
Renversement et effacement de la mémoire
Adandozan est renversé en 1818. La tradition orale a supprimé son nom, son règne et ses symboles. Dans les récits aboméens, il n’apparaît jamais comme roi officiel.
Lorsqu’il est évoqué, les Aboméens l’appellent « Daa Gbolometon », qui signifie « roi inconnu, indéterminé, qui est dans la nature ».
Il meurt en 1861.
3. Symboles, mythes et héritage
Symbole royal
La natte de la colère
« La colère a étendu sa natte et personne ne peut la replier. »
Ce symbole évoque la période agitée de son règne et la situation conflictuelle ayant conduit à sa chute.
Mythes et traditions
Son nom et son règne ont été effacés des traditions officielles du Danxomé.
La perception d’un roi « cruel » relève principalement d’une construction postérieure, élaborée après son renversement.
Héritage
Adandozan laisse une trace ambiguë dans l’histoire du Dahomey :
Son règne révèle les tensions internes liées à la traite négrière.
Il entretient une correspondance diplomatique importante avec le Portugal.
Son trône, devenu un symbole historique, a disparu en 2018 dans l’incendie du Musée national du Brésil.
Son effacement volontaire des récits oraux en fait un cas unique dans la dynastie des rois d’Abomey.
4. 
Wikipédia (FR) — Rois d’Abomey, https://fr.wikipedia.org/wiki/Roi_d%27Abomey

=== SOURCES ===
Wikipédia (FR) — Adandozan, https://fr.wikipedia.org/wiki/Adandozan",3253,522,67,5,3320,527,True,True,0,Aucune,Donnees_soutenance\Abomey\Rois du Dahomey\Adandozan\Adandozan.docx,Donnees_soutenance\Abomey\Rois du Dahomey\Adandozan,Rois du Dahomey/Adandozan,"{'source_name': '', 'description': 'Wikipédia (FR) — Adandozan, https://fr.wikipedia.org/wiki/Adandozan', 'url': '', 'source_type': 'texte', 'raw_text': 'Wikipédia (FR) — Adandozan, https://fr.wikipedia.org/wiki/Adandozan'}",https://fr.wikipedia.org/wiki/Adandozan,
Abomey,Rois du Dahomey,Agadja,Agadja.docx,Agadja,"Agadja (1673 – 1740)
Cinquième roi d’Abomey — Surnommé « le Conquérant »
1. Résumé
Dossou Agadja, souvent appelé Agaja, régna sur le Dahomey de 1711 à 1740. Successeur de la reine Hangbè ou héritier de son frère Akaba selon les traditions, il s’impose comme l’un des rois les plus marquants de l’histoire du royaume. Conquérant du sud, vainqueur d’Allada et de Savi, il ouvre l’accès du Dahomey à la mer et développe le commerce avec les Européens. Son règne est également marqué par les guerres contre le royaume d’Oyo, qui imposèrent au Dahomey un lourd tribut. À sa mort en 1740, son fils Tegbessou lui succède.
2. Biographie complète
Origines et accession au trône
Né en 1673, Agadja est le fils du roi Akaba. À sa mort en 1708, l’héritier légitime, Agbo Sassa, n’a alors qu’une dizaine d’années. Plusieurs traditions décrivent la transition du pouvoir :
Agadja aurait succédé directement à son frère Akaba,
ou bien il aurait pris la place de la reine Hangbè, sœur jumelle d’Akaba, qui aurait assuré la régence.
Lorsque Agbo Sassa devient adulte et revendique le trône, Agadja l’écarte et le contraint à l’exil, consolidant ainsi son contrôle sur le royaume. Il monte définitivement sur le trône en 1711.
Conquêtes et expansion vers le sud
Agadja gagne son surnom de « le Conquérant » grâce à une série de campagnes militaires décisives.
En 1724, il conquiert le royaume d’Allada.
En 1727, il prend le royaume de Savi, capitale économique du royaume de Hueda (Ouidah), ouvrant ainsi au Dahomey un accès direct à la mer.
Ces victoires permettent au Dahomey de commercer avec les Européens sans intermédiaires côtiers. Le symbole choisi par Agadja — une caravelle — illustre cette nouvelle politique économique.
Les campagnes militaires s’appuient sur :
l’usage accru des Agojié, les célèbres « Amazones » du Dahomey ;
l’intégration d’armes à feu européennes dans l’armée.
Un épisode célèbre rapporte que lors de la conquête de Ouidah, la fille d’Agadja — mariée au roi Houffon — sabota la défense de la ville en humidifiant la poudre à canon.
Conflits avec Oyo et tribut imposé
Malgré sa puissance militaire, Agadja échoue à protéger le Dahomey contre le royaume yoruba d’Oyo, alors à son apogée.
En 1726, le Dahomey est vaincu.
En 1727, un traité impose au royaume un tribut annuel extrêmement lourd :
armes, textiles, perles, animaux, mais aussi une quarantaine de jeunes filles et de jeunes garçons destinés aux sacrifices ou à l’esclavage.
Ignoré durant quelques années, ce tribut entraîne de nouvelles invasions en 1728, 1729 et surtout 1730–1732, durant lesquelles Tegbessou, fils d’Agadja, est temporairement pris en otage.
En 1739, Oyo attaque encore, plaçant un représentant permanent au Dahomey, qui devient alors un royaume vassal.
Fin de règne et transfert de la capitale
Les invasions répétées laissent Abomey à plusieurs reprises en ruines. Acculé, Agadja déplace la capitale à Allada en 1730, où il résidera jusqu’à sa mort en 1740.
3. Symboles, mythes et héritage
Symboles
• Caravelle
→ Symbole de l’ouverture du Dahomey aux échanges maritimes et au commerce européen.
• Proverbe associé :
« Personne ne peut mettre le feu à un grand arbre abattu avec toutes ses branches ; il faut d’abord le couper. »
→ Évoque la stratégie, la patience et la force maîtrisée.
Mythes et récits
• Son règne est associé aux grandes conquêtes du Dahomey et à l’essor des Agojié.
• L’histoire de sa fille sabotant la défense de Ouidah est l’une des anecdotes les plus célèbres de cette époque.
Héritage
Agadja laisse une trace durable dans l’histoire du Dahomey :
il réalise l’un des plus grands agrandissements territoriaux du royaume,
donne au Dahomey un accès maritime stratégique,
structure l’armée et modernise les armes,
marque profondément la mémoire collective par ses conquêtes.
Mais son règne reste aussi associé :
à la lourde domination d’Oyo,
et au déplacement de la capitale, symbole d’une période de fragilité.
4. 
• Wikipédia (FR) — Rois d’Abomey : https://fr.wikipedia.org/wiki/Roi_d%27Abomey",• Wikipédia (FR) — Agadja : https://fr.wikipedia.org/wiki/Agadja,1,1,"Agadja (1673 – 1740)
Cinquième roi d’Abomey — Surnommé « le Conquérant »
1. Résumé
Dossou Agadja, souvent appelé Agaja, régna sur le Dahomey de 1711 à 1740. Successeur de la reine Hangbè ou héritier de son frère Akaba selon les traditions, il s’impose comme l’un des rois les plus marquants de l’histoire du royaume. Conquérant du sud, vainqueur d’Allada et de Savi, il ouvre l’accès du Dahomey à la mer et développe le commerce avec les Européens. Son règne est également marqué par les guerres contre le royaume d’Oyo, qui imposèrent au Dahomey un lourd tribut. À sa mort en 1740, son fils Tegbessou lui succède.
2. Biographie complète
Origines et accession au trône
Né en 1673, Agadja est le fils du roi Akaba. À sa mort en 1708, l’héritier légitime, Agbo Sassa, n’a alors qu’une dizaine d’années. Plusieurs traditions décrivent la transition du pouvoir :
Agadja aurait succédé directement à son frère Akaba,
ou bien il aurait pris la place de la reine Hangbè, sœur jumelle d’Akaba, qui aurait assuré la régence.
Lorsque Agbo Sassa devient adulte et revendique le trône, Agadja l’écarte et le contraint à l’exil, consolidant ainsi son contrôle sur le royaume. Il monte définitivement sur le trône en 1711.
Conquêtes et expansion vers le sud
Agadja gagne son surnom de « le Conquérant » grâce à une série de campagnes militaires décisives.
En 1724, il conquiert le royaume d’Allada.
En 1727, il prend le royaume de Savi, capitale économique du royaume de Hueda (Ouidah), ouvrant ainsi au Dahomey un accès direct à la mer.
Ces victoires permettent au Dahomey de commercer avec les Européens sans intermédiaires côtiers. Le symbole choisi par Agadja — une caravelle — illustre cette nouvelle politique économique.
Les campagnes militaires s’appuient sur :
l’usage accru des Agojié, les célèbres « Amazones » du Dahomey ;
l’intégration d’armes à feu européennes dans l’armée.
Un épisode célèbre rapporte que lors de la conquête de Ouidah, la fille d’Agadja — mariée au roi Houffon — sabota la défense de la ville en humidifiant la poudre à canon.
Conflits avec Oyo et tribut imposé
Malgré sa puissance militaire, Agadja échoue à protéger le Dahomey contre le royaume yoruba d’Oyo, alors à son apogée.
En 1726, le Dahomey est vaincu.
En 1727, un traité impose au royaume un tribut annuel extrêmement lourd :
armes, textiles, perles, animaux, mais aussi une quarantaine de jeunes filles et de jeunes garçons destinés aux sacrifices ou à l’esclavage.
Ignoré durant quelques années, ce tribut entraîne de nouvelles invasions en 1728, 1729 et surtout 1730–1732, durant lesquelles Tegbessou, fils d’Agadja, est temporairement pris en otage.
En 1739, Oyo attaque encore, plaçant un représentant permanent au Dahomey, qui devient alors un royaume vassal.
Fin de règne et transfert de la capitale
Les invasions répétées laissent Abomey à plusieurs reprises en ruines. Acculé, Agadja déplace la capitale à Allada en 1730, où il résidera jusqu’à sa mort en 1740.
3. Symboles, mythes et héritage
Symboles
• Caravelle
→ Symbole de l’ouverture du Dahomey aux échanges maritimes et au commerce européen.
• Proverbe associé :
« Personne ne peut mettre le feu à un grand arbre abattu avec toutes ses branches ; il faut d’abord le couper. »
→ Évoque la stratégie, la patience et la force maîtrisée.
Mythes et récits
• Son règne est associé aux grandes conquêtes du Dahomey et à l’essor des Agojié.
• L’histoire de sa fille sabotant la défense de Ouidah est l’une des anecdotes les plus célèbres de cette époque.
Héritage
Agadja laisse une trace durable dans l’histoire du Dahomey :
il réalise l’un des plus grands agrandissements territoriaux du royaume,
donne au Dahomey un accès maritime stratégique,
structure l’armée et modernise les armes,
marque profondément la mémoire collective par ses conquêtes.
Mais son règne reste aussi associé :
à la lourde domination d’Oyo,
et au déplacement de la capitale, symbole d’une période de fragilité.
4. 
• Wikipédia (FR) — Rois d’Abomey : https://fr.wikipedia.org/wiki/Roi_d%27Abomey

=== SOURCES ===
• Wikipédia (FR) — Agadja : https://fr.wikipedia.org/wiki/Agadja",4007,657,64,7,4071,664,True,True,2,"Abomey-Palais_du_roi_Agadja.jpg|||Symbole, emblème du roi Agadja.jpg",Donnees_soutenance\Abomey\Rois du Dahomey\Agadja\Agadja.docx,Donnees_soutenance\Abomey\Rois du Dahomey\Agadja,Rois du Dahomey/Agadja,"{'source_name': '', 'description': 'Wikipédia (FR) — Agadja : https://fr.wikipedia.org/wiki/Agadja', 'url': '', 'source_type': 'texte', 'raw_text': '• Wikipédia (FR) — Agadja : https://fr.wikipedia.org/wiki/Agadja'}",https://fr.wikipedia.org/wiki/Agadja,"Abomey-Palais_du_roi_Agadja.jpg | Symbole, emblème du roi Agadja.jpg"
Abomey,Rois du Dahomey,Agoli-Agbo,Agoli-Agbo.docx,Agoli-Agbo,"Agoli-Agbo (1894 – 1900)
Douzième roi d’Abomey – Dernier souverain officiel sous protectorat français
1. Résumé
Agoli-Agbo, né Gouthili et fils du roi Glélé, est traditionnellement considéré comme le douzième et dernier roi d’Abomey. Frère cadet de Béhanzin, il accède au trône en janvier 1894 après la reddition de ce dernier face aux forces coloniales françaises. Son règne, de six ans, se déroule sous l’autorité d’un protectorat français officiellement instauré le 29 janvier 1894, et marque la fin de l’indépendance effective du Dahomey. Agoli-Agbo est resté un symbole de continuité dynastique malgré la perte de souveraineté politique.
2. Biographie complète
Origines et accession au trône
Gouthili est le fils du roi Glélé et le frère cadet de Béhanzin, qu’il succède après la défaite de ce dernier. Le 15 janvier 1894, il est proposé et présenté comme roi à Abomey. Sa désignation est directement liée aux négociations avec les Français menées par le général Alfred Dodds, qui aboutissent à l’instauration d’un protectorat sur le royaume le 29 janvier. Agoli-Agbo règne donc en tant que roi sous supervision coloniale, avec un pouvoir symbolique mais limité.
Règne sous protectorat
Durant son règne, Agoli-Agbo doit composer avec les autorités françaises et maintenir l’administration et les traditions royales du Dahomey. Il représente la continuité dynastique et culturelle de la famille royale, tout en assumant le rôle de chef traditionnel dans un contexte de subordination politique. Son règne est moins marqué par les guerres et les conflits directs, contrairement à celui de son frère Béhanzin, mais reste important pour préserver la mémoire et les structures royales face à la colonisation.
Fin de règne et héritage
Agoli-Agbo reste sur le trône jusqu’en 1900. Bien que son règne ait été limité par le protectorat français, il est considéré comme le dernier roi d’Abomey dans la tradition royale. Sa fonction permet de maintenir l’autorité culturelle et symbolique de la dynastie royale dans un contexte où le pouvoir politique effectif est désormais aux mains des colonisateurs.
3. Symboles, mythes et héritage
Symboles et emblèmes
Totem et insignes : récade ornée d’une jambe
Emblème personnel : pied trébuchant contre un rocher, balai et arc
Signification : « Prenez garde ! la dynastie des rois du Dan-Homé a trébuché mais n’est pas tombée » ou encore « Le roi est comme un balai qui repousse ses ennemis »
Héritage
Agoli-Agbo symbolise la continuité dynastique et culturelle après la perte d’indépendance politique.
Son règne permet de préserver les traditions et la mémoire royale du Dahomey malgré la domination coloniale.
Son iconographie reste présente dans la ville d’Abomey, rappelant la résilience et la survie symbolique de la dynastie.
4. 
Wikipédia (FR) — Rois d’Abomey, https://fr.wikipedia.org/wiki/Roi_d%27Abomey","Wikipédia (FR) — Agoli-Agbo, https://fr.wikipedia.org/wiki/Agoli-Agbo",1,1,"Agoli-Agbo (1894 – 1900)
Douzième roi d’Abomey – Dernier souverain officiel sous protectorat français
1. Résumé
Agoli-Agbo, né Gouthili et fils du roi Glélé, est traditionnellement considéré comme le douzième et dernier roi d’Abomey. Frère cadet de Béhanzin, il accède au trône en janvier 1894 après la reddition de ce dernier face aux forces coloniales françaises. Son règne, de six ans, se déroule sous l’autorité d’un protectorat français officiellement instauré le 29 janvier 1894, et marque la fin de l’indépendance effective du Dahomey. Agoli-Agbo est resté un symbole de continuité dynastique malgré la perte de souveraineté politique.
2. Biographie complète
Origines et accession au trône
Gouthili est le fils du roi Glélé et le frère cadet de Béhanzin, qu’il succède après la défaite de ce dernier. Le 15 janvier 1894, il est proposé et présenté comme roi à Abomey. Sa désignation est directement liée aux négociations avec les Français menées par le général Alfred Dodds, qui aboutissent à l’instauration d’un protectorat sur le royaume le 29 janvier. Agoli-Agbo règne donc en tant que roi sous supervision coloniale, avec un pouvoir symbolique mais limité.
Règne sous protectorat
Durant son règne, Agoli-Agbo doit composer avec les autorités françaises et maintenir l’administration et les traditions royales du Dahomey. Il représente la continuité dynastique et culturelle de la famille royale, tout en assumant le rôle de chef traditionnel dans un contexte de subordination politique. Son règne est moins marqué par les guerres et les conflits directs, contrairement à celui de son frère Béhanzin, mais reste important pour préserver la mémoire et les structures royales face à la colonisation.
Fin de règne et héritage
Agoli-Agbo reste sur le trône jusqu’en 1900. Bien que son règne ait été limité par le protectorat français, il est considéré comme le dernier roi d’Abomey dans la tradition royale. Sa fonction permet de maintenir l’autorité culturelle et symbolique de la dynastie royale dans un contexte où le pouvoir politique effectif est désormais aux mains des colonisateurs.
3. Symboles, mythes et héritage
Symboles et emblèmes
Totem et insignes : récade ornée d’une jambe
Emblème personnel : pied trébuchant contre un rocher, balai et arc
Signification : « Prenez garde ! la dynastie des rois du Dan-Homé a trébuché mais n’est pas tombée » ou encore « Le roi est comme un balai qui repousse ses ennemis »
Héritage
Agoli-Agbo symbolise la continuité dynastique et culturelle après la perte d’indépendance politique.
Son règne permet de préserver les traditions et la mémoire royale du Dahomey malgré la domination coloniale.
Son iconographie reste présente dans la ville d’Abomey, rappelant la résilience et la survie symbolique de la dynastie.
4. 
Wikipédia (FR) — Rois d’Abomey, https://fr.wikipedia.org/wiki/Roi_d%27Abomey

=== SOURCES ===
Wikipédia (FR) — Agoli-Agbo, https://fr.wikipedia.org/wiki/Agoli-Agbo",2847,441,69,5,2916,446,True,True,3,"Abomey-Palais_du_roi_Agoli-Agbo_1.jpg|||Agoli-Agbo,_roi_d'Abomey_et_sa_cour_Dahomey.jpg|||Symbole_de_Agoli_Agbo_roi_du_Dahomey.jpg",Donnees_soutenance\Abomey\Rois du Dahomey\Agoli-Agbo\Agoli-Agbo.docx,Donnees_soutenance\Abomey\Rois du Dahomey\Agoli-Agbo,Rois du Dahomey/Agoli-Agbo,"{'source_name': '', 'description': 'Wikipédia (FR) — Agoli-Agbo, https://fr.wikipedia.org/wiki/Agoli-Agbo', 'url': '', 'source_type': 'texte', 'raw_text': 'Wikipédia (FR) — Agoli-Agbo, https://fr.wikipedia.org/wiki/Agoli-Agbo'}",https://fr.wikipedia.org/wiki/Agoli-Agbo,"Abomey-Palais_du_roi_Agoli-Agbo_1.jpg | Agoli-Agbo,_roi_d'Abomey_et_sa_cour_Dahomey.jpg | Symbole_de_Agoli_Agbo_roi_du_Dahomey.jpg"
Abomey,Rois du Dahomey,Agonglo,Agonglo.docx,Agonglo,"Agonglo (1789 – 1797)
Huitième roi d’Abomey — Réformateur et souverain attaché à l’équité commerciale
1. Résumé
Agonglo, fils du roi Kpengla, règne sur Abomey de 1789 à 1797. Connu comme un roi réformateur, il allège les taxes imposées aux commerçants à Ouidah et introduit des mesures destinées à améliorer les conditions de vie des esclaves. Son symbole est l’ananas, associé à un proverbe fon évoquant la manière dont il a échappé à un danger mortel. Certaines traditions, relayées notamment par Barthélemy Adoukonou, avancent qu’il aurait été assassiné pour avoir envisagé de se convertir au catholicisme.
2. Biographie complète
Origines et accession au trône
Agonglo naît au sein de la dynastie royale d’Abomey. Il est le fils du roi Kpengla, qu’il succède en 1789. À son accession, il devient le huitième souverain du royaume (si l’on exclut la reine Hangbè). Son règne, plus court que celui de ses prédécesseurs, s’étend sur huit années.
Réformes politiques et économiques
Agonglo est surtout connu comme un roi réformateur. Soucieux d’améliorer la vie économique du Dahomey, il allège les taxes sur le commerce à Ouidah, ville centrale pour les échanges avec les Européens.
Ces réformes visent à fluidifier les transactions commerciales et à réduire la pression fiscale qui pesait sur les marchands depuis les règnes précédents.
Mesures sociales et conditions des esclaves
Dans un contexte où la traite négrière représente encore un pilier économique du royaume, Agonglo prend néanmoins des mesures pour soulager la souffrance des esclaves.
Les sources que tu as fournies n’entrent pas dans les détails, mais soulignent clairement sa volonté de limiter certaines formes de brutalité ou de pression imposées aux captifs.
Cette orientation distingue son règne et lui confère une réputation de souverain sensible à la justice sociale.
Fin de règne et mort
La mort d’Agonglo en 1797 est entourée d’incertitudes. Une version de l’histoire, défendue notamment par Barthélemy Adoukonou, suggère qu’il aurait été assassiné parce qu’il souhaitait se convertir au catholicisme.
Cette hypothèse reste discutée, mais elle témoigne de l’intensité des débats religieux et politiques dans le Dahomey de la fin du XVIIIᵉ siècle.
Il laisse derrière lui un héritier direct : Adandozan, qui lui succède sur le trône.
3. Symboles, mythes et héritage
Symboles
• Ananas
« La foudre tombe sur le palmier, mais l’ananas lui échappe. »
Ce symbole est directement lié à un épisode de sa vie durant lequel il aurait échappé à un danger grave, probablement la foudre. Il représente la résilience, l’humilité et la capacité à survivre aux épreuves.
Mythes et traditions
• La symbolique de l’ananas évoque les obstacles auxquels Agonglo a dû faire face tout au long de sa vie.
• Son règne reste associé à des réformes économiques et humaines qui l’ont distingué de ses prédécesseurs.
Héritage
L’héritage d’Agonglo repose sur :
une volonté d’alléger les contraintes économiques pesant sur Ouidah,
des réformes destinées à améliorer le sort des esclaves,
un règne ouvert aux influences religieuses extérieures, au point que son intérêt pour le catholicisme aurait pu lui coûter la vie.
Ces éléments font d’Agonglo un souverain dont la mémoire est marquée par la modération, la réforme et la sensibilité aux réalités humaines.
4. 
• Wikipédia (FR) — Rois d’Abomey., https://fr.wikipedia.org/wiki/Roi_d%27Abomey","• Wikipédia (FR) — Agonglo., https://fr.wikipedia.org/wiki/Agonglo",1,1,"Agonglo (1789 – 1797)
Huitième roi d’Abomey — Réformateur et souverain attaché à l’équité commerciale
1. Résumé
Agonglo, fils du roi Kpengla, règne sur Abomey de 1789 à 1797. Connu comme un roi réformateur, il allège les taxes imposées aux commerçants à Ouidah et introduit des mesures destinées à améliorer les conditions de vie des esclaves. Son symbole est l’ananas, associé à un proverbe fon évoquant la manière dont il a échappé à un danger mortel. Certaines traditions, relayées notamment par Barthélemy Adoukonou, avancent qu’il aurait été assassiné pour avoir envisagé de se convertir au catholicisme.
2. Biographie complète
Origines et accession au trône
Agonglo naît au sein de la dynastie royale d’Abomey. Il est le fils du roi Kpengla, qu’il succède en 1789. À son accession, il devient le huitième souverain du royaume (si l’on exclut la reine Hangbè). Son règne, plus court que celui de ses prédécesseurs, s’étend sur huit années.
Réformes politiques et économiques
Agonglo est surtout connu comme un roi réformateur. Soucieux d’améliorer la vie économique du Dahomey, il allège les taxes sur le commerce à Ouidah, ville centrale pour les échanges avec les Européens.
Ces réformes visent à fluidifier les transactions commerciales et à réduire la pression fiscale qui pesait sur les marchands depuis les règnes précédents.
Mesures sociales et conditions des esclaves
Dans un contexte où la traite négrière représente encore un pilier économique du royaume, Agonglo prend néanmoins des mesures pour soulager la souffrance des esclaves.
Les sources que tu as fournies n’entrent pas dans les détails, mais soulignent clairement sa volonté de limiter certaines formes de brutalité ou de pression imposées aux captifs.
Cette orientation distingue son règne et lui confère une réputation de souverain sensible à la justice sociale.
Fin de règne et mort
La mort d’Agonglo en 1797 est entourée d’incertitudes. Une version de l’histoire, défendue notamment par Barthélemy Adoukonou, suggère qu’il aurait été assassiné parce qu’il souhaitait se convertir au catholicisme.
Cette hypothèse reste discutée, mais elle témoigne de l’intensité des débats religieux et politiques dans le Dahomey de la fin du XVIIIᵉ siècle.
Il laisse derrière lui un héritier direct : Adandozan, qui lui succède sur le trône.
3. Symboles, mythes et héritage
Symboles
• Ananas
« La foudre tombe sur le palmier, mais l’ananas lui échappe. »
Ce symbole est directement lié à un épisode de sa vie durant lequel il aurait échappé à un danger grave, probablement la foudre. Il représente la résilience, l’humilité et la capacité à survivre aux épreuves.
Mythes et traditions
• La symbolique de l’ananas évoque les obstacles auxquels Agonglo a dû faire face tout au long de sa vie.
• Son règne reste associé à des réformes économiques et humaines qui l’ont distingué de ses prédécesseurs.
Héritage
L’héritage d’Agonglo repose sur :
une volonté d’alléger les contraintes économiques pesant sur Ouidah,
des réformes destinées à améliorer le sort des esclaves,
un règne ouvert aux influences religieuses extérieures, au point que son intérêt pour le catholicisme aurait pu lui coûter la vie.
Ces éléments font d’Agonglo un souverain dont la mémoire est marquée par la modération, la réforme et la sensibilité aux réalités humaines.
4. 
• Wikipédia (FR) — Rois d’Abomey., https://fr.wikipedia.org/wiki/Roi_d%27Abomey

=== SOURCES ===
• Wikipédia (FR) — Agonglo., https://fr.wikipedia.org/wiki/Agonglo",3385,530,66,6,3451,536,True,True,1,Symbole_de_Agonglo_roi_du_Dahomey.jpg,Donnees_soutenance\Abomey\Rois du Dahomey\Agonglo\Agonglo.docx,Donnees_soutenance\Abomey\Rois du Dahomey\Agonglo,Rois du Dahomey/Agonglo,"{'source_name': 'Wikipédia (FR)', 'description': 'Agonglo.', 'url': 'https://fr.wikipedia.org/wiki/Agonglo', 'source_type': 'wikipédia', 'raw_text': '• Wikipédia (FR) — Agonglo., https://fr.wikipedia.org/wiki/Agonglo'}",https://fr.wikipedia.org/wiki/Agonglo,Symbole_de_Agonglo_roi_du_Dahomey.jpg
Abomey,Rois du Dahomey,Akaba,Akaba.docx,Akaba,"Houessou Akaba (1685 – 1708)
Quatrième roi d’Abomey – Continuateur des institutions du Dahomey
1. Résumé
Houessou Akaba, fils du roi fondateur Aho Houégbadja, régna sur Abomey de 1685 à 1708. Il consolida l’organisation politique et rituelle mise en place par son père, notamment en fixant les institutions royales et les cérémonies d’intronisation. Son règne, marqué par la continuité et la structuration, fut brutalement interrompu lorsqu’il succomba à une épidémie de variole. Il est traditionnellement associé à plusieurs symboles, dont le phacochère, le couteau et le caméléon. À sa mort, son frère Agadja lui succède.
2. Biographie complète
Origines et accession au trône
Houessou Akaba est né au sein de la dynastie royale fon, fils d’Aho Houégbadja, considéré comme le fondateur du royaume du Dahomey. Héritier légitime du trône, il succède à son père en 1685, après un règne long et structurant de ce dernier.
Son accession au pouvoir s’inscrit dans une continuité dynastique clairement établie : Aho Houégbadja l’avait désigné comme son successeur officiel, garantissant ainsi une transition stable au sein du jeune royaume.
Consolidation du royaume
Dès le début de son règne, Akaba s’attache à poursuivre l’œuvre administrative commencée par Houégbadja.
Il joue un rôle majeur dans la mise en place définitive des structures politiques du Dahomey :
il fixe les institutions du pouvoir royal, en clarifiant les fonctions, titres et responsabilités attribués aux dignitaires ;
il formalise les rituels d’intronisation des rois d’Abomey, qui deviendront des traditions centrales et seront observés par tous ses successeurs ;
il renforce la centralisation du royaume et la stabilité interne, assurant la continuité de l’autorité monarchique.
Bien que moins expansif militairement que certains rois à venir, Akaba maintient l’unité du royaume et conforte la légitimité de la dynastie.
Fin de règne
En 1708, Houessou Akaba meurt soudainement à Lissèzoun, frappé par une violente épidémie de variole, une maladie qui ravage régulièrement la région à l’époque.
Sa disparition laisse le trône vacant, et son frère Agadja, figure majeure de l’histoire dahoméenne, lui succède.
3. Symboles, mythes et héritage
Symboles
Les rois d’Abomey sont traditionnellement associés à des symboles représentant leurs qualités, leur vision du pouvoir ou leur légende personnelle.
Pour Akaba, on retient :
Phacochère (sanglier)
→ « Quand le phacochère regarde vers le ciel, il se fait égorger. »
Symbole d’audace, mais aussi de vulnérabilité face à l’imprudence.
Couteau / sabre
Symbole d’autorité, de puissance et de capacité à trancher les décisions importantes.
Caméléon
→ « Lentement, doucement, le caméléon atteint la cime du fromager. »
Incarnation de la patience, de la stratégie et de la progression maîtrisée.
Ces symboles sont visibles aujourd’hui sur les bas-reliefs historiques d’Abomey, notamment à la place Goho.
Mythes et traditions
Akaba est honoré dans les grandes cérémonies royales du Dahomey, notamment lors des Coutumes, qui rendent hommage aux ancêtres et aux lignées régnantes.
Sa figure est associée aux débuts de la formalisation du pouvoir, et il est perçu comme celui qui a fait passer le Dahomey d’un cadre naissant à une monarchie pleinement instituée.
Héritage
L’héritage d’Akaba se distingue par son rôle de consolidateur :
Il stabilise les institutions fondatrices du royaume.
Il instaure les rituels qui définiront la monarchie dahoméenne durant des siècles.
Sa mort ouvre ensuite la voie au règne d’Agadja, l’un des rois les plus conquérants du Dahomey.
Ainsi, Houessou Akaba apparaît comme une figure essentielle du passage d’un royaume en formation à une monarchie dotée de traditions et d’une organisation solide.
4. 
Wikipédia (FR) — Liste des rois d’Abomey, https://fr.wikipedia.org/wiki/Roi_d%27Abomey","Wikipédia (FR) — Houessou Akaba, https://fr.wikipedia.org/wiki/Houessou_Akaba",1,1,"Houessou Akaba (1685 – 1708)
Quatrième roi d’Abomey – Continuateur des institutions du Dahomey
1. Résumé
Houessou Akaba, fils du roi fondateur Aho Houégbadja, régna sur Abomey de 1685 à 1708. Il consolida l’organisation politique et rituelle mise en place par son père, notamment en fixant les institutions royales et les cérémonies d’intronisation. Son règne, marqué par la continuité et la structuration, fut brutalement interrompu lorsqu’il succomba à une épidémie de variole. Il est traditionnellement associé à plusieurs symboles, dont le phacochère, le couteau et le caméléon. À sa mort, son frère Agadja lui succède.
2. Biographie complète
Origines et accession au trône
Houessou Akaba est né au sein de la dynastie royale fon, fils d’Aho Houégbadja, considéré comme le fondateur du royaume du Dahomey. Héritier légitime du trône, il succède à son père en 1685, après un règne long et structurant de ce dernier.
Son accession au pouvoir s’inscrit dans une continuité dynastique clairement établie : Aho Houégbadja l’avait désigné comme son successeur officiel, garantissant ainsi une transition stable au sein du jeune royaume.
Consolidation du royaume
Dès le début de son règne, Akaba s’attache à poursuivre l’œuvre administrative commencée par Houégbadja.
Il joue un rôle majeur dans la mise en place définitive des structures politiques du Dahomey :
il fixe les institutions du pouvoir royal, en clarifiant les fonctions, titres et responsabilités attribués aux dignitaires ;
il formalise les rituels d’intronisation des rois d’Abomey, qui deviendront des traditions centrales et seront observés par tous ses successeurs ;
il renforce la centralisation du royaume et la stabilité interne, assurant la continuité de l’autorité monarchique.
Bien que moins expansif militairement que certains rois à venir, Akaba maintient l’unité du royaume et conforte la légitimité de la dynastie.
Fin de règne
En 1708, Houessou Akaba meurt soudainement à Lissèzoun, frappé par une violente épidémie de variole, une maladie qui ravage régulièrement la région à l’époque.
Sa disparition laisse le trône vacant, et son frère Agadja, figure majeure de l’histoire dahoméenne, lui succède.
3. Symboles, mythes et héritage
Symboles
Les rois d’Abomey sont traditionnellement associés à des symboles représentant leurs qualités, leur vision du pouvoir ou leur légende personnelle.
Pour Akaba, on retient :
Phacochère (sanglier)
→ « Quand le phacochère regarde vers le ciel, il se fait égorger. »
Symbole d’audace, mais aussi de vulnérabilité face à l’imprudence.
Couteau / sabre
Symbole d’autorité, de puissance et de capacité à trancher les décisions importantes.
Caméléon
→ « Lentement, doucement, le caméléon atteint la cime du fromager. »
Incarnation de la patience, de la stratégie et de la progression maîtrisée.
Ces symboles sont visibles aujourd’hui sur les bas-reliefs historiques d’Abomey, notamment à la place Goho.
Mythes et traditions
Akaba est honoré dans les grandes cérémonies royales du Dahomey, notamment lors des Coutumes, qui rendent hommage aux ancêtres et aux lignées régnantes.
Sa figure est associée aux débuts de la formalisation du pouvoir, et il est perçu comme celui qui a fait passer le Dahomey d’un cadre naissant à une monarchie pleinement instituée.
Héritage
L’héritage d’Akaba se distingue par son rôle de consolidateur :
Il stabilise les institutions fondatrices du royaume.
Il instaure les rituels qui définiront la monarchie dahoméenne durant des siècles.
Sa mort ouvre ensuite la voie au règne d’Agadja, l’un des rois les plus conquérants du Dahomey.
Ainsi, Houessou Akaba apparaît comme une figure essentielle du passage d’un royaume en formation à une monarchie dotée de traditions et d’une organisation solide.
4. 
Wikipédia (FR) — Liste des rois d’Abomey, https://fr.wikipedia.org/wiki/Roi_d%27Abomey

=== SOURCES ===
Wikipédia (FR) — Houessou Akaba, https://fr.wikipedia.org/wiki/Houessou_Akaba",3826,579,77,6,3903,585,True,True,4,"Caméléon,Symbole_de_Akaba_roi_du_Dahomey_.jpg|||Phacochère,Symbole_de_Akaba_roi_du_Dahomey.jpg|||forge du roi Akaba.jpg|||palais du roi Akaba.jpg",Donnees_soutenance\Abomey\Rois du Dahomey\Akaba\Akaba.docx,Donnees_soutenance\Abomey\Rois du Dahomey\Akaba,Rois du Dahomey/Akaba,"{'source_name': '', 'description': 'Wikipédia (FR) — Houessou Akaba, https://fr.wikipedia.org/wiki/Houessou_Akaba', 'url': '', 'source_type': 'texte', 'raw_text': 'Wikipédia (FR) — Houessou Akaba, https://fr.wikipedia.org/wiki/Houessou_Akaba'}",https://fr.wikipedia.org/wiki/Houessou_Akaba,"Caméléon,Symbole_de_Akaba_roi_du_Dahomey_.jpg | Phacochère,Symbole_de_Akaba_roi_du_Dahomey.jpg | forge du roi Akaba.jpg | palais du roi Akaba.jpg"
Abomey,Rois du Dahomey,Béhanzin,Béhanzin.docx,Béhanzin,"Béhanzin (1890 – 1894)
Onzième roi d’Abomey – Dernier souverain indépendant du Dahomey et symbole de la résistance anti-coloniale
1. Résumé
Béhanzin, né Ahokponou en 1845 et fils du roi Glélé, régna sur le Dahomey de janvier 1890 à janvier 1894. Connu d’abord sous le nom de prince Kondo, il devint roi après la mort de son père et le décès mystérieux de son demi-frère héritier. Son règne fut marqué par la résistance acharnée à la colonisation française, la défense de l’intégrité de son royaume et l’organisation militaire de son armée, incluant les célèbres Amazones du Dahomey. Défait, il fut exilé en Martinique puis en Algérie, où il mourut en 1906. Béhanzin demeure un héros national au Bénin, symbole de courage et de refus de la soumission coloniale.
2. Biographie complète
Origines et accession au trône
Béhanzin naît en 1845 sous le nom d’Ahokponou. Fils du roi Glélé, il est désigné en 1875 comme héritier du trône et prend le nom de prince Kondo. Il grandit dans un environnement de conflits permanents, se préparant très tôt à gouverner et à défendre son royaume. À la mort de Glélé le 28 décembre 1889, et après le décès mystérieux de son demi-frère Ahanhanzo, Ahokponou est couronné roi le 6 janvier 1890 sous le nom de Béhanzin. Son couronnement est marqué par des sacrifices humains, conformément aux traditions royales.
Début de règne et premières confrontations
Dès son accession, Béhanzin doit faire face aux tensions avec la France. Il conteste les accords antérieurs, notamment l’attribution des droits de douane de Cotonou aux Français, et prend la relève pour diriger les opérations militaires contre eux après que son père devient incapable. Dès février 1890, les troupes françaises débarquent à Cotonou, mais sont repoussées grâce à l’organisation militaire rigoureuse de Béhanzin. Il détient même des otages français et négocie directement avec eux, tout en renforçant son armée avec des armes modernes fournies par les Allemands et des conseillers militaires européens.
Guerres et défaites
Malgré sa préparation et la bravoure de ses troupes, dont les Amazones du Dahomey, Béhanzin subit plusieurs revers. Le 19 septembre 1892, les Français remportent la bataille de Dogba et, le 4 novembre 1892, ils prennent le palais royal d’Abomey, incendié volontairement par le roi avant sa fuite. La chute de Cana en novembre 1892 marque l’échec définitif de sa résistance organisée contre l’armée coloniale.
Fuite et résistance
Béhanzin se réfugie à Atchérigbé et organise un système d’espionnage pour échapper aux Français. Il est soutenu par des croyances mystiques et l’amulette du Dahomey, mais la population locale est divisée, et les maladies, désertions et pressions françaises isolent peu à peu le roi. Son frère, le prince Goutchili, est nommé roi sous le nom d’Agoli-Agbo, contribuant à trahir sa cachette. Après des négociations infructueuses et une résistance acharnée, Béhanzin signe sa reddition le 15 janvier 1894.
Exil en Martinique
Déporté en Martinique le 30 mars 1894, Béhanzin y réside avec sa famille sous surveillance. D’abord au Fort Tartenson puis à la Villa des Bosquets près de Fort-de-France, il est progressivement oublié du public, malgré sa célébrité initiale. Il s’attache à l’éducation de son fils Ouanilo et maintient des correspondances régulières avec le gouvernement français pour obtenir le droit de rentrer au Dahomey, sans succès.
Exil en Algérie et mort
En 1906, Béhanzin quitte enfin la Martinique pour la France, puis est conduit en Algérie, jugé indésirable au Dahomey. Il réside à Blida, puis à Alger, où il meurt le 10 décembre 1906 d’une maladie pulmonaire. Ses cendres sont ramenées à Abomey en 1928, grâce aux démarches de son fils Ouanilo, et inhumées solennellement à Djimé.
3. Symboles, mythes et héritage
Symboles et emblèmes
Totem : léopard
Insignes royaux : kataklè (tabouret tripode), afokpa (sandales), avotita (pagne décoré), awè (parasol), mankpo (récade), so (fusil), hwi (sabre)
Emblème personnel : œuf, requin et deux cocotiers – symbole de son nom signifiant « l'œuf du monde ou le fils du requin »
Noms et surnoms : « axósú gbôwélé » (« roi requin »), prince Kondo (« vipère bien installée dans l’argile »)
Mythes et traditions
Sa résistance est entourée de mystères, notamment ses pouvoirs magiques et l’amulette du Dahomey.
Sa lutte contre les colonisateurs, les sacrifices humains et la discipline de ses armées ont alimenté la mémoire nationale et la presse française de l’époque.
Héritage
Symbolise la résistance à la colonisation et le refus de céder son royaume.
Statue sur la place Goho à Abomey : drapé dans son pagne royal, la main tendue, symbole de courage et de détermination, accompagnée de la phrase : « Le Requin se rend. Mais, les fils du Requin ne trahiront pas ».
Son trône monoxyle figure parmi les collections historiques restituées au Bénin en 2021.
4. 
Wikipédia (FR) — Rois d’Abomey, https://fr.wikipedia.org/wiki/Roi_d%27Abomey","Wikipédia (FR) —Béhanzin, https://fr.wikipedia.org/wiki/B%C3%A9hanzin",1,1,"Béhanzin (1890 – 1894)
Onzième roi d’Abomey – Dernier souverain indépendant du Dahomey et symbole de la résistance anti-coloniale
1. Résumé
Béhanzin, né Ahokponou en 1845 et fils du roi Glélé, régna sur le Dahomey de janvier 1890 à janvier 1894. Connu d’abord sous le nom de prince Kondo, il devint roi après la mort de son père et le décès mystérieux de son demi-frère héritier. Son règne fut marqué par la résistance acharnée à la colonisation française, la défense de l’intégrité de son royaume et l’organisation militaire de son armée, incluant les célèbres Amazones du Dahomey. Défait, il fut exilé en Martinique puis en Algérie, où il mourut en 1906. Béhanzin demeure un héros national au Bénin, symbole de courage et de refus de la soumission coloniale.
2. Biographie complète
Origines et accession au trône
Béhanzin naît en 1845 sous le nom d’Ahokponou. Fils du roi Glélé, il est désigné en 1875 comme héritier du trône et prend le nom de prince Kondo. Il grandit dans un environnement de conflits permanents, se préparant très tôt à gouverner et à défendre son royaume. À la mort de Glélé le 28 décembre 1889, et après le décès mystérieux de son demi-frère Ahanhanzo, Ahokponou est couronné roi le 6 janvier 1890 sous le nom de Béhanzin. Son couronnement est marqué par des sacrifices humains, conformément aux traditions royales.
Début de règne et premières confrontations
Dès son accession, Béhanzin doit faire face aux tensions avec la France. Il conteste les accords antérieurs, notamment l’attribution des droits de douane de Cotonou aux Français, et prend la relève pour diriger les opérations militaires contre eux après que son père devient incapable. Dès février 1890, les troupes françaises débarquent à Cotonou, mais sont repoussées grâce à l’organisation militaire rigoureuse de Béhanzin. Il détient même des otages français et négocie directement avec eux, tout en renforçant son armée avec des armes modernes fournies par les Allemands et des conseillers militaires européens.
Guerres et défaites
Malgré sa préparation et la bravoure de ses troupes, dont les Amazones du Dahomey, Béhanzin subit plusieurs revers. Le 19 septembre 1892, les Français remportent la bataille de Dogba et, le 4 novembre 1892, ils prennent le palais royal d’Abomey, incendié volontairement par le roi avant sa fuite. La chute de Cana en novembre 1892 marque l’échec définitif de sa résistance organisée contre l’armée coloniale.
Fuite et résistance
Béhanzin se réfugie à Atchérigbé et organise un système d’espionnage pour échapper aux Français. Il est soutenu par des croyances mystiques et l’amulette du Dahomey, mais la population locale est divisée, et les maladies, désertions et pressions françaises isolent peu à peu le roi. Son frère, le prince Goutchili, est nommé roi sous le nom d’Agoli-Agbo, contribuant à trahir sa cachette. Après des négociations infructueuses et une résistance acharnée, Béhanzin signe sa reddition le 15 janvier 1894.
Exil en Martinique
Déporté en Martinique le 30 mars 1894, Béhanzin y réside avec sa famille sous surveillance. D’abord au Fort Tartenson puis à la Villa des Bosquets près de Fort-de-France, il est progressivement oublié du public, malgré sa célébrité initiale. Il s’attache à l’éducation de son fils Ouanilo et maintient des correspondances régulières avec le gouvernement français pour obtenir le droit de rentrer au Dahomey, sans succès.
Exil en Algérie et mort
En 1906, Béhanzin quitte enfin la Martinique pour la France, puis est conduit en Algérie, jugé indésirable au Dahomey. Il réside à Blida, puis à Alger, où il meurt le 10 décembre 1906 d’une maladie pulmonaire. Ses cendres sont ramenées à Abomey en 1928, grâce aux démarches de son fils Ouanilo, et inhumées solennellement à Djimé.
3. Symboles, mythes et héritage
Symboles et emblèmes
Totem : léopard
Insignes royaux : kataklè (tabouret tripode), afokpa (sandales), avotita (pagne décoré), awè (parasol), mankpo (récade), so (fusil), hwi (sabre)
Emblème personnel : œuf, requin et deux cocotiers – symbole de son nom signifiant « l'œuf du monde ou le fils du requin »
Noms et surnoms : « axósú gbôwélé » (« roi requin »), prince Kondo (« vipère bien installée dans l’argile »)
Mythes et traditions
Sa résistance est entourée de mystères, notamment ses pouvoirs magiques et l’amulette du Dahomey.
Sa lutte contre les colonisateurs, les sacrifices humains et la discipline de ses armées ont alimenté la mémoire nationale et la presse française de l’époque.
Héritage
Symbolise la résistance à la colonisation et le refus de céder son royaume.
Statue sur la place Goho à Abomey : drapé dans son pagne royal, la main tendue, symbole de courage et de détermination, accompagnée de la phrase : « Le Requin se rend. Mais, les fils du Requin ne trahiront pas ».
Son trône monoxyle figure parmi les collections historiques restituées au Bénin en 2021.
4. 
Wikipédia (FR) — Rois d’Abomey, https://fr.wikipedia.org/wiki/Roi_d%27Abomey

=== SOURCES ===
Wikipédia (FR) —Béhanzin, https://fr.wikipedia.org/wiki/B%C3%A9hanzin",4936,793,69,4,5005,797,True,True,5,Armes_de_Behanzin.jpg|||Palais privé de Béhanzin.jpg|||Symbole_de_Behanzin_roi_du_Dahomey_au_mur_de_la_place_Goho_à_Abomey_au_Bénin.jpg|||entrée du palais privé de Béhanzin.jpg|||palais privé du roi Béhanzin.jpg,Donnees_soutenance\Abomey\Rois du Dahomey\Béhanzin\Béhanzin.docx,Donnees_soutenance\Abomey\Rois du Dahomey\Béhanzin,Rois du Dahomey/Béhanzin,"{'source_name': '', 'description': 'Wikipédia (FR) —Béhanzin, https://fr.wikipedia.org/wiki/B%C3%A9hanzin', 'url': '', 'source_type': 'texte', 'raw_text': 'Wikipédia (FR) —Béhanzin, https://fr.wikipedia.org/wiki/B%C3%A9hanzin'}",https://fr.wikipedia.org/wiki/B%C3%A9hanzin,Armes_de_Behanzin.jpg | Palais privé de Béhanzin.jpg | Symbole_de_Behanzin_roi_du_Dahomey_au_mur_de_la_place_Goho_à_Abomey_au_Bénin.jpg | entrée du palais privé de Béhanzin.jpg | palais privé du roi Béhanzin.jpg
Abomey,Rois du Dahomey,Glèlè,Glèlè.docx,Glèlè,"Glèlè (1858 – 1889)
Dixième roi d’Abomey – Fils et successeur du roi Ghézo
1. Résumé
Badohoun, plus connu sous le nom de règne Glèlè, dirigea le royaume d’Abomey de 1858 à 1889. Héritier du roi Ghézo, il poursuivit les expéditions militaires initiées par son père, notamment dans un esprit de vengeance. Son règne est marqué par un tournant majeur : en 1868, il signe un traité par lequel il cède Cotonou aux Français. À sa mort en 1889, son fils Kondo lui succède sous le nom de Behanzin. Son symbole royal est le lion, image de puissance et d’intimidation.
2. Biographie complète
Origines et accession au trône
Né sous le nom de Badohoun, Glèlè est le fils du roi Ghézo. Il monte sur le trône en 1858, après la mort de son père, et devient traditionnellement — si l’on exclut la reine Hangbè et Adandozan — le dixième roi d’Abomey.
Règne et actions politiques
Le règne de Glèlè s’inscrit dans la continuité des conflits militaires menés par Ghézo. Il mène plusieurs expéditions militaires, notamment dans une volonté affichée de venger son père.
Le moment le plus marquant de son règne survient le 19 mai 1868, lorsqu’il signe un traité avec les Français cédant Cotonou. Cet acte ouvre la voie à une présence française plus profonde dans la région.
Relations avec la France
La fin de son règne et la transition vers celui de son fils Behanzin sont marquées par la montée des tensions avec les troupes coloniales. Les négociations avec les Français sont assurées, entre autres, par Yaya Migansi, l’une des filles du roi Glèlè.
Fin de règne
Glèlè meurt le 29 décembre 1889. Son fils Kondo, devenu roi sous le nom de Behanzin, lui succède. Ce dernier devra affronter l’armée coloniale française avant de s’enfuir puis de se rendre et être exilé.
3. Symboles, mythes et héritage
Symbole
Le lion
« Le lionceau sème la terreur parmi ses ennemis dès que ses dents ont poussé. »
Ce symbole souligne la force, la férocité et l’autorité dont Glèlè voulait entourer son règne.
Héritage
Il laisse un royaume engagé dans des rapports diplomatiques complexes avec la France.
Son règne prépare, malgré lui, la période de confrontation coloniale qui culminera sous son fils Behanzin.
Son adoption du lion comme emblème reste l’un des symboles les plus puissants du panthéon iconographique d’Abomey.
4. 
Wikipédia (FR) — Rois d’Abomey : https://fr.wikipedia.org/wiki/Roi_d%27Abomey",Wikipédia (FR) — Glèlè : https://fr.wikipedia.org/wiki/Gl%C3%A9l%C3%A9,1,1,"Glèlè (1858 – 1889)
Dixième roi d’Abomey – Fils et successeur du roi Ghézo
1. Résumé
Badohoun, plus connu sous le nom de règne Glèlè, dirigea le royaume d’Abomey de 1858 à 1889. Héritier du roi Ghézo, il poursuivit les expéditions militaires initiées par son père, notamment dans un esprit de vengeance. Son règne est marqué par un tournant majeur : en 1868, il signe un traité par lequel il cède Cotonou aux Français. À sa mort en 1889, son fils Kondo lui succède sous le nom de Behanzin. Son symbole royal est le lion, image de puissance et d’intimidation.
2. Biographie complète
Origines et accession au trône
Né sous le nom de Badohoun, Glèlè est le fils du roi Ghézo. Il monte sur le trône en 1858, après la mort de son père, et devient traditionnellement — si l’on exclut la reine Hangbè et Adandozan — le dixième roi d’Abomey.
Règne et actions politiques
Le règne de Glèlè s’inscrit dans la continuité des conflits militaires menés par Ghézo. Il mène plusieurs expéditions militaires, notamment dans une volonté affichée de venger son père.
Le moment le plus marquant de son règne survient le 19 mai 1868, lorsqu’il signe un traité avec les Français cédant Cotonou. Cet acte ouvre la voie à une présence française plus profonde dans la région.
Relations avec la France
La fin de son règne et la transition vers celui de son fils Behanzin sont marquées par la montée des tensions avec les troupes coloniales. Les négociations avec les Français sont assurées, entre autres, par Yaya Migansi, l’une des filles du roi Glèlè.
Fin de règne
Glèlè meurt le 29 décembre 1889. Son fils Kondo, devenu roi sous le nom de Behanzin, lui succède. Ce dernier devra affronter l’armée coloniale française avant de s’enfuir puis de se rendre et être exilé.
3. Symboles, mythes et héritage
Symbole
Le lion
« Le lionceau sème la terreur parmi ses ennemis dès que ses dents ont poussé. »
Ce symbole souligne la force, la férocité et l’autorité dont Glèlè voulait entourer son règne.
Héritage
Il laisse un royaume engagé dans des rapports diplomatiques complexes avec la France.
Son règne prépare, malgré lui, la période de confrontation coloniale qui culminera sous son fils Behanzin.
Son adoption du lion comme emblème reste l’un des symboles les plus puissants du panthéon iconographique d’Abomey.
4. 
Wikipédia (FR) — Rois d’Abomey : https://fr.wikipedia.org/wiki/Roi_d%27Abomey

=== SOURCES ===
Wikipédia (FR) — Glèlè : https://fr.wikipedia.org/wiki/Gl%C3%A9l%C3%A9",2366,398,70,6,2436,404,True,True,2,Symbole_de_Glèlè_roi_du_Dahomey.jpg|||palais du roi Glèlè.jpg,Donnees_soutenance\Abomey\Rois du Dahomey\Glèlè\Glèlè.docx,Donnees_soutenance\Abomey\Rois du Dahomey\Glèlè,Rois du Dahomey/Glèlè,"{'source_name': '', 'description': 'Wikipédia (FR) — Glèlè : https://fr.wikipedia.org/wiki/Gl%C3%A9l%C3%A9', 'url': '', 'source_type': 'texte', 'raw_text': 'Wikipédia (FR) — Glèlè : https://fr.wikipedia.org/wiki/Gl%C3%A9l%C3%A9'}",https://fr.wikipedia.org/wiki/Gl%C3%A9l%C3%A9,Symbole_de_Glèlè_roi_du_Dahomey.jpg | palais du roi Glèlè.jpg
Abomey,Rois du Dahomey,Guézo,Ghézo.docx,Ghézo,"Ghézo (1818 – 1858)
Neuvième roi d’Abomey (si l’on exclut Adandozan et la reine Hangbè)
1. Résumé
Ghézo, né prince Gakpe, régna sur Abomey pendant quarante ans, de 1818 à 1858. Il arrive au pouvoir après le renversement d’Adandozan, son demi-frère. Réformateur majeur, il réorganise le royaume, restaure la paix interne, renforce l’armée — notamment le célèbre corps des Amazones — et affranchit le Dahomey du tribut imposé par l’État d’Oyo. Acteur clé de la traite négrière, il capture de nombreux Africains pour les vendre sur la côte, tout en introduisant de nouvelles cultures agricoles pour anticiper le déclin annoncé du commerce des esclaves. Son règne est marqué par l’influence du marchand brésilien Francisco Félix de Souza, qui l’a aidé à prendre le pouvoir et devient l’un des plus puissants dignitaires du royaume.
2. Biographie complète
Origines et accession au trône
Ghézo — orthographié aussi Guézo ou Gezo — est le fils du roi Agonglo et, selon certaines sources, de Na Agontimé (parfois identifiée à Maria Jesuina). Il est le demi-frère d’Adandozan.
Il accède au trône en 1818, après la chute d’Adandozan, dans un contexte politique où intervient le commerçant « brésilien » Francisco Félix de Souza. Ce dernier, enrichi par la traite des esclaves depuis 1788, joue un rôle déterminant dans la prise de pouvoir de Ghézo.
Réformes, organisation et transformations du royaume
Dès le début de son règne, Ghézo réorganise profondément le Dahomey :
Rétablissement de la paix civile après les tensions autour de la succession.
Réforme de l’armée, avec un corps d’Amazones puissant et discipliné.
Attaques contre les Yorouba, qui lui permet de s’affranchir du tribut dû à l’État d’Oyo.
Implication dans la traite négrière, avec la capture et la vente de nombreux Africains sur la Côte des Esclaves.
Introduction de nouvelles cultures agricoles afin de préparer une économie post-traite, percevant la menace qui pèse sur le commerce des esclaves.
Francisco Félix de Souza devient sous son règne l’un des dignitaires les plus influents du royaume. À sa mort en 1858, ses fils héritent de sa charge.
Fin de règne
Ghézo meurt en 1858, après quarante ans de règne. Il est succédé par son fils Glélé.
3. Symboles, mythes et héritage
Symboles
Jarre trouée
« Si chacun de vous, fils de cette nation, peut boucher un trou avec son doigt, la jarre retiendra l’eau. »
Ce symbole renvoie à l’idée d’unité nationale et d’action collective.
Buffle puissant
« Le buffle puissant traverse le pays et rien ne peut l’arrêter ou s’opposer à lui. »
Une métaphore de la force militaire et de la puissance du royaume sous Ghézo.
Héritage
Restauration de la paix interne après les crises de succession.
Renforcement et prestige de l’armée, notamment les Amazones.
Libération du Dahomey de l’influence d’Oyo.
Marque durable sur l’organisation militaire, politique et économique du royaume.
Influence importante du réseau commercial de Francisco Félix de Souza.
4. 
Wikipédia (FR) — Rois d’Abomey, https://fr.wikipedia.org/wiki/Roi_d%27Abomey","Wikipédia (FR) — Ghézo, https://fr.wikipedia.org/wiki/Gh%C3%A9zo",1,1,"Ghézo (1818 – 1858)
Neuvième roi d’Abomey (si l’on exclut Adandozan et la reine Hangbè)
1. Résumé
Ghézo, né prince Gakpe, régna sur Abomey pendant quarante ans, de 1818 à 1858. Il arrive au pouvoir après le renversement d’Adandozan, son demi-frère. Réformateur majeur, il réorganise le royaume, restaure la paix interne, renforce l’armée — notamment le célèbre corps des Amazones — et affranchit le Dahomey du tribut imposé par l’État d’Oyo. Acteur clé de la traite négrière, il capture de nombreux Africains pour les vendre sur la côte, tout en introduisant de nouvelles cultures agricoles pour anticiper le déclin annoncé du commerce des esclaves. Son règne est marqué par l’influence du marchand brésilien Francisco Félix de Souza, qui l’a aidé à prendre le pouvoir et devient l’un des plus puissants dignitaires du royaume.
2. Biographie complète
Origines et accession au trône
Ghézo — orthographié aussi Guézo ou Gezo — est le fils du roi Agonglo et, selon certaines sources, de Na Agontimé (parfois identifiée à Maria Jesuina). Il est le demi-frère d’Adandozan.
Il accède au trône en 1818, après la chute d’Adandozan, dans un contexte politique où intervient le commerçant « brésilien » Francisco Félix de Souza. Ce dernier, enrichi par la traite des esclaves depuis 1788, joue un rôle déterminant dans la prise de pouvoir de Ghézo.
Réformes, organisation et transformations du royaume
Dès le début de son règne, Ghézo réorganise profondément le Dahomey :
Rétablissement de la paix civile après les tensions autour de la succession.
Réforme de l’armée, avec un corps d’Amazones puissant et discipliné.
Attaques contre les Yorouba, qui lui permet de s’affranchir du tribut dû à l’État d’Oyo.
Implication dans la traite négrière, avec la capture et la vente de nombreux Africains sur la Côte des Esclaves.
Introduction de nouvelles cultures agricoles afin de préparer une économie post-traite, percevant la menace qui pèse sur le commerce des esclaves.
Francisco Félix de Souza devient sous son règne l’un des dignitaires les plus influents du royaume. À sa mort en 1858, ses fils héritent de sa charge.
Fin de règne
Ghézo meurt en 1858, après quarante ans de règne. Il est succédé par son fils Glélé.
3. Symboles, mythes et héritage
Symboles
Jarre trouée
« Si chacun de vous, fils de cette nation, peut boucher un trou avec son doigt, la jarre retiendra l’eau. »
Ce symbole renvoie à l’idée d’unité nationale et d’action collective.
Buffle puissant
« Le buffle puissant traverse le pays et rien ne peut l’arrêter ou s’opposer à lui. »
Une métaphore de la force militaire et de la puissance du royaume sous Ghézo.
Héritage
Restauration de la paix interne après les crises de succession.
Renforcement et prestige de l’armée, notamment les Amazones.
Libération du Dahomey de l’influence d’Oyo.
Marque durable sur l’organisation militaire, politique et économique du royaume.
Influence importante du réseau commercial de Francisco Félix de Souza.
4. 
Wikipédia (FR) — Rois d’Abomey, https://fr.wikipedia.org/wiki/Roi_d%27Abomey

=== SOURCES ===
Wikipédia (FR) — Ghézo, https://fr.wikipedia.org/wiki/Gh%C3%A9zo",3028,483,64,5,3092,488,True,True,2,Symbole_de_Ghézo_roi_du_Dahomey.jpg|||palais du roi Ghézo.jpg,Donnees_soutenance\Abomey\Rois du Dahomey\Guézo\Ghézo.docx,Donnees_soutenance\Abomey\Rois du Dahomey\Guézo,Rois du Dahomey/Guézo,"{'source_name': '', 'description': 'Wikipédia (FR) — Ghézo, https://fr.wikipedia.org/wiki/Gh%C3%A9zo', 'url': '', 'source_type': 'texte', 'raw_text': 'Wikipédia (FR) — Ghézo, https://fr.wikipedia.org/wiki/Gh%C3%A9zo'}",https://fr.wikipedia.org/wiki/Gh%C3%A9zo,Symbole_de_Ghézo_roi_du_Dahomey.jpg | palais du roi Ghézo.jpg
Abomey,Rois du Dahomey,Houégbadja,Houégbadja.docx,Houégbadja,"Aho Houégbadja (1645 – 1685)
Troisième roi d’Abomey – Considéré comme le fondateur du royaume du Dahomey
1. Résumé
Aho Houégbadja — aussi appelé Wegbaja ou Aho — régna sur le Dahomey pendant près de quarante ans. Héritier de Dakodonu, il posa les bases administratives, religieuses et politiques du futur royaume. Fondateur de la cité d’Abomey et organisateur de ses institutions, il est perçu dans les traditions comme le premier véritable roi du Dahomey. À sa mort, son fils Houessou Akaba lui succède.
2. Biographie complète
Origines et accession au trône
L’histoire d’Houégbadja est profondément ancrée dans la tradition orale. Selon la version la plus répandue, il serait le fils — ou dans certaines versions, le fils adoptif — du roi Dakodonu. Une femme Gedevi, Adonon, promise à Dakodonu, tomba enceinte de Houégbadja, ce qui provoqua sa déshéritation.
Ce n’est qu’après avoir éliminé un puissant rival de Dakodonu que le jeune prince fut réhabilité et finalement reconnu comme héritier présomptif. À la mort de Dakodonu, il accède au trône, sous le nom de Houégbadja.
Fondation d’Abomey et expansion
À son arrivée au pouvoir, il fait construire son palais nommé Agbome — « au milieu des remparts » — près de Guedevi, posant ainsi les fondations de la future capitale royale.
Il annexe les petites chefferies de la région, étendant son influence par un savant mélange d’alliances, de stratégies militaires et de ruse. Certaines traditions lui attribuent même les premières expansions du royaume hors du plateau d’Abomey.
Réformes et organisation du royaume
Houégbadja laisse une empreinte profonde sur la structure du royaume. Il établit les palais royaux d’Abomey, met en place une administration hiérarchisée, crée des impôts par tête, des droits de succession et développe les rituels religieux destinés aux ancêtres.
Il nomme des ministres, promulgue des lois et façonne ainsi les fondations politiques, culturelles et religieuses du Dahomey.
Il est parfois cité comme fondateur des Amazones du Dahomey, bien que cette affirmation demeure peu probable.
Fin de règne
À la fin de sa vie, Houégbadja désigne son fils aîné Akaba comme héritier. À sa mort, vers 1685, Akaba monte sur le trône.
3. Symboles, mythes et héritage
Symboles
Poisson et nasse
« Le poisson échappé de la nasse fuit la nasse ».
Ce symbole reflète à la fois la ruse, l’agilité politique et les stratégies subtiles qui ont marqué son règne.
Mythes et traditions
Il est le premier roi honoré lors des grandes cérémonies annuelles du Dahomey, les Coutumes, centrées sur le culte des ancêtres royaux.
Son histoire est intimement liée aux peuples autochtones Gedevi et aux récits fon.
Héritage
Houégbadja est considéré par de nombreux historiens et par la tradition comme le véritable fondateur du Dahomey :
il établit la capitale,
pose les bases de l’administration,
organise la religion d’État,
et amorce l’expansion du royaume.
En 2018, un ouvrage lui est dédié :
Arthur Vido, Une étude sur l'histoire du Danhomè : Biographie du roi Houégbadja (1645–1685).
4. 
Wikipédia (EN) — Houegbadja., https://en.wikipedia.org/wiki/Houegbadja","Wikipédia (FR) — Aho Houégbadja., https://fr.wikipedia.org/wiki/Aho_Houegbadja",1,1,"Aho Houégbadja (1645 – 1685)
Troisième roi d’Abomey – Considéré comme le fondateur du royaume du Dahomey
1. Résumé
Aho Houégbadja — aussi appelé Wegbaja ou Aho — régna sur le Dahomey pendant près de quarante ans. Héritier de Dakodonu, il posa les bases administratives, religieuses et politiques du futur royaume. Fondateur de la cité d’Abomey et organisateur de ses institutions, il est perçu dans les traditions comme le premier véritable roi du Dahomey. À sa mort, son fils Houessou Akaba lui succède.
2. Biographie complète
Origines et accession au trône
L’histoire d’Houégbadja est profondément ancrée dans la tradition orale. Selon la version la plus répandue, il serait le fils — ou dans certaines versions, le fils adoptif — du roi Dakodonu. Une femme Gedevi, Adonon, promise à Dakodonu, tomba enceinte de Houégbadja, ce qui provoqua sa déshéritation.
Ce n’est qu’après avoir éliminé un puissant rival de Dakodonu que le jeune prince fut réhabilité et finalement reconnu comme héritier présomptif. À la mort de Dakodonu, il accède au trône, sous le nom de Houégbadja.
Fondation d’Abomey et expansion
À son arrivée au pouvoir, il fait construire son palais nommé Agbome — « au milieu des remparts » — près de Guedevi, posant ainsi les fondations de la future capitale royale.
Il annexe les petites chefferies de la région, étendant son influence par un savant mélange d’alliances, de stratégies militaires et de ruse. Certaines traditions lui attribuent même les premières expansions du royaume hors du plateau d’Abomey.
Réformes et organisation du royaume
Houégbadja laisse une empreinte profonde sur la structure du royaume. Il établit les palais royaux d’Abomey, met en place une administration hiérarchisée, crée des impôts par tête, des droits de succession et développe les rituels religieux destinés aux ancêtres.
Il nomme des ministres, promulgue des lois et façonne ainsi les fondations politiques, culturelles et religieuses du Dahomey.
Il est parfois cité comme fondateur des Amazones du Dahomey, bien que cette affirmation demeure peu probable.
Fin de règne
À la fin de sa vie, Houégbadja désigne son fils aîné Akaba comme héritier. À sa mort, vers 1685, Akaba monte sur le trône.
3. Symboles, mythes et héritage
Symboles
Poisson et nasse
« Le poisson échappé de la nasse fuit la nasse ».
Ce symbole reflète à la fois la ruse, l’agilité politique et les stratégies subtiles qui ont marqué son règne.
Mythes et traditions
Il est le premier roi honoré lors des grandes cérémonies annuelles du Dahomey, les Coutumes, centrées sur le culte des ancêtres royaux.
Son histoire est intimement liée aux peuples autochtones Gedevi et aux récits fon.
Héritage
Houégbadja est considéré par de nombreux historiens et par la tradition comme le véritable fondateur du Dahomey :
il établit la capitale,
pose les bases de l’administration,
organise la religion d’État,
et amorce l’expansion du royaume.
En 2018, un ouvrage lui est dédié :
Arthur Vido, Une étude sur l'histoire du Danhomè : Biographie du roi Houégbadja (1645–1685).
4. 
Wikipédia (EN) — Houegbadja., https://en.wikipedia.org/wiki/Houegbadja

=== SOURCES ===
Wikipédia (FR) — Aho Houégbadja., https://fr.wikipedia.org/wiki/Aho_Houegbadja",3108,494,78,6,3186,500,True,True,2,Abomey-Palais_du_roi_Houegbadja.jpg|||Symbole_de_Houégbadja_roi_du_Dahomey.jpg,Donnees_soutenance\Abomey\Rois du Dahomey\Houégbadja\Houégbadja.docx,Donnees_soutenance\Abomey\Rois du Dahomey\Houégbadja,Rois du Dahomey/Houégbadja,"{'source_name': '', 'description': 'Wikipédia (FR) — Aho Houégbadja., https://fr.wikipedia.org/wiki/Aho_Houegbadja', 'url': '', 'source_type': 'texte', 'raw_text': 'Wikipédia (FR) — Aho Houégbadja., https://fr.wikipedia.org/wiki/Aho_Houegbadja'}",https://fr.wikipedia.org/wiki/Aho_Houegbadja,Abomey-Palais_du_roi_Houegbadja.jpg | Symbole_de_Houégbadja_roi_du_Dahomey.jpg
Abomey,Rois du Dahomey,Kpengla,Kpengla.docx,Kpengla,"Kpengla (1774 – 1789)
Septième roi d’Abomey — Centralisateur du pouvoir et architecte du monopole royal de la traite
1. Résumé
Kpengla — également orthographié Pengla ou Kpingla — est le septième roi d’Abomey. Né vers 1735, il succède à son frère Tegbessou en 1774 et règne jusqu’à sa mort en 1789. Son règne est marqué par des conflits militaires avec l’Empire d’Oyo, une réorganisation profonde du commerce atlantique centrée sur la traite négrière, ainsi qu’un développement économique fondé sur l’agriculture. Il impose un monopole royal sur la traite, structure le rôle du yovogan à Ouidah et gouverne un royaume où cohabitent harmonieusement les traditions fon, le christianisme et l’islam. Son symbole est l’oiseau accompagné d’un fusil.
2. Biographie complète
Origines et accession au trône
Kpengla est né vers 1735 et appartient à la dynastie des rois d’Abomey. Il est le fils du roi Tegbessou. À la mort de ce dernier en 1774, il accède au trône, devenant le souverain du Dahomey pour une quinzaine d’années. Contrairement à d’autres successions parfois contestées dans l’histoire dahoméenne, son accession se fait dans la continuité de la lignée royale.
Conflits militaires et politique extérieure
Le règne de Kpengla s’inscrit dans un contexte militaire particulièrement agité. Le Dahomey est attaqué par les guerriers de l’alaafin d’Oyo, puissance dominante de la région. Face à ces offensives, Kpengla se voit contraint de s’allier à Oyo pour maintenir la stabilité du royaume.
Son règne reste donc marqué par une diplomatie complexe, oscillant entre résistance et alliances stratégiques.
Monopole royal et commerce atlantique
Kpengla joue un rôle majeur dans l’organisation économique du Dahomey. En relation avec les Européens, il fait de la traite négrière un monopole royal.
Dès lors :
le roi devient l’unique propriétaire et marchand d’esclaves,
Ouidah est placé sous l’autorité d’un représentant royal, le yovogan,
la ville se transforme en port spécialisé dans la traite.
Cette centralisation renforce considérablement le pouvoir économique du roi et consolide la place du Dahomey dans le commerce atlantique.
Économie agricole et vie quotidienne
Selon des travaux historiques récents (Arthur Vido, 2019), le règne de Kpengla se caractérise par :
une activité économique dominée par l’agriculture,
la culture et la commercialisation de nombreux produits : mil, maïs, sorgho, ignames, haricots, patates, palmier à huile, orangers, riz africain, etc.
Cette diversité agricole témoigne d’un royaume structuré, productif et tourné vers la stabilité économique.
Tolérance religieuse et vie sociale
Sous Kpengla, le royaume d’Abomey est décrit comme un espace de tolérance religieuse.
On y trouve alors :
des chrétiens,
des musulmans,
et les adeptes des religions traditionnelles fon,
vivant ensemble « en harmonie ».
Ce syncrétisme illustre la capacité d’intégration culturelle du Dahomey au XVIIIᵉ siècle.
3. Symboles, mythes et héritage
Symboles
• Oiseau et fusil
« L’oiseau agité attaque les autres oiseaux. »
Ce symbole évoque l’agitation combative et l’affirmation de puissance du règne de Kpengla.
Mythes, représentations et culture populaire
• Sa figure apparaît dans la bande dessinée historique Les Passagers du vent, preuve de son importance dans la mémoire culturelle.
• Son règne est largement étudié dans l’historiographie contemporaine, notamment dans l’ouvrage d’Arthur Vido (2019).
Héritage
Kpengla laisse un héritage profondément structurant :
il instaure un monopole royal déterminant sur la traite négrière,
renforce le contrôle du Dahomey sur Ouidah,
développe une économie agricole robuste,
et maintient un climat de cohabitation religieuse pacifique.
Il prépare ainsi le terrain pour son fils Agonglo, qui lui succède en 1789.
4. 
• Wikipédia (FR) — Rois d’Abomey., https://fr.wikipedia.org/wiki/Roi_d%27Abomey","• Wikipédia (FR) — Kpengla., https://fr.wikipedia.org/wiki/Kpengla",1,1,"Kpengla (1774 – 1789)
Septième roi d’Abomey — Centralisateur du pouvoir et architecte du monopole royal de la traite
1. Résumé
Kpengla — également orthographié Pengla ou Kpingla — est le septième roi d’Abomey. Né vers 1735, il succède à son frère Tegbessou en 1774 et règne jusqu’à sa mort en 1789. Son règne est marqué par des conflits militaires avec l’Empire d’Oyo, une réorganisation profonde du commerce atlantique centrée sur la traite négrière, ainsi qu’un développement économique fondé sur l’agriculture. Il impose un monopole royal sur la traite, structure le rôle du yovogan à Ouidah et gouverne un royaume où cohabitent harmonieusement les traditions fon, le christianisme et l’islam. Son symbole est l’oiseau accompagné d’un fusil.
2. Biographie complète
Origines et accession au trône
Kpengla est né vers 1735 et appartient à la dynastie des rois d’Abomey. Il est le fils du roi Tegbessou. À la mort de ce dernier en 1774, il accède au trône, devenant le souverain du Dahomey pour une quinzaine d’années. Contrairement à d’autres successions parfois contestées dans l’histoire dahoméenne, son accession se fait dans la continuité de la lignée royale.
Conflits militaires et politique extérieure
Le règne de Kpengla s’inscrit dans un contexte militaire particulièrement agité. Le Dahomey est attaqué par les guerriers de l’alaafin d’Oyo, puissance dominante de la région. Face à ces offensives, Kpengla se voit contraint de s’allier à Oyo pour maintenir la stabilité du royaume.
Son règne reste donc marqué par une diplomatie complexe, oscillant entre résistance et alliances stratégiques.
Monopole royal et commerce atlantique
Kpengla joue un rôle majeur dans l’organisation économique du Dahomey. En relation avec les Européens, il fait de la traite négrière un monopole royal.
Dès lors :
le roi devient l’unique propriétaire et marchand d’esclaves,
Ouidah est placé sous l’autorité d’un représentant royal, le yovogan,
la ville se transforme en port spécialisé dans la traite.
Cette centralisation renforce considérablement le pouvoir économique du roi et consolide la place du Dahomey dans le commerce atlantique.
Économie agricole et vie quotidienne
Selon des travaux historiques récents (Arthur Vido, 2019), le règne de Kpengla se caractérise par :
une activité économique dominée par l’agriculture,
la culture et la commercialisation de nombreux produits : mil, maïs, sorgho, ignames, haricots, patates, palmier à huile, orangers, riz africain, etc.
Cette diversité agricole témoigne d’un royaume structuré, productif et tourné vers la stabilité économique.
Tolérance religieuse et vie sociale
Sous Kpengla, le royaume d’Abomey est décrit comme un espace de tolérance religieuse.
On y trouve alors :
des chrétiens,
des musulmans,
et les adeptes des religions traditionnelles fon,
vivant ensemble « en harmonie ».
Ce syncrétisme illustre la capacité d’intégration culturelle du Dahomey au XVIIIᵉ siècle.
3. Symboles, mythes et héritage
Symboles
• Oiseau et fusil
« L’oiseau agité attaque les autres oiseaux. »
Ce symbole évoque l’agitation combative et l’affirmation de puissance du règne de Kpengla.
Mythes, représentations et culture populaire
• Sa figure apparaît dans la bande dessinée historique Les Passagers du vent, preuve de son importance dans la mémoire culturelle.
• Son règne est largement étudié dans l’historiographie contemporaine, notamment dans l’ouvrage d’Arthur Vido (2019).
Héritage
Kpengla laisse un héritage profondément structurant :
il instaure un monopole royal déterminant sur la traite négrière,
renforce le contrôle du Dahomey sur Ouidah,
développe une économie agricole robuste,
et maintient un climat de cohabitation religieuse pacifique.
Il prépare ainsi le terrain pour son fils Agonglo, qui lui succède en 1789.
4. 
• Wikipédia (FR) — Rois d’Abomey., https://fr.wikipedia.org/wiki/Roi_d%27Abomey

=== SOURCES ===
• Wikipédia (FR) — Kpengla., https://fr.wikipedia.org/wiki/Kpengla",3848,576,66,6,3914,582,True,True,3,Abomey-Palais_du_roi_Kpengla.jpg|||Symbole_de_Kpengla_roi_du_Dahomey.jpg|||palais du roi Kpengla.jpg,Donnees_soutenance\Abomey\Rois du Dahomey\Kpengla\Kpengla.docx,Donnees_soutenance\Abomey\Rois du Dahomey\Kpengla,Rois du Dahomey/Kpengla,"{'source_name': 'Wikipédia (FR)', 'description': 'Kpengla.', 'url': 'https://fr.wikipedia.org/wiki/Kpengla', 'source_type': 'wikipédia', 'raw_text': '• Wikipédia (FR) — Kpengla., https://fr.wikipedia.org/wiki/Kpengla'}",https://fr.wikipedia.org/wiki/Kpengla,Abomey-Palais_du_roi_Kpengla.jpg | Symbole_de_Kpengla_roi_du_Dahomey.jpg | palais du roi Kpengla.jpg
Abomey,Rois du Dahomey,Tegbessou,Tegbessou.docx,Tegbessou,"Tegbessou (1732/1740 – 1774)
Sixième roi d’Abomey — Consolidateur du pouvoir royal sur la côte
1. Résumé
Tegbessou — parfois orthographié Tegbesu — est traditionnellement considéré comme le sixième roi d’Abomey, successeur du roi Agadja. Il accède au trône soit en 1732, soit plus probablement en 1740, et règne jusqu’à sa mort en 1774. Héritier d’un royaume récemment étendu vers la côte, il consolide le contrôle du Dahomey sur cette zone stratégique. Son règne est également marqué par des traditions funéraires impressionnantes : à sa mort, des centaines de ses épouses se seraient sacrifiées pour l’accompagner dans l’au-delà. Son symbole est le buffle paré d’une tunique, associé au proverbe : « Un buffle habillé est difficile à déshabiller ».
2. Biographie complète
Origines et accession au trône
Tegbessou est le fils du roi Agadja. Il accède au trône après la mort de son père, même si les sources varient concernant la date exacte du début de son règne : certaines traditions évoquent 1732, tandis que d’autres retiennent 1740. Il succède directement à Agadja, dans un contexte marqué par l’expansion militaire vers le sud et par la domination persistante de l’Empire d’Oyo.
Consolidation du royaume
Contrairement à ses prédécesseurs engagés dans de vastes conquêtes, Tegbessou concentre ses efforts sur la stabilisation du territoire. Il renforce l’autorité du pouvoir d’Abomey sur la côte, une région récemment soumise par Agadja et devenue essentielle au commerce avec les Européens. Cette consolidation participe à la structuration durable du royaume et à l’affermissement de son administration.
Traditions funéraires et fin de règne
Tegbessou meurt le 17 mai 1774, après plus de trois décennies de règne. Sa mort donne lieu à des rituels funéraires d’une extrême intensité :
285 de ses femmes se seraient entretuées pour l’accompagner dans l’au-delà.
6 autres se seraient fait enterrer avec lui, perpétuant la règle traditionnelle du Dahomey selon laquelle les épouses royales suivent le souverain dans la mort.
Cette coutume témoigne de l’importance du roi dans la société dahoméenne, où la continuité entre le monde des vivants et celui des ancêtres est au cœur de la culture royale.
3. Symboles, mythes et héritage
Symboles
• Buffle paré d’une tunique
« Un buffle habillé est difficile à déshabiller. »
Ce symbole évoque la force, la stabilité et l’autorité difficile à renverser, qualités associées au règne de Tegbessou.
Mythes et traditions
• Les traditions autour de sa mort, notamment le suicide rituel et le sacrifice de ses épouses, marquent profondément l’imaginaire royal du Dahomey.
• Son règne participe à la période charnière où Abomey consolide son contrôle sur la côte et renforce sa présence dans les réseaux commerciaux atlantiques.
Héritage
Tegbessou laisse un héritage de stabilité politique et de structuration du territoire. Son règne est vu comme une phase de consolidation après les grandes conquêtes du Sud initiées par Agadja. Il garantit la continuité de l’autorité royale et prépare le terrain pour son successeur, Kpengla.
4. 
• Wikipédia (FR) — Rois d’Abomey., https://fr.wikipedia.org/wiki/Roi_d%27Abomey","• Wikipédia (FR) — Tegbessou., https://fr.wikipedia.org/wiki/Tegbessou",1,1,"Tegbessou (1732/1740 – 1774)
Sixième roi d’Abomey — Consolidateur du pouvoir royal sur la côte
1. Résumé
Tegbessou — parfois orthographié Tegbesu — est traditionnellement considéré comme le sixième roi d’Abomey, successeur du roi Agadja. Il accède au trône soit en 1732, soit plus probablement en 1740, et règne jusqu’à sa mort en 1774. Héritier d’un royaume récemment étendu vers la côte, il consolide le contrôle du Dahomey sur cette zone stratégique. Son règne est également marqué par des traditions funéraires impressionnantes : à sa mort, des centaines de ses épouses se seraient sacrifiées pour l’accompagner dans l’au-delà. Son symbole est le buffle paré d’une tunique, associé au proverbe : « Un buffle habillé est difficile à déshabiller ».
2. Biographie complète
Origines et accession au trône
Tegbessou est le fils du roi Agadja. Il accède au trône après la mort de son père, même si les sources varient concernant la date exacte du début de son règne : certaines traditions évoquent 1732, tandis que d’autres retiennent 1740. Il succède directement à Agadja, dans un contexte marqué par l’expansion militaire vers le sud et par la domination persistante de l’Empire d’Oyo.
Consolidation du royaume
Contrairement à ses prédécesseurs engagés dans de vastes conquêtes, Tegbessou concentre ses efforts sur la stabilisation du territoire. Il renforce l’autorité du pouvoir d’Abomey sur la côte, une région récemment soumise par Agadja et devenue essentielle au commerce avec les Européens. Cette consolidation participe à la structuration durable du royaume et à l’affermissement de son administration.
Traditions funéraires et fin de règne
Tegbessou meurt le 17 mai 1774, après plus de trois décennies de règne. Sa mort donne lieu à des rituels funéraires d’une extrême intensité :
285 de ses femmes se seraient entretuées pour l’accompagner dans l’au-delà.
6 autres se seraient fait enterrer avec lui, perpétuant la règle traditionnelle du Dahomey selon laquelle les épouses royales suivent le souverain dans la mort.
Cette coutume témoigne de l’importance du roi dans la société dahoméenne, où la continuité entre le monde des vivants et celui des ancêtres est au cœur de la culture royale.
3. Symboles, mythes et héritage
Symboles
• Buffle paré d’une tunique
« Un buffle habillé est difficile à déshabiller. »
Ce symbole évoque la force, la stabilité et l’autorité difficile à renverser, qualités associées au règne de Tegbessou.
Mythes et traditions
• Les traditions autour de sa mort, notamment le suicide rituel et le sacrifice de ses épouses, marquent profondément l’imaginaire royal du Dahomey.
• Son règne participe à la période charnière où Abomey consolide son contrôle sur la côte et renforce sa présence dans les réseaux commerciaux atlantiques.
Héritage
Tegbessou laisse un héritage de stabilité politique et de structuration du territoire. Son règne est vu comme une phase de consolidation après les grandes conquêtes du Sud initiées par Agadja. Il garantit la continuité de l’autorité royale et prépare le terrain pour son successeur, Kpengla.
4. 
• Wikipédia (FR) — Rois d’Abomey., https://fr.wikipedia.org/wiki/Roi_d%27Abomey

=== SOURCES ===
• Wikipédia (FR) — Tegbessou., https://fr.wikipedia.org/wiki/Tegbessou",3152,490,70,6,3222,496,True,True,2,Symbole_de_Tegbessou_roi_du_Dahomey.jpg|||palais de Tegbessou.jpg,Donnees_soutenance\Abomey\Rois du Dahomey\Tegbessou\Tegbessou.docx,Donnees_soutenance\Abomey\Rois du Dahomey\Tegbessou,Rois du Dahomey/Tegbessou,"{'source_name': 'Wikipédia (FR)', 'description': 'Tegbessou.', 'url': 'https://fr.wikipedia.org/wiki/Tegbessou', 'source_type': 'wikipédia', 'raw_text': '• Wikipédia (FR) — Tegbessou., https://fr.wikipedia.org/wiki/Tegbessou'}",https://fr.wikipedia.org/wiki/Tegbessou,Symbole_de_Tegbessou_roi_du_Dahomey.jpg | palais de Tegbessou.jpg
Ganvié,Légende du roi Agbogdobé,Légende_du_Roi_Agbogdobé.docx,Légende_du_Roi_Agbogdobé.docx,Légende du Roi Agbogdobé,"La Légende du Roi Agbogdobé — Origine de Ganvié
1. Présentation générale
La légende du roi Agbogdobé est l’un des récits fondateurs les plus emblématiques de Ganvié, le village lacustre situé au cœur du lac Nokoué. Transmise par la tradition orale, cette histoire explique non seulement la naissance de Ganvié, mais aussi le destin singulier du peuple Toffinou, réfugié sur l’eau pour échapper aux razzias esclavagistes au XVIIIᵉ siècle.
Elle fait partie intégrante de l'identité culturelle du village et est racontée encore aujourd’hui comme un témoignage de courage, de résistance et de spiritualité.
2. La légende du roi Agbogdobé
Il y a un peu plus de trois siècles, au XVIIIᵉ siècle, les Toffinous vivaient paisiblement sur les terres de l’actuel Togo. Mais cette tranquillité fut bouleversée lorsque les razzias esclavagistes commencèrent à s’abattre sur les villages de la région. Pour échapper aux enlèvements, aux violences et à l’emprise des marchands d’esclaves, le peuple Toffinou, dirigé par leur souverain Agbogdobé, entreprit une longue fuite vers l’ouest.
Ils marchèrent jusqu’aux rives du lac Nokoué, un vaste étendue d’eau marécageuse. Mais un obstacle de taille les attendait : ils n’avaient aucun moyen de traverser le lac. Les soldats esclavagistes, eux, continuaient de se rapprocher.
Face à cette menace, le roi Agbogdobé fit appel à ses puissances mystiques — un savoir issu du vaudou et de sa relation privilégiée avec les esprits de la nature.
Selon la tradition orale, il se transforma alors en épervier. Sous la forme de cet oiseau, il s’éleva dans les airs, survola la lagune et explora les recoins du lac Nokoué à la recherche d’un lieu sûr. De là-haut, il aperçut une île, un espace protégé par l’eau, inaccessible aux chasseurs d’esclaves.
Revenu vers son peuple, Agbogdobé prit une nouvelle forme : celle du crocodile, animal sacré dans cette région. Sur son dos puissant, il fit traverser les marécages à ses villageois, voyage après voyage, jusqu'à les conduire vers cette nouvelle terre d’accueil.
C’est ainsi que naquit Ganvié, dont le nom signifie « Sauver la collectivité » :
Gan : sauver
Vié : la communauté (en fongbé)
Ganvié devint un refuge sur l’eau, un village invisible et inaccessible pour les esclavagistes : leurs croyances leur interdisaient de capturer les personnes vivant au-dessus ou au milieu de l’eau.
Depuis lors, le crocodile est resté un animal sacré à Ganvié, symbole de protection et de survie. Une statue du roi Agbogdobé surplombe encore aujourd’hui le village, rappelant le rôle crucial qu’il a joué dans ce sauvetage légendaire.
3. Importance culturelle et symbolique
La légende explique la création du plus grand village lacustre d’Afrique de l’Ouest.
Elle met en lumière l’ingéniosité du peuple Toffinou face à l’esclavage.
Le crocodile et l’épervier sont devenus des symboles spirituels très forts.
Ganvié demeure un lieu de mémoire, de résistance et d’identité culturelle.
4. 
• Magazine de l’Afrique — Ganvié, village lacustre et refuge d’esclaves, https://magazinedelafrique.com/reportage/ganvie-village-lacustre-ex-refuge-desclaves/
• Ayiffa Tourisme — Blog : Tout sur Ganvié, https://ayiffatourisme.com/blog-tout-sur-ganvie.php
• Drach Travel — Ganvié, village lacustre et historique du Bénin, https://drachtravel.com/ganvie-village-lacustre-et-historique-du-benin/","• Ayiffa Tourisme — Visiter Ganvié, https://ayiffatourisme.com/visiter-ganvie.php",1,1,"La Légende du Roi Agbogdobé — Origine de Ganvié
1. Présentation générale
La légende du roi Agbogdobé est l’un des récits fondateurs les plus emblématiques de Ganvié, le village lacustre situé au cœur du lac Nokoué. Transmise par la tradition orale, cette histoire explique non seulement la naissance de Ganvié, mais aussi le destin singulier du peuple Toffinou, réfugié sur l’eau pour échapper aux razzias esclavagistes au XVIIIᵉ siècle.
Elle fait partie intégrante de l'identité culturelle du village et est racontée encore aujourd’hui comme un témoignage de courage, de résistance et de spiritualité.
2. La légende du roi Agbogdobé
Il y a un peu plus de trois siècles, au XVIIIᵉ siècle, les Toffinous vivaient paisiblement sur les terres de l’actuel Togo. Mais cette tranquillité fut bouleversée lorsque les razzias esclavagistes commencèrent à s’abattre sur les villages de la région. Pour échapper aux enlèvements, aux violences et à l’emprise des marchands d’esclaves, le peuple Toffinou, dirigé par leur souverain Agbogdobé, entreprit une longue fuite vers l’ouest.
Ils marchèrent jusqu’aux rives du lac Nokoué, un vaste étendue d’eau marécageuse. Mais un obstacle de taille les attendait : ils n’avaient aucun moyen de traverser le lac. Les soldats esclavagistes, eux, continuaient de se rapprocher.
Face à cette menace, le roi Agbogdobé fit appel à ses puissances mystiques — un savoir issu du vaudou et de sa relation privilégiée avec les esprits de la nature.
Selon la tradition orale, il se transforma alors en épervier. Sous la forme de cet oiseau, il s’éleva dans les airs, survola la lagune et explora les recoins du lac Nokoué à la recherche d’un lieu sûr. De là-haut, il aperçut une île, un espace protégé par l’eau, inaccessible aux chasseurs d’esclaves.
Revenu vers son peuple, Agbogdobé prit une nouvelle forme : celle du crocodile, animal sacré dans cette région. Sur son dos puissant, il fit traverser les marécages à ses villageois, voyage après voyage, jusqu'à les conduire vers cette nouvelle terre d’accueil.
C’est ainsi que naquit Ganvié, dont le nom signifie « Sauver la collectivité » :
Gan : sauver
Vié : la communauté (en fongbé)
Ganvié devint un refuge sur l’eau, un village invisible et inaccessible pour les esclavagistes : leurs croyances leur interdisaient de capturer les personnes vivant au-dessus ou au milieu de l’eau.
Depuis lors, le crocodile est resté un animal sacré à Ganvié, symbole de protection et de survie. Une statue du roi Agbogdobé surplombe encore aujourd’hui le village, rappelant le rôle crucial qu’il a joué dans ce sauvetage légendaire.
3. Importance culturelle et symbolique
La légende explique la création du plus grand village lacustre d’Afrique de l’Ouest.
Elle met en lumière l’ingéniosité du peuple Toffinou face à l’esclavage.
Le crocodile et l’épervier sont devenus des symboles spirituels très forts.
Ganvié demeure un lieu de mémoire, de résistance et d’identité culturelle.
4. 
• Magazine de l’Afrique — Ganvié, village lacustre et refuge d’esclaves, https://magazinedelafrique.com/reportage/ganvie-village-lacustre-ex-refuge-desclaves/
• Ayiffa Tourisme — Blog : Tout sur Ganvié, https://ayiffatourisme.com/blog-tout-sur-ganvie.php
• Drach Travel — Ganvié, village lacustre et historique du Bénin, https://drachtravel.com/ganvie-village-lacustre-et-historique-du-benin/

=== SOURCES ===
• Ayiffa Tourisme — Visiter Ganvié, https://ayiffatourisme.com/visiter-ganvie.php",3338,502,81,7,3419,509,True,True,0,Aucune,Donnees_soutenance\Ganvié\Légende du roi Agbogdobé\Légende_du_Roi_Agbogdobé.docx,Donnees_soutenance\Ganvié\Légende du roi Agbogdobé,Légende du roi Agbogdobé/Légende_du_Roi_Agbogdobé.docx,"{'source_name': 'Ayiffa Tourisme', 'description': 'Visiter Ganvié', 'url': 'https://ayiffatourisme.com/visiter-ganvie.php', 'source_type': 'blog', 'raw_text': '• Ayiffa Tourisme — Visiter Ganvié, https://ayiffatourisme.com/visiter-ganvie.php'}",https://ayiffatourisme.com/visiter-ganvie.php,
Ganvié,Mode de vie des habitants de Ganvié et marché flottant,Mode_de_vie_des_habitants_de_Ganvié_et_marché_flottant.docx,Mode_de_vie_des_habitants_de_Ganvié_et_marché_flottant.docx,Mode de vie des habitants de Ganvié et marché flottant,"Mode de vie des habitants de Ganvié et marché flottant
1. Introduction
Ganvié, surnommée la « Venise de l’Afrique », est une cité lacustre unique où toute la vie se déroule sur l’eau. Ici, les maisons flottent sur des pilotis, les enfants apprennent à naviguer dès leur plus jeune âge et le marché ne connaît pas de rues mais des canaux animés par des pirogues.
Le village offre une immersion fascinante dans le quotidien des Toffinous, habitants de Ganvié, dont le mode de vie est intimement lié au lac Nokoué.
2. Le village aquatique et le mode de vie
Maisons sur pilotis :
Les habitations sont construites en bois, bambou, paille et matériaux naturels. Malgré leur apparence fragile, elles résistent aux intempéries et aux aléas climatiques depuis des décennies.
Accès à l’eau potable :
L’eau du lac n’est pas potable. La population se rend aux bornes fontaines installées par les autorités, en pirogue, pour remplir leurs bidons.
Électricité :
L’alimentation électrique reste limitée. Les habitants utilisent soit des groupes électrogènes, soit des panneaux photovoltaïques.
Religions :
La laïcité est respectée. On observe des pratiques endogènes et quelques églises sur pilotis au sein du village.
Pisciculture :
Le lac Nokoué, peu pollué, est exploité pour la pêche. Les habitants entretiennent leurs acadjas (zones de pêche clôturées) pour assurer un approvisionnement en poissons suffisant pour plusieurs mois.
3. La pêche : cœur de l’économie
La pêche est la première ressource du village :
Transmise de père en fils, elle repose sur des techniques traditionnelles précises.
Les pêcheurs lancent leurs filets avec un mouvement quasi mécanique, fruit d’années d’expérience.
La pêche fournit l’alimentation des familles et alimente les marchés environnants, notamment le grand marché de Dantokpa.
4. Le marché flottant : un ballet sur l’eau
Dès l’aube, les femmes installent leurs marchandises dans les pirogues : fruits, légumes, poissons, épices et artisanat.
Les pirogues circulent entre les maisons sur pilotis, se croisent et se dépassent dans un ballet ininterrompu.
Le marchandage commence : négociations, échanges et discussions transforment les canaux en une véritable scène vivante.
Ce marché sur l’eau est un spectacle magique : il reflète l’harmonie entre les habitants et le lac.
5. Initiation des enfants à l’eau
Les enfants apprennent très tôt à nager et à manœuvrer les pirogues.
Vers 10 ans, beaucoup se déplacent seuls, aussi habiles qu’un enfant sur une bicyclette.
Cette pratique leur permet de s’intégrer pleinement à la vie lacustre et de perpétuer la culture et les traditions des Toffinous.
6. Le commerce et la vie quotidienne
Les femmes sont au cœur du commerce local.
Les produits vendus viennent principalement de la pêche, mais aussi de l’agriculture et de l’artisanat.
Les marchés sur la terre ferme, comme celui de l’embarcadère, complètent l’offre lorsque certaines denrées ne sont pas disponibles sur l’eau.

• Wikipédia — Ganvié, https://fr.wikipedia.org/wiki/Ganvi%C3%A9
• Magazine de l’Afrique — Ganvié, village lacustre, https://magazinedelafrique.com/reportage/ganvie-village-lacustre-ex-refuge-desclaves/
• Ayiffa Tourisme — Tout sur Ganvié, https://ayiffatourisme.com/blog-tout-sur-ganvie.php","• Ayiffa Tourisme — Visiter Ganvié, https://ayiffatourisme.com/visiter-ganvie.php",1,1,"Mode de vie des habitants de Ganvié et marché flottant
1. Introduction
Ganvié, surnommée la « Venise de l’Afrique », est une cité lacustre unique où toute la vie se déroule sur l’eau. Ici, les maisons flottent sur des pilotis, les enfants apprennent à naviguer dès leur plus jeune âge et le marché ne connaît pas de rues mais des canaux animés par des pirogues.
Le village offre une immersion fascinante dans le quotidien des Toffinous, habitants de Ganvié, dont le mode de vie est intimement lié au lac Nokoué.
2. Le village aquatique et le mode de vie
Maisons sur pilotis :
Les habitations sont construites en bois, bambou, paille et matériaux naturels. Malgré leur apparence fragile, elles résistent aux intempéries et aux aléas climatiques depuis des décennies.
Accès à l’eau potable :
L’eau du lac n’est pas potable. La population se rend aux bornes fontaines installées par les autorités, en pirogue, pour remplir leurs bidons.
Électricité :
L’alimentation électrique reste limitée. Les habitants utilisent soit des groupes électrogènes, soit des panneaux photovoltaïques.
Religions :
La laïcité est respectée. On observe des pratiques endogènes et quelques églises sur pilotis au sein du village.
Pisciculture :
Le lac Nokoué, peu pollué, est exploité pour la pêche. Les habitants entretiennent leurs acadjas (zones de pêche clôturées) pour assurer un approvisionnement en poissons suffisant pour plusieurs mois.
3. La pêche : cœur de l’économie
La pêche est la première ressource du village :
Transmise de père en fils, elle repose sur des techniques traditionnelles précises.
Les pêcheurs lancent leurs filets avec un mouvement quasi mécanique, fruit d’années d’expérience.
La pêche fournit l’alimentation des familles et alimente les marchés environnants, notamment le grand marché de Dantokpa.
4. Le marché flottant : un ballet sur l’eau
Dès l’aube, les femmes installent leurs marchandises dans les pirogues : fruits, légumes, poissons, épices et artisanat.
Les pirogues circulent entre les maisons sur pilotis, se croisent et se dépassent dans un ballet ininterrompu.
Le marchandage commence : négociations, échanges et discussions transforment les canaux en une véritable scène vivante.
Ce marché sur l’eau est un spectacle magique : il reflète l’harmonie entre les habitants et le lac.
5. Initiation des enfants à l’eau
Les enfants apprennent très tôt à nager et à manœuvrer les pirogues.
Vers 10 ans, beaucoup se déplacent seuls, aussi habiles qu’un enfant sur une bicyclette.
Cette pratique leur permet de s’intégrer pleinement à la vie lacustre et de perpétuer la culture et les traditions des Toffinous.
6. Le commerce et la vie quotidienne
Les femmes sont au cœur du commerce local.
Les produits vendus viennent principalement de la pêche, mais aussi de l’agriculture et de l’artisanat.
Les marchés sur la terre ferme, comme celui de l’embarcadère, complètent l’offre lorsque certaines denrées ne sont pas disponibles sur l’eau.

• Wikipédia — Ganvié, https://fr.wikipedia.org/wiki/Ganvi%C3%A9
• Magazine de l’Afrique — Ganvié, village lacustre, https://magazinedelafrique.com/reportage/ganvie-village-lacustre-ex-refuge-desclaves/
• Ayiffa Tourisme — Tout sur Ganvié, https://ayiffatourisme.com/blog-tout-sur-ganvie.php

=== SOURCES ===
• Ayiffa Tourisme — Visiter Ganvié, https://ayiffatourisme.com/visiter-ganvie.php",3240,486,81,7,3321,493,True,True,9,"Cité lacustre de Ganvié, Bénin.jpg|||Ganvié,Bénin.jpg|||Ganvié_1.jpg|||Marché lacustre de Ganvié.jpg|||au village lacustre de Ganvié, sur le lac Nokoué.jpg|||maison de Ganvié.jpg|||maison sur pilotis de ganvié.jpg|||pirogues et maisons de ganvié.jpg|||église de Ganvié.jpg",Donnees_soutenance\Ganvié\Mode de vie des habitants de Ganvié et marché flottant\Mode_de_vie_des_habitants_de_Ganvié_et_marché_flottant.docx,Donnees_soutenance\Ganvié\Mode de vie des habitants de Ganvié et marché flottant,Mode de vie des habitants de Ganvié et marché flottant/Mode_de_vie_des_habitants_de_Ganvié_et_marché_flottant.docx,"{'source_name': 'Ayiffa Tourisme', 'description': 'Visiter Ganvié', 'url': 'https://ayiffatourisme.com/visiter-ganvie.php', 'source_type': 'blog', 'raw_text': '• Ayiffa Tourisme — Visiter Ganvié, https://ayiffatourisme.com/visiter-ganvie.php'}",https://ayiffatourisme.com/visiter-ganvie.php,"Cité lacustre de Ganvié, Bénin.jpg | Ganvié,Bénin.jpg | Ganvié_1.jpg | Marché lacustre de Ganvié.jpg | au village lacustre de Ganvié, sur le lac Nokoué.jpg | maison de Ganvié.jpg | maison sur pilotis de ganvié.jpg | pirogues et maisons de ganvié.jpg | église de Ganvié.jpg"
Ganvié,Présentation de Ganvié,Présentation_Ganvié.docx,Présentation_Ganvié.docx,Présentation Ganvié,"Ganvié – La Cité Lacustre des Hommes de l’Eau
Introduction
Si l’on devait résumer Ganvié en une image, ce serait celle d’un village flottant où les maisons semblent danser avec les vagues, où les pirogues remplacent les routes, et où la vie toute entière s’écoule au rythme de l’eau. Située au cœur du lac Nokoué, au nord de Cotonou, cette cité lacustre vieille de trois siècles est l’un des lieux les plus emblématiques du Bénin. On la surnomme la « Venise de l’Afrique », mais elle est bien plus que cela : Ganvié est un symbole de résistance, de refuge et d’identité culturelle.
1. Histoire et Origine : un refuge devenu cité
Ganvié doit sa naissance à un épisode tragique de l’histoire : les razzias esclavagistes du XVIIIᵉ siècle. Fuyant les enlèvements et la violence, le peuple Toffinou, originaire du territoire de l’actuel Togo, trouva refuge dans les marécages du lac Nokoué.
Leur histoire mêle survie, croyances et légende :
La légende du roi Agbogdobé
Face à l’impossibilité de traverser le lac, le roi Agbogdobé fit appel à ses pouvoirs mystiques :
Il se transforma d’abord en épervier pour repérer un endroit sûr.
Puis en crocodile, pour transporter son peuple sur son dos jusqu’à l’île où serait bâtie Ganvié.
C’est de là que vient son nom en fongbé :
« Gan » (sauver) + « vié » (la collectivité) → « communauté sauvée ».
Depuis 1996, la cité figure sur la liste indicative de l’UNESCO, qui reconnaît son importance culturelle et historique.
Signification du nom ""Ganvié""
Le mot Ganvié vient du fongbé :
“Gan” = sauver
“vié” = la collectivité
Ganvié signifie donc : “Sauver la collectivité”.
Une référence directe à l’exode et au salut apporté par Agbogdobé.
2. Une cité vivante construite sur l’eau
Ganvié n’est pas un simple village touristique : c’est une ville entière, avec près de 30 000 habitants, une vie sociale complète et des infrastructures essentielles (églises, écoles, marché, cimetière…).
Architecture et habitat
Les maisons sont construites :
sur pilotis en bois ou bambou,
recouvertes de pailles ou tôles,
solidement ancrées pour résister au vent, à la pluie et aux crues.
Le lac Nokoué, souvent peu profond (≈2 m), façonne entièrement l’organisation de l’espace.
Il arrive que les crues montent jusqu’aux pilotis, forçant même les éleveurs à ramener leur bétail des îlots aménagés.
3. Mode de vie : tout se passe sur l’eau
Ici, la pirogue est l’équivalent de la voiture, du taxi, ou même du vélo.
Enfants et navigation
Les enfants apprennent très tôt à ramer, si bien qu’à seulement dix ans certains se déplacent déjà seuls en embarcation, aussi naturellement que d’autres sur une bicyclette.
Le marché flottant
À l’aube :
Les femmes installent leurs paniers de marchandises dans leurs pirogues,
Les marchandises telles que : poissons frais ou fumés, épices, fruits, légumes, objets artisanaux.
Un ballet aquatique s’organise,
Les cris, les négociations et les déplacements créent un marché vivant qui flotte littéralement sur l’eau.
C’est l’une des scènes les plus enchantées que les voyageurs découvrent à Ganvié.
4. Activités économiques
La vie économique repose essentiellement sur l’eau :
Pêche et pisciculture
Activité principale pratiquée par plus de 70 % des Toffinous.
Techniques transmises de père en fils.
Entretien des acadjas, structures de branchages servant de nurseries à poissons.
Récoltes généralement abondantes, permettant de subvenir à toute la famille.
Commerce flottant
Les produits de la pêche sont vendus :
au marché flottant,
au marché de l’embarcadère,
ou encore au grand marché Dantokpa de Cotonou.
Autres activités
Guidage touristique,
Agriculture saisonnière,
Dragage du sable lagunaire.
5. Culture, religion et traditions
Ganvié est un carrefour spirituel.
Diversité religieuse
Religions traditionnelles fortement ancrées,
Présence de temples vaudous,
Mais aussi plusieurs églises bâties sur pilotis.
Fêtes et traditions
La plus emblématique est le Toffin-xwé, la grande fête identitaire qui rassemble chaque année les descendants des Hommes de l’Eau.
6. Conditions de vie et défis actuels
Malgré son charme, Ganvié fait face à plusieurs défis :
Eau potable
Deux bornes installées par l’État,
Accessible uniquement en pirogue,
L’eau du lac n’est pas potable (salinité + pollution organique).
Électricité
Pas de réseau électrique complet,
Usage de groupes électrogènes et panneaux solaires.
Environnement
Croissance démographique rapide,
Pression sur le lac,
Problèmes saisonniers : crues, tempêtes, érosion des poteaux.
7. Ganvié aujourd’hui : un joyau touristique vivant
La cité attire de plus en plus de voyageurs venus admirer :
ses maisons sur pilotis,
ses rues d’eau bordées de jacinthes,
son marché flottant,
sa culture harmonieuse et préservée.
Les visiteurs peuvent profiter :
d’une balade en pirogue,
de l'observation des oiseaux et de la faune lacustre,
de la dégustation du poisson frais et des plats locaux,
de l’achat d’artisanat conçu en bambou ou en bois.
Ganvié est un lieu authentique où l’on vient chercher l’essence profonde du Bénin, son identité lacustre, sa créativité, et surtout, la résilience d’un peuple qui a choisi l’eau pour survivre et se reconstruire.

• Wikipédia — Ganvié, https://fr.wikipedia.org/wiki/Ganvi%C3%A9
• Magazine de l’Afrique — Ganvié, village lacustre, https://magazinedelafrique.com/reportage/ganvie-village-lacustre-ex-refuge-desclaves/
• Ayiffa Tourisme — Tout sur Ganvié, https://ayiffatourisme.com/blog-tout-sur-ganvie.php
• Drach Travel — Ganvié, village lacustre et historique du Bénin, https://drachtravel.com/ganvie-village-lacustre-et-historique-du-benin/","• Ayiffa Tourisme — Visiter Ganvié, https://ayiffatourisme.com/visiter-ganvie.php",1,1,"Ganvié – La Cité Lacustre des Hommes de l’Eau
Introduction
Si l’on devait résumer Ganvié en une image, ce serait celle d’un village flottant où les maisons semblent danser avec les vagues, où les pirogues remplacent les routes, et où la vie toute entière s’écoule au rythme de l’eau. Située au cœur du lac Nokoué, au nord de Cotonou, cette cité lacustre vieille de trois siècles est l’un des lieux les plus emblématiques du Bénin. On la surnomme la « Venise de l’Afrique », mais elle est bien plus que cela : Ganvié est un symbole de résistance, de refuge et d’identité culturelle.
1. Histoire et Origine : un refuge devenu cité
Ganvié doit sa naissance à un épisode tragique de l’histoire : les razzias esclavagistes du XVIIIᵉ siècle. Fuyant les enlèvements et la violence, le peuple Toffinou, originaire du territoire de l’actuel Togo, trouva refuge dans les marécages du lac Nokoué.
Leur histoire mêle survie, croyances et légende :
La légende du roi Agbogdobé
Face à l’impossibilité de traverser le lac, le roi Agbogdobé fit appel à ses pouvoirs mystiques :
Il se transforma d’abord en épervier pour repérer un endroit sûr.
Puis en crocodile, pour transporter son peuple sur son dos jusqu’à l’île où serait bâtie Ganvié.
C’est de là que vient son nom en fongbé :
« Gan » (sauver) + « vié » (la collectivité) → « communauté sauvée ».
Depuis 1996, la cité figure sur la liste indicative de l’UNESCO, qui reconnaît son importance culturelle et historique.
Signification du nom ""Ganvié""
Le mot Ganvié vient du fongbé :
“Gan” = sauver
“vié” = la collectivité
Ganvié signifie donc : “Sauver la collectivité”.
Une référence directe à l’exode et au salut apporté par Agbogdobé.
2. Une cité vivante construite sur l’eau
Ganvié n’est pas un simple village touristique : c’est une ville entière, avec près de 30 000 habitants, une vie sociale complète et des infrastructures essentielles (églises, écoles, marché, cimetière…).
Architecture et habitat
Les maisons sont construites :
sur pilotis en bois ou bambou,
recouvertes de pailles ou tôles,
solidement ancrées pour résister au vent, à la pluie et aux crues.
Le lac Nokoué, souvent peu profond (≈2 m), façonne entièrement l’organisation de l’espace.
Il arrive que les crues montent jusqu’aux pilotis, forçant même les éleveurs à ramener leur bétail des îlots aménagés.
3. Mode de vie : tout se passe sur l’eau
Ici, la pirogue est l’équivalent de la voiture, du taxi, ou même du vélo.
Enfants et navigation
Les enfants apprennent très tôt à ramer, si bien qu’à seulement dix ans certains se déplacent déjà seuls en embarcation, aussi naturellement que d’autres sur une bicyclette.
Le marché flottant
À l’aube :
Les femmes installent leurs paniers de marchandises dans leurs pirogues,
Les marchandises telles que : poissons frais ou fumés, épices, fruits, légumes, objets artisanaux.
Un ballet aquatique s’organise,
Les cris, les négociations et les déplacements créent un marché vivant qui flotte littéralement sur l’eau.
C’est l’une des scènes les plus enchantées que les voyageurs découvrent à Ganvié.
4. Activités économiques
La vie économique repose essentiellement sur l’eau :
Pêche et pisciculture
Activité principale pratiquée par plus de 70 % des Toffinous.
Techniques transmises de père en fils.
Entretien des acadjas, structures de branchages servant de nurseries à poissons.
Récoltes généralement abondantes, permettant de subvenir à toute la famille.
Commerce flottant
Les produits de la pêche sont vendus :
au marché flottant,
au marché de l’embarcadère,
ou encore au grand marché Dantokpa de Cotonou.
Autres activités
Guidage touristique,
Agriculture saisonnière,
Dragage du sable lagunaire.
5. Culture, religion et traditions
Ganvié est un carrefour spirituel.
Diversité religieuse
Religions traditionnelles fortement ancrées,
Présence de temples vaudous,
Mais aussi plusieurs églises bâties sur pilotis.
Fêtes et traditions
La plus emblématique est le Toffin-xwé, la grande fête identitaire qui rassemble chaque année les descendants des Hommes de l’Eau.
6. Conditions de vie et défis actuels
Malgré son charme, Ganvié fait face à plusieurs défis :
Eau potable
Deux bornes installées par l’État,
Accessible uniquement en pirogue,
L’eau du lac n’est pas potable (salinité + pollution organique).
Électricité
Pas de réseau électrique complet,
Usage de groupes électrogènes et panneaux solaires.
Environnement
Croissance démographique rapide,
Pression sur le lac,
Problèmes saisonniers : crues, tempêtes, érosion des poteaux.
7. Ganvié aujourd’hui : un joyau touristique vivant
La cité attire de plus en plus de voyageurs venus admirer :
ses maisons sur pilotis,
ses rues d’eau bordées de jacinthes,
son marché flottant,
sa culture harmonieuse et préservée.
Les visiteurs peuvent profiter :
d’une balade en pirogue,
de l'observation des oiseaux et de la faune lacustre,
de la dégustation du poisson frais et des plats locaux,
de l’achat d’artisanat conçu en bambou ou en bois.
Ganvié est un lieu authentique où l’on vient chercher l’essence profonde du Bénin, son identité lacustre, sa créativité, et surtout, la résilience d’un peuple qui a choisi l’eau pour survivre et se reconstruire.

• Wikipédia — Ganvié, https://fr.wikipedia.org/wiki/Ganvi%C3%A9
• Magazine de l’Afrique — Ganvié, village lacustre, https://magazinedelafrique.com/reportage/ganvie-village-lacustre-ex-refuge-desclaves/
• Ayiffa Tourisme — Tout sur Ganvié, https://ayiffatourisme.com/blog-tout-sur-ganvie.php
• Drach Travel — Ganvié, village lacustre et historique du Bénin, https://drachtravel.com/ganvie-village-lacustre-et-historique-du-benin/

=== SOURCES ===
• Ayiffa Tourisme — Visiter Ganvié, https://ayiffatourisme.com/visiter-ganvie.php",5577,850,81,7,5658,857,True,True,3,"Ganvié,cité qui vit sur l'eau .jpg|||Ganvié.jpg|||cité de Ganvié.jpg",Donnees_soutenance\Ganvié\Présentation de Ganvié\Présentation_Ganvié.docx,Donnees_soutenance\Ganvié\Présentation de Ganvié,Présentation de Ganvié/Présentation_Ganvié.docx,"{'source_name': 'Ayiffa Tourisme', 'description': 'Visiter Ganvié', 'url': 'https://ayiffatourisme.com/visiter-ganvie.php', 'source_type': 'blog', 'raw_text': '• Ayiffa Tourisme — Visiter Ganvié, https://ayiffatourisme.com/visiter-ganvie.php'}",https://ayiffatourisme.com/visiter-ganvie.php,"Ganvié,cité qui vit sur l'eau .jpg | Ganvié.jpg | cité de Ganvié.jpg"
Ouidah,Présentation de Ouidah,Presentation_Ouidah.docx,Presentation_Ouidah.docx,Presentation Ouidah,"Ouidah
Ville historique et culturelle – Côte du Bénin
1. Résumé
Ouidah est une ville côtière et commune du Bénin, située à 42 kilomètres à l’ouest de Cotonou, sur la côte Atlantique. Historiquement appelée Huéda, elle fut le centre d’un royaume puis l’un des principaux ports d’embarquement de la traite négrière occidentale aux XVIIIᵉ et XIXᵉ siècles. Bien que la ville se trouve à 3,5 kilomètres de la mer, séparée par une lagune et des bancs de sable, elle devint un carrefour stratégique pour le commerce, notamment celui des esclaves et, plus tard, de l’huile de palme.
Aujourd’hui, Ouidah est une cité culturellement riche, connue pour son patrimoine historique, ses monuments liés à la traite des esclaves, ses sites religieux et spirituels, ainsi que pour son rôle dans la mémoire et la culture du Bénin.
2. Historique et rôle du site
Origines et fondation
Les plus anciennes mentions de Gléhoué remontent au XVIᵉ siècle. La tradition orale raconte que la naissance du hameau est liée à la personne du roi Kpassè, dans une période allant de 1550 à 1670. Les écrits européens antérieurs au XVIᵉ siècle sont rares et n’évoquent pas directement le site. Selon M. Gavoy (1955), vers 1580, les Portugais firent cadeau au roi et à ses proches de tissus, en échange de vivres et de chèvres. Étonnés de ces animaux, les Européens apprirent qu’une ville existait un peu plus au nord, appelée Sahè (C. Merlo, 1940).
Il est probable que cette rencontre se soit déroulée dans une ferme d’habitation, fondée par Kpassè, successeur d’Aholo, qu’il appela Gléhoué (« maison des champs »), donnant plus tard son nom à la ville actuelle, encore appelée localement Gléhoué Kpassè-Tomè. D’autres récits attribuent la fondation à un certain Glé, ou à des populations xwla, Guin et Aïzo antérieures aux Houéda. L’explication toponymique liée à Kpassè reste la plus probable, bien que le nom soit en langue fongbé, surprenant pour un site Hxwéda.
Les Européens désignaient la localité selon les populations qui l’avaient fondée : Juda (Portugais), Fida (Hollandais), Ouidah (Français), Whidah (Anglais).
Développement du hameau
Fondé au XVIᵉ siècle, le hameau de Gléhoué était constitué du tala du roi Kpassè, comprenant sa propre habitation, celles de sa suite et de ses serviteurs, ainsi que des greniers. Une partie de la ferme servait également à parquer les esclaves destinés à la vente. Dans cet espace protégé, le roi aurait reçu les premiers visiteurs portugais en 1580 et les Capucins venus évangéliser le royaume d’Allada en 1664 et 1699.
Aujourd’hui, le site historique est probablement situé au nord-est de la ville, entre le lieu-dit Gléhoué (près de la cathédrale) et la forêt sacrée de Kpassè, où des cultes continuent de perpétuer la mémoire du roi déifié.
Formation des quartiers et population
Tovè : plusieurs familles de souche Houéda, notamment les Adjovi, descendent du fondateur de la ville.
Docomè : fondé par Kpatè, lié à l’arrivée des Portugais ; son domaine fut le noyau du quartier.
Adamè : fondé par un successeur de Kpassè, probablement le roi Agbangla (1670-1703).
Gléhoué Bedji / Agoli : site proche du Temple des Pythons, habité initialement par Zossoungbo, un dignitaire Houéda qui fonda ensuite Sogbadji.
Ces quartiers ne formaient pas une agglomération compacte et accueillaient également des familles de pêcheurs et de piroguiers Hula et Guin. Des négociants portugais et français s’y installèrent ponctuellement au XVIIᵉ siècle, comme Olivier Nicolas (vers 1620), ou un aventurier prussien selon E. Dunglas (1958).
Conquête et administration fon
Le roi du Dahomey mit en place une administration fon à Gléhoué dans les années 1740.
Yovogan : chef chargé des relations avec les Européens, installé pour superviser le commerce et réduire la résistance Houéda.
Koussougan : responsable de la sécurité, assisté par soldats, espions (Lèguèdè) et douaniers (Dégan).
L’administration contrôlait la ville et ses relations avec les comptoirs européens, mais restait soumise à l’autorité du roi. Les Yovogan pouvaient expulser des directeurs de forts en cas de conflit, comme en 1742 et 1747, et subir eux-mêmes des sanctions, comme en 1744 lors de l’attaque du fort anglais (C.W. Newbury, 1961).
De nouveaux quartiers fon furent créés autour de la ville : Fonsramè (le plus ancien, pour les dignitaires), Kaosramè (chef militaire), Boyasramè (conseiller du roi), ainsi que Quenumsramè, fondé par un cabécère du roi Ghézo (V.S. Quenum, 1982). Ces quartiers accueillaient également des familles fon dans les zones xwéda, telles que Tovè et Ahouandjigo.
Population et économie
Après la conquête aboméenne, la majorité de la population était fon, les xwéda ayant en grande partie fui. Vers 1772, Ouidah comptait environ 10 000 habitants. La traite, bien que fluctuant, rapportait d’importants profits. Gléhoué devint le centre économique du Dahomey, mais l’excès de zèle des fonctionnaires fon provoqua parfois le déclin du commerce : de 10 150 esclaves exportés en 1776, il ne restait plus que 3 065 en 1787 (D. Juhe-Beaulaton, 1994). Sous le règne d’Agonglo (1789-1797), la situation s’améliora grâce à la réduction des taxes et des tribus.
La domination fon s’imposa également sur les plans religieux et culturel, expliquant la diffusion du culte asɛn et d’autres pratiques fon à Ouidah, adoptées aussi par des groupes xwéda.
Contacts européens et commerce
Ouidah attira plusieurs puissances européennes : Portugal, France, Grande-Bretagne, Pays-Bas, Danemark.
Fort William (britannique), Fort portugais São João Baptista de Ajudá, et autres forts documentent la vie sociale et économique et témoignent du syncrétisme culturel.
La ville fut un centre majeur de commerce des esclaves au XVIIIᵉ siècle, avec le marché quotidien de Zobè.
À partir des années 1830, la ville participa au commerce légal de l’huile de palme, supplantant progressivement la traite.
3. Organisation et patrimoine architectural
Monuments historiques et culturels
Fort portugais de São João Baptista de Ajudá → musée d’histoire
Place Chacha → ancien marché aux esclaves
Porte du Non-Retour → mémoire de la traite (1995)
Forêt sacrée de Kpassè → mémoire du roi Kpassè
Temple des Pythons → sanctuaire vodoun
Basilique de l’Immaculée-Conception
Musée d’art contemporain de Ouidah (Fondation Zinsou)
Mémorial du Souvenir et sculptures le long de la route des esclaves
Culture et traditions vivantes
Fête du Vodoun ou Vodun Days chaque 10 janvier (depuis 1998)
Tambours du Bénin, Festival Kaléta et des Arts Agouda
Influence brésilienne et cubaine perceptible dans les quartiers Agoudà, l’architecture, la gastronomie et le langage
4. Valeur culturelle et symbolique
Centre de mémoire et identité
Ouidah représente la mémoire de la traite négrière, des migrations de retour, et du syncrétisme culturel et religieux entre Africains et Européens.
Tourisme et développement local
La ville attire des visiteurs pour ses monuments, musées et manifestations culturelles, contribuant à l’économie locale et à la valorisation du patrimoine béninois.
5. 
Mairie de Ouidah — Histoire de Ouidah, https://ouidah.mairie.bj/node/28","Wikipédia — Ouidah, https://fr.wikipedia.org/wiki/Ouidah",1,1,"Ouidah
Ville historique et culturelle – Côte du Bénin
1. Résumé
Ouidah est une ville côtière et commune du Bénin, située à 42 kilomètres à l’ouest de Cotonou, sur la côte Atlantique. Historiquement appelée Huéda, elle fut le centre d’un royaume puis l’un des principaux ports d’embarquement de la traite négrière occidentale aux XVIIIᵉ et XIXᵉ siècles. Bien que la ville se trouve à 3,5 kilomètres de la mer, séparée par une lagune et des bancs de sable, elle devint un carrefour stratégique pour le commerce, notamment celui des esclaves et, plus tard, de l’huile de palme.
Aujourd’hui, Ouidah est une cité culturellement riche, connue pour son patrimoine historique, ses monuments liés à la traite des esclaves, ses sites religieux et spirituels, ainsi que pour son rôle dans la mémoire et la culture du Bénin.
2. Historique et rôle du site
Origines et fondation
Les plus anciennes mentions de Gléhoué remontent au XVIᵉ siècle. La tradition orale raconte que la naissance du hameau est liée à la personne du roi Kpassè, dans une période allant de 1550 à 1670. Les écrits européens antérieurs au XVIᵉ siècle sont rares et n’évoquent pas directement le site. Selon M. Gavoy (1955), vers 1580, les Portugais firent cadeau au roi et à ses proches de tissus, en échange de vivres et de chèvres. Étonnés de ces animaux, les Européens apprirent qu’une ville existait un peu plus au nord, appelée Sahè (C. Merlo, 1940).
Il est probable que cette rencontre se soit déroulée dans une ferme d’habitation, fondée par Kpassè, successeur d’Aholo, qu’il appela Gléhoué (« maison des champs »), donnant plus tard son nom à la ville actuelle, encore appelée localement Gléhoué Kpassè-Tomè. D’autres récits attribuent la fondation à un certain Glé, ou à des populations xwla, Guin et Aïzo antérieures aux Houéda. L’explication toponymique liée à Kpassè reste la plus probable, bien que le nom soit en langue fongbé, surprenant pour un site Hxwéda.
Les Européens désignaient la localité selon les populations qui l’avaient fondée : Juda (Portugais), Fida (Hollandais), Ouidah (Français), Whidah (Anglais).
Développement du hameau
Fondé au XVIᵉ siècle, le hameau de Gléhoué était constitué du tala du roi Kpassè, comprenant sa propre habitation, celles de sa suite et de ses serviteurs, ainsi que des greniers. Une partie de la ferme servait également à parquer les esclaves destinés à la vente. Dans cet espace protégé, le roi aurait reçu les premiers visiteurs portugais en 1580 et les Capucins venus évangéliser le royaume d’Allada en 1664 et 1699.
Aujourd’hui, le site historique est probablement situé au nord-est de la ville, entre le lieu-dit Gléhoué (près de la cathédrale) et la forêt sacrée de Kpassè, où des cultes continuent de perpétuer la mémoire du roi déifié.
Formation des quartiers et population
Tovè : plusieurs familles de souche Houéda, notamment les Adjovi, descendent du fondateur de la ville.
Docomè : fondé par Kpatè, lié à l’arrivée des Portugais ; son domaine fut le noyau du quartier.
Adamè : fondé par un successeur de Kpassè, probablement le roi Agbangla (1670-1703).
Gléhoué Bedji / Agoli : site proche du Temple des Pythons, habité initialement par Zossoungbo, un dignitaire Houéda qui fonda ensuite Sogbadji.
Ces quartiers ne formaient pas une agglomération compacte et accueillaient également des familles de pêcheurs et de piroguiers Hula et Guin. Des négociants portugais et français s’y installèrent ponctuellement au XVIIᵉ siècle, comme Olivier Nicolas (vers 1620), ou un aventurier prussien selon E. Dunglas (1958).
Conquête et administration fon
Le roi du Dahomey mit en place une administration fon à Gléhoué dans les années 1740.
Yovogan : chef chargé des relations avec les Européens, installé pour superviser le commerce et réduire la résistance Houéda.
Koussougan : responsable de la sécurité, assisté par soldats, espions (Lèguèdè) et douaniers (Dégan).
L’administration contrôlait la ville et ses relations avec les comptoirs européens, mais restait soumise à l’autorité du roi. Les Yovogan pouvaient expulser des directeurs de forts en cas de conflit, comme en 1742 et 1747, et subir eux-mêmes des sanctions, comme en 1744 lors de l’attaque du fort anglais (C.W. Newbury, 1961).
De nouveaux quartiers fon furent créés autour de la ville : Fonsramè (le plus ancien, pour les dignitaires), Kaosramè (chef militaire), Boyasramè (conseiller du roi), ainsi que Quenumsramè, fondé par un cabécère du roi Ghézo (V.S. Quenum, 1982). Ces quartiers accueillaient également des familles fon dans les zones xwéda, telles que Tovè et Ahouandjigo.
Population et économie
Après la conquête aboméenne, la majorité de la population était fon, les xwéda ayant en grande partie fui. Vers 1772, Ouidah comptait environ 10 000 habitants. La traite, bien que fluctuant, rapportait d’importants profits. Gléhoué devint le centre économique du Dahomey, mais l’excès de zèle des fonctionnaires fon provoqua parfois le déclin du commerce : de 10 150 esclaves exportés en 1776, il ne restait plus que 3 065 en 1787 (D. Juhe-Beaulaton, 1994). Sous le règne d’Agonglo (1789-1797), la situation s’améliora grâce à la réduction des taxes et des tribus.
La domination fon s’imposa également sur les plans religieux et culturel, expliquant la diffusion du culte asɛn et d’autres pratiques fon à Ouidah, adoptées aussi par des groupes xwéda.
Contacts européens et commerce
Ouidah attira plusieurs puissances européennes : Portugal, France, Grande-Bretagne, Pays-Bas, Danemark.
Fort William (britannique), Fort portugais São João Baptista de Ajudá, et autres forts documentent la vie sociale et économique et témoignent du syncrétisme culturel.
La ville fut un centre majeur de commerce des esclaves au XVIIIᵉ siècle, avec le marché quotidien de Zobè.
À partir des années 1830, la ville participa au commerce légal de l’huile de palme, supplantant progressivement la traite.
3. Organisation et patrimoine architectural
Monuments historiques et culturels
Fort portugais de São João Baptista de Ajudá → musée d’histoire
Place Chacha → ancien marché aux esclaves
Porte du Non-Retour → mémoire de la traite (1995)
Forêt sacrée de Kpassè → mémoire du roi Kpassè
Temple des Pythons → sanctuaire vodoun
Basilique de l’Immaculée-Conception
Musée d’art contemporain de Ouidah (Fondation Zinsou)
Mémorial du Souvenir et sculptures le long de la route des esclaves
Culture et traditions vivantes
Fête du Vodoun ou Vodun Days chaque 10 janvier (depuis 1998)
Tambours du Bénin, Festival Kaléta et des Arts Agouda
Influence brésilienne et cubaine perceptible dans les quartiers Agoudà, l’architecture, la gastronomie et le langage
4. Valeur culturelle et symbolique
Centre de mémoire et identité
Ouidah représente la mémoire de la traite négrière, des migrations de retour, et du syncrétisme culturel et religieux entre Africains et Européens.
Tourisme et développement local
La ville attire des visiteurs pour ses monuments, musées et manifestations culturelles, contribuant à l’économie locale et à la valorisation du patrimoine béninois.
5. 
Mairie de Ouidah — Histoire de Ouidah, https://ouidah.mairie.bj/node/28

=== SOURCES ===
Wikipédia — Ouidah, https://fr.wikipedia.org/wiki/Ouidah",7097,1111,56,4,7153,1115,True,True,0,Aucune,Donnees_soutenance\Ouidah\Présentation de Ouidah\Presentation_Ouidah.docx,Donnees_soutenance\Ouidah\Présentation de Ouidah,Présentation de Ouidah/Presentation_Ouidah.docx,"{'source_name': '', 'description': 'Wikipédia — Ouidah, https://fr.wikipedia.org/wiki/Ouidah', 'url': '', 'source_type': 'texte', 'raw_text': 'Wikipédia — Ouidah, https://fr.wikipedia.org/wiki/Ouidah'}",https://fr.wikipedia.org/wiki/Ouidah,
Ouidah,Route des Esclaves,Route_des_Esclaves.docx,Route_des_Esclaves.docx,Route des Esclaves,"Route des Esclaves – Ouidah
Parcours mémoriel et historique – Côte du Bénin
1. Résumé
La Route des Esclaves retrace les derniers pas de milliers d’Africains déportés vers les Amériques entre les XVIIᵉ et XIXᵉ siècles. Cette route est ponctuée de 7 étapes clés. Elle commence « place Chacha », sur le lieu de l’ancien marché des esclaves, et se termine à la porte de Non-Retour au bord de la plage. Elle fait 4 km de long
Aujourd’hui jalonné de monuments, sculptures, places symboliques et mémoriaux, ce chemin est l’un des plus puissants lieux de mémoire de la traite négrière transatlantique en Afrique de l’Ouest.
Reconnu par l’UNESCO et devenu un haut lieu de tourisme mémoriel, il témoigne à la fois d’une douleur historique, d’une profonde spiritualité et d’un devoir de transmission.
Le circuit débute à la Place Chacha, où les esclaves étaient vendus aux enchères, avant de passer par l’Arbre de l’Oubli, rituel imposé pour effacer symboliquement leurs origines. À la Case Zomaï, les captifs étaient enfermés dans l’obscurité avant d’être conduits au Mémorial de Zoungbodji, fosse commune pour ceux qui n’ont pas survécu. L’Arbre du Retour symbolise quant à lui la possibilité spirituelle du retour des âmes, menant enfin à la majestueuse Porte du Non-Retour, point final de la terre africaine.
2. Historique et rôle du site
Origines et contexte historique
Ouidah fut l’un des ports les plus actifs de la traite négrière.
Au XVIIIᵉ et XIXᵉ siècles, la ville, d'abord contrôlée par les Houéda puis annexée par le royaume du Dahomey sous les règnes d’Agadja, Té Agbanlin, Kpengla, Agonglo et Ghézo, devint un carrefour commercial stratégique.
La Place Chacha, les maisons de traite, les forts européens et les espaces rituels formaient un réseau organisé où les captifs étaient vendus, contrôlés, préparés puis acheminés jusqu’à la mer.
Le processus de déportation
Les captifs arrivaient à Ouidah après de longues marches forcées depuis l’actuel Bénin, Togo, Nigéria, Niger ou encore les territoires yoruba ou dahoméens.
Une fois vendus, ils parcouraient un itinéraire précis, ponctué d’étapes marquantes :
Place Chacha – centre des ventes aux négociants européens.
Maison du Brésil (Casa do Brasil) – lieu d’évangélisation et résidence de négociants afro-brésiliens.
Case Zomaï – espace d’enfermement dans une obscurité totale (“zomaï” = “ne voit pas”).
Arbre de l’Oubli – rituel d’effacement symbolique de la mémoire.
Arbre du Retour – promesse spirituelle d’un retour posthume.
Cimetière des esclaves – sépulture des captifs morts avant l’embarquement.
Plage – Porte du Non-Retour – lieu d’embarquement final vers les Amériques.
Symboles et représentations
Les haltes de la route sont aujourd’hui matérialisées par :
des sculptures et monuments commémoratifs,
des installations artistiques inspirées du vodun et de l’héritage afro-brésilien,
des fresques, bas-reliefs et œuvres contemporaines.
L’ensemble forme un parcours où se croisent histoire, spiritualité, art et mémoire collective.
3. Organisation et patrimoine architectural
Monuments et lieux mémoriels
• Place Chacha ou place des Enchères – ancien marché aux esclaves ; associé à Francisco Félix de Souza.
• Case Zomaï – reconstitution symbolique de l’enfermement dans l’obscurité.
• Arbre de l’Oubli – sculptures et panneaux expliquant le rite.
• Arbre du Retour – sculptures symbolisant la promesse d’un retour spirituel.
• Monument des Chaînes Brisées – symbole de libération.
• Cimetière des Esclaves – mémorial des captifs morts avant la traversée.
• Porte du Non-Retour (1995) – monument central du parcours, inscrit au programme UNESCO.
• Mémorial de Zoungbodji – sculptures évoquant le départ vers la mer et l’arrachement final.
Architecture et aménagements
• Sculptures contemporaines d’artistes béninois et internationaux
• Œuvres d’inspiration afro-brésilienne et vodun
• Fresques, bas-reliefs, arcades symboliques
• Matériaux : pierre, métal forgé, ciment décoré, éléments traditionnels
4. Valeur culturelle et symbolique
Mémoire historique
La Route des Esclaves est l’un des rares itinéraires authentifiés retraçant physiquement le trajet final des captifs avant la traversée de l’Atlantique.
Elle sert aujourd’hui de support pédagogique, de lieu de réparation symbolique et de commémoration internationale.
Symbolique spirituelle
Les rites liés aux arbres, les pratiques vodun, les œuvres contemporaines et la charge émotionnelle du lieu en font un espace où mémoire, sacré et identité se rencontrent.
Tourisme et développement local
Le site accueille :
tourisme mémoriel et diasporique,
pèlerinages afro-descendants,
festivals culturels (Vodun Days, cérémonies UNESCO),
activités artisanales et initiatives locales.
Il contribue fortement à la valorisation et à la reconnaissance du patrimoine historique béninois.
5. Les grandes étapes de la Route des Esclaves
La Place Chacha ou Place des Enchères — Le lieu des décisions irréversibles, du tri et de la sélection
Sous le soleil brûlant, les captifs arrivaient ici, où se réglaient négociations, enchères et transactions.Les captifs étaient examinés, classés, séparés parfois de leurs proches.
Une étape brève mais cruelle, marquée par l’incertitude.
C’est là que les destins basculaient, sous l'autorité de Francisco Félix de Souza.
La Maison du Brésil — L’ombre des négociants
Édifice afro-brésilien où vivaient les commerçants venus du Brésil.
Certains captifs y étaient gardés pour un temps, dans un entre-deux inquiétant entre terre natale et horizon inconnu.
La Case Zomaï — Le noir total
Dans cette case sans ouverture, les captifs étaient enfermés dans l’obscurité la plus absolue.
Le “zomaï” symbolise la coupure brutale d’avec le monde extérieur.
L’Arbre de l’Oubli — Effacer pour mieux contrôler
Les hommes devaient tourner neuf fois autour de l’arbre, les femmes sept fois.
Le but : leur faire “oublier” leurs racines, leur identité, leur histoire.
Le Cimetière des Esclaves — La dernière halte pour les plus faibles
Ceux qui mouraient d’épuisement, de maladie ou de mauvais traitements reposaient ici.
Un lieu silencieux, chargé d'émotions.
L’Arbre du Retour — La promesse d’un retour spirituel
On y faisait faire trois tours aux captifs : une symbolique forte, celle du retour de l’âme au pays après la mort.
Zoungbodji — Le dernier passage
Lieu des cérémonies finales, où les captifs franchissaient une frontière invisible entre vie ancienne et destin forcé.
La Plage — La Porte du Non-Retour
Au bord de l’océan, le vent salé, la lumière blanche, les silhouettes des navires.
C’est ici que les corps s’embarquaient… et que les regards se perdaient vers un horizon sans retour.
6. 
•  Le voyage du calao — Route des esclaves, https://levoyageducalao.com/route-des-esclaves-de-ouidah/","• Ayiffa Tourisme — Histoire de la porte du non-retour, https://ayiffatourisme.com/en/blog-lhistoire-de-la-porte-du-non-retour-a-ouidah",1,1,"Route des Esclaves – Ouidah
Parcours mémoriel et historique – Côte du Bénin
1. Résumé
La Route des Esclaves retrace les derniers pas de milliers d’Africains déportés vers les Amériques entre les XVIIᵉ et XIXᵉ siècles. Cette route est ponctuée de 7 étapes clés. Elle commence « place Chacha », sur le lieu de l’ancien marché des esclaves, et se termine à la porte de Non-Retour au bord de la plage. Elle fait 4 km de long
Aujourd’hui jalonné de monuments, sculptures, places symboliques et mémoriaux, ce chemin est l’un des plus puissants lieux de mémoire de la traite négrière transatlantique en Afrique de l’Ouest.
Reconnu par l’UNESCO et devenu un haut lieu de tourisme mémoriel, il témoigne à la fois d’une douleur historique, d’une profonde spiritualité et d’un devoir de transmission.
Le circuit débute à la Place Chacha, où les esclaves étaient vendus aux enchères, avant de passer par l’Arbre de l’Oubli, rituel imposé pour effacer symboliquement leurs origines. À la Case Zomaï, les captifs étaient enfermés dans l’obscurité avant d’être conduits au Mémorial de Zoungbodji, fosse commune pour ceux qui n’ont pas survécu. L’Arbre du Retour symbolise quant à lui la possibilité spirituelle du retour des âmes, menant enfin à la majestueuse Porte du Non-Retour, point final de la terre africaine.
2. Historique et rôle du site
Origines et contexte historique
Ouidah fut l’un des ports les plus actifs de la traite négrière.
Au XVIIIᵉ et XIXᵉ siècles, la ville, d'abord contrôlée par les Houéda puis annexée par le royaume du Dahomey sous les règnes d’Agadja, Té Agbanlin, Kpengla, Agonglo et Ghézo, devint un carrefour commercial stratégique.
La Place Chacha, les maisons de traite, les forts européens et les espaces rituels formaient un réseau organisé où les captifs étaient vendus, contrôlés, préparés puis acheminés jusqu’à la mer.
Le processus de déportation
Les captifs arrivaient à Ouidah après de longues marches forcées depuis l’actuel Bénin, Togo, Nigéria, Niger ou encore les territoires yoruba ou dahoméens.
Une fois vendus, ils parcouraient un itinéraire précis, ponctué d’étapes marquantes :
Place Chacha – centre des ventes aux négociants européens.
Maison du Brésil (Casa do Brasil) – lieu d’évangélisation et résidence de négociants afro-brésiliens.
Case Zomaï – espace d’enfermement dans une obscurité totale (“zomaï” = “ne voit pas”).
Arbre de l’Oubli – rituel d’effacement symbolique de la mémoire.
Arbre du Retour – promesse spirituelle d’un retour posthume.
Cimetière des esclaves – sépulture des captifs morts avant l’embarquement.
Plage – Porte du Non-Retour – lieu d’embarquement final vers les Amériques.
Symboles et représentations
Les haltes de la route sont aujourd’hui matérialisées par :
des sculptures et monuments commémoratifs,
des installations artistiques inspirées du vodun et de l’héritage afro-brésilien,
des fresques, bas-reliefs et œuvres contemporaines.
L’ensemble forme un parcours où se croisent histoire, spiritualité, art et mémoire collective.
3. Organisation et patrimoine architectural
Monuments et lieux mémoriels
• Place Chacha ou place des Enchères – ancien marché aux esclaves ; associé à Francisco Félix de Souza.
• Case Zomaï – reconstitution symbolique de l’enfermement dans l’obscurité.
• Arbre de l’Oubli – sculptures et panneaux expliquant le rite.
• Arbre du Retour – sculptures symbolisant la promesse d’un retour spirituel.
• Monument des Chaînes Brisées – symbole de libération.
• Cimetière des Esclaves – mémorial des captifs morts avant la traversée.
• Porte du Non-Retour (1995) – monument central du parcours, inscrit au programme UNESCO.
• Mémorial de Zoungbodji – sculptures évoquant le départ vers la mer et l’arrachement final.
Architecture et aménagements
• Sculptures contemporaines d’artistes béninois et internationaux
• Œuvres d’inspiration afro-brésilienne et vodun
• Fresques, bas-reliefs, arcades symboliques
• Matériaux : pierre, métal forgé, ciment décoré, éléments traditionnels
4. Valeur culturelle et symbolique
Mémoire historique
La Route des Esclaves est l’un des rares itinéraires authentifiés retraçant physiquement le trajet final des captifs avant la traversée de l’Atlantique.
Elle sert aujourd’hui de support pédagogique, de lieu de réparation symbolique et de commémoration internationale.
Symbolique spirituelle
Les rites liés aux arbres, les pratiques vodun, les œuvres contemporaines et la charge émotionnelle du lieu en font un espace où mémoire, sacré et identité se rencontrent.
Tourisme et développement local
Le site accueille :
tourisme mémoriel et diasporique,
pèlerinages afro-descendants,
festivals culturels (Vodun Days, cérémonies UNESCO),
activités artisanales et initiatives locales.
Il contribue fortement à la valorisation et à la reconnaissance du patrimoine historique béninois.
5. Les grandes étapes de la Route des Esclaves
La Place Chacha ou Place des Enchères — Le lieu des décisions irréversibles, du tri et de la sélection
Sous le soleil brûlant, les captifs arrivaient ici, où se réglaient négociations, enchères et transactions.Les captifs étaient examinés, classés, séparés parfois de leurs proches.
Une étape brève mais cruelle, marquée par l’incertitude.
C’est là que les destins basculaient, sous l'autorité de Francisco Félix de Souza.
La Maison du Brésil — L’ombre des négociants
Édifice afro-brésilien où vivaient les commerçants venus du Brésil.
Certains captifs y étaient gardés pour un temps, dans un entre-deux inquiétant entre terre natale et horizon inconnu.
La Case Zomaï — Le noir total
Dans cette case sans ouverture, les captifs étaient enfermés dans l’obscurité la plus absolue.
Le “zomaï” symbolise la coupure brutale d’avec le monde extérieur.
L’Arbre de l’Oubli — Effacer pour mieux contrôler
Les hommes devaient tourner neuf fois autour de l’arbre, les femmes sept fois.
Le but : leur faire “oublier” leurs racines, leur identité, leur histoire.
Le Cimetière des Esclaves — La dernière halte pour les plus faibles
Ceux qui mouraient d’épuisement, de maladie ou de mauvais traitements reposaient ici.
Un lieu silencieux, chargé d'émotions.
L’Arbre du Retour — La promesse d’un retour spirituel
On y faisait faire trois tours aux captifs : une symbolique forte, celle du retour de l’âme au pays après la mort.
Zoungbodji — Le dernier passage
Lieu des cérémonies finales, où les captifs franchissaient une frontière invisible entre vie ancienne et destin forcé.
La Plage — La Porte du Non-Retour
Au bord de l’océan, le vent salé, la lumière blanche, les silhouettes des navires.
C’est ici que les corps s’embarquaient… et que les regards se perdaient vers un horizon sans retour.
6. 
•  Le voyage du calao — Route des esclaves, https://levoyageducalao.com/route-des-esclaves-de-ouidah/

=== SOURCES ===
• Ayiffa Tourisme — Histoire de la porte du non-retour, https://ayiffatourisme.com/en/blog-lhistoire-de-la-porte-du-non-retour-a-ouidah",6731,1021,135,11,6866,1032,True,True,0,Aucune,Donnees_soutenance\Ouidah\Route des Esclaves\Route_des_Esclaves.docx,Donnees_soutenance\Ouidah\Route des Esclaves,Route des Esclaves/Route_des_Esclaves.docx,"{'source_name': 'Ayiffa Tourisme', 'description': 'Histoire de la porte du non-retour', 'url': 'https://ayiffatourisme.com/en/blog-lhistoire-de-la-porte-du-non-retour-a-ouidah', 'source_type': 'blog', 'raw_text': '• Ayiffa Tourisme — Histoire de la porte du non-retour, https://ayiffatourisme.com/en/blog-lhistoire-de-la-porte-du-non-retour-a-ouidah'}",https://ayiffatourisme.com/en/blog-lhistoire-de-la-porte-du-non-retour-a-ouidah,
Ouidah,Monuments et Spiritualité,Basilique de l’Immaculée Conception,Basilique_de_l_Immaculée_Conception.docx,Basilique de l Immaculée Conception,"Basilique de l’Immaculée Conception
Principal sanctuaire catholique de Ouidah – Sud Bénin
1. Résumé
La Basilique de l’Immaculée Conception, anciennement cathédrale de Ouidah, est l’un des lieux religieux les plus emblématiques du Bénin. Construite entre 1903 et 1909 par les missionnaires de la Société des Missions Africaines, elle s’élève face au Temple des Pythons, sur un ancien site royal où furent autrefois détenus des chrétiens.
Élevée au rang de basilique mineure en 1989 par le pape Jean-Paul II, elle porte l’héritage d’une ville marquée par la traite négrière, l’évangélisation, les persécutions religieuses et un syncrétisme profond entre catholicisme et Vodun.
Son architecture néo-gothique mêlant briques locales et vitraux européens, son histoire coloniale et spirituelle, ainsi que les récits populaires qui l’entourent, en font un site majeur de la mémoire béninoise. Aujourd’hui encore, la basilique demeure un lieu de pèlerinage, de réconciliation et de dialogue interreligieux.
2. Historique et rôle du site
Les origines missionnaires (1861 – 1903)
L’histoire du sanctuaire commence avec l’arrivée, en avril 1861, de trois missionnaires SMA partis de Toulon. Leur installation marque le début de l’évangélisation du Dahomey, alors centré à Ouidah. Les premières messes furent célébrées dans la chapelle du Fort portugais.
Au fil des décennies, les conversions augmentent :
2 500 fidèles recensés en 1898
Offices tenus dans une simple chapelle de mission
Manque criant d’un lieu de culte digne de l’importance croissante de la communauté
La création du vicariat apostolique du Dahomey en 1901 donne une impulsion décisive : Mgr Louis Dartois fait dessiner les plans de la future cathédrale.
Construction de la cathédrale (1903 – 1909)
Pose de la première pierre : 30 août 1903
Travaux dirigés successivement par Mgr Dartois puis Mgr Steinmetz
Participation active des chrétiens et des adeptes Vodun, venus aider leurs proches malgré les différences religieuses
Découverte de restes humains lors du creusement des fondations, à l’emplacement exact de l’actuel maître-autel
Consécration : 9 mai 1909, devant près de 4 000 personnes (chrétiens et vodounsi)
Initialement dédiée au Sacré-Cœur, elle devient finalement Église de l’Immaculée Conception, rappelant l’ancien culte marial portugais.
Un site symbolique et chargé de mémoire
Son emplacement est hautement symbolique :
Ancien siège du représentant des rois du Dahomey (Agore)
Lieu de détention de chrétiens quelques décennies plus tôt
Aujourd’hui situé face au Temple des Pythons, symbole du Vodun
Rôle religieux et évolutions
Siège du vicariat apostolique jusqu’en 1954, avant son transfert à Cotonou
Élévation au rang de basilique mineure le 9 novembre 1989
Dépôt des dépouilles de Mgr Dartois et Mgr Steinmetz dans la basilique
Célébration du centenaire en 2009
Visite du pape Benoît XVI en 2011
La basilique durant la période marxiste (1975 – 1990)
Sous le régime marxiste-léniniste :
Églises fermées
Messes clandestines célébrées à la bougie
Fidèles cachant bibles et hosties
Des récits locaux évoquent des résistances discrètes et courageuses portées par la communauté chrétienne.
Syncrétisme et coexistence religieuse
À Ouidah, beaucoup de croyants pratiquent à la fois le catholicisme et le Vodun, une réalité ancienne et toujours vivante.
La basilique demeure un lieu de :
Pèlerinage marial
Réconciliation historique (notamment après l’appel de Jean-Paul II en 1993 à la « guérison des mémoires »)
Dialogue interreligieux
Notamment lors de la Tabaski, où paroissiens et familles musulmanes échangent dattes, repas et gestes de fraternité.
3. Organisation et patrimoine architectural
Architecture générale
Pure expression du style néo-gothique européen, la basilique se distingue par :
Une nef unique de 58 m de long et 14 m de large
Cinq travées lumineuses
Des baies géminées surmontées d’oculi
Une voûte lambrissée culminant à 17,5 m
La façade en briques rouges, fabriquées avec la terre de Ouidah, donne à l’édifice une identité locale forte.
Intérieur et inculturation
Vitraux européens représentant des scènes bibliques
Visages africains sur certaines figures saintes
Statue de la Vierge Marie drapée en pagne africain lors des célébrations
Maître-autel érigé sur l’emplacement où les ossements ont été découverts
Croix monumentale au fond du chœur
Une urne discrète permet des dons volontaires pour l’entretien.
Clocher et extérieurs
Clocher séparé et inachevé (la flèche prévue n’a jamais été construite)
Petit jardin attenant
Grotte de Lourdes, édifiée dans les années 1950, lieu de prière où se mêlent bougies, fleurs, coquillages et parfois colliers vodun
Légendes et traditions populaires
Plusieurs récits populaires animent la mémoire du lieu :
La cloche miraculeuse, qui aurait sonné seule durant la construction
Des murmures nocturnes entendus dans la grotte, selon la tradition locale
Des pèlerins venant y méditer pendant des heures
4. Valeur culturelle et symbolique
Un espace de mémoire spirituelle
La basilique représente :
La rencontre entre missionnaires européens et cultures fon
La capacité des populations à intégrer la foi chrétienne dans leurs traditions
Le passage d’une histoire douloureuse (esclavage, persécutions) à un chemin de résilience
Un symbole du Bénin contemporain
Elle incarne :
Le syncrétisme religieux béninois
La coexistence du catholicisme, du Vodun et de l’islam
La dynamique culturelle entre héritage colonial et identité locale
Lieu de célébrations majeures, de visites papales et de cérémonies symboliques, elle demeure un repère central de la foi et de la mémoire à Ouidah.
5. 
• Le Voyage du Calao — 5 sites incontournables à Ouidah, , https://levoyageducalao.com/5-sites-incontournables-a-ouidah/
• Wikipédia — Basilique de l’Immaculée-Conception de Ouidah, https://fr.wikipedia.org/wiki/Basilique_de_l%27Immacul%C3%A9e-Conception_de_Ouidah","• Voyage Avec Nous — Ouidah, Région Atlantique, Bénin, https://voyageavecnous.com/ouidah-region-atlantique-benin/",1,1,"Basilique de l’Immaculée Conception
Principal sanctuaire catholique de Ouidah – Sud Bénin
1. Résumé
La Basilique de l’Immaculée Conception, anciennement cathédrale de Ouidah, est l’un des lieux religieux les plus emblématiques du Bénin. Construite entre 1903 et 1909 par les missionnaires de la Société des Missions Africaines, elle s’élève face au Temple des Pythons, sur un ancien site royal où furent autrefois détenus des chrétiens.
Élevée au rang de basilique mineure en 1989 par le pape Jean-Paul II, elle porte l’héritage d’une ville marquée par la traite négrière, l’évangélisation, les persécutions religieuses et un syncrétisme profond entre catholicisme et Vodun.
Son architecture néo-gothique mêlant briques locales et vitraux européens, son histoire coloniale et spirituelle, ainsi que les récits populaires qui l’entourent, en font un site majeur de la mémoire béninoise. Aujourd’hui encore, la basilique demeure un lieu de pèlerinage, de réconciliation et de dialogue interreligieux.
2. Historique et rôle du site
Les origines missionnaires (1861 – 1903)
L’histoire du sanctuaire commence avec l’arrivée, en avril 1861, de trois missionnaires SMA partis de Toulon. Leur installation marque le début de l’évangélisation du Dahomey, alors centré à Ouidah. Les premières messes furent célébrées dans la chapelle du Fort portugais.
Au fil des décennies, les conversions augmentent :
2 500 fidèles recensés en 1898
Offices tenus dans une simple chapelle de mission
Manque criant d’un lieu de culte digne de l’importance croissante de la communauté
La création du vicariat apostolique du Dahomey en 1901 donne une impulsion décisive : Mgr Louis Dartois fait dessiner les plans de la future cathédrale.
Construction de la cathédrale (1903 – 1909)
Pose de la première pierre : 30 août 1903
Travaux dirigés successivement par Mgr Dartois puis Mgr Steinmetz
Participation active des chrétiens et des adeptes Vodun, venus aider leurs proches malgré les différences religieuses
Découverte de restes humains lors du creusement des fondations, à l’emplacement exact de l’actuel maître-autel
Consécration : 9 mai 1909, devant près de 4 000 personnes (chrétiens et vodounsi)
Initialement dédiée au Sacré-Cœur, elle devient finalement Église de l’Immaculée Conception, rappelant l’ancien culte marial portugais.
Un site symbolique et chargé de mémoire
Son emplacement est hautement symbolique :
Ancien siège du représentant des rois du Dahomey (Agore)
Lieu de détention de chrétiens quelques décennies plus tôt
Aujourd’hui situé face au Temple des Pythons, symbole du Vodun
Rôle religieux et évolutions
Siège du vicariat apostolique jusqu’en 1954, avant son transfert à Cotonou
Élévation au rang de basilique mineure le 9 novembre 1989
Dépôt des dépouilles de Mgr Dartois et Mgr Steinmetz dans la basilique
Célébration du centenaire en 2009
Visite du pape Benoît XVI en 2011
La basilique durant la période marxiste (1975 – 1990)
Sous le régime marxiste-léniniste :
Églises fermées
Messes clandestines célébrées à la bougie
Fidèles cachant bibles et hosties
Des récits locaux évoquent des résistances discrètes et courageuses portées par la communauté chrétienne.
Syncrétisme et coexistence religieuse
À Ouidah, beaucoup de croyants pratiquent à la fois le catholicisme et le Vodun, une réalité ancienne et toujours vivante.
La basilique demeure un lieu de :
Pèlerinage marial
Réconciliation historique (notamment après l’appel de Jean-Paul II en 1993 à la « guérison des mémoires »)
Dialogue interreligieux
Notamment lors de la Tabaski, où paroissiens et familles musulmanes échangent dattes, repas et gestes de fraternité.
3. Organisation et patrimoine architectural
Architecture générale
Pure expression du style néo-gothique européen, la basilique se distingue par :
Une nef unique de 58 m de long et 14 m de large
Cinq travées lumineuses
Des baies géminées surmontées d’oculi
Une voûte lambrissée culminant à 17,5 m
La façade en briques rouges, fabriquées avec la terre de Ouidah, donne à l’édifice une identité locale forte.
Intérieur et inculturation
Vitraux européens représentant des scènes bibliques
Visages africains sur certaines figures saintes
Statue de la Vierge Marie drapée en pagne africain lors des célébrations
Maître-autel érigé sur l’emplacement où les ossements ont été découverts
Croix monumentale au fond du chœur
Une urne discrète permet des dons volontaires pour l’entretien.
Clocher et extérieurs
Clocher séparé et inachevé (la flèche prévue n’a jamais été construite)
Petit jardin attenant
Grotte de Lourdes, édifiée dans les années 1950, lieu de prière où se mêlent bougies, fleurs, coquillages et parfois colliers vodun
Légendes et traditions populaires
Plusieurs récits populaires animent la mémoire du lieu :
La cloche miraculeuse, qui aurait sonné seule durant la construction
Des murmures nocturnes entendus dans la grotte, selon la tradition locale
Des pèlerins venant y méditer pendant des heures
4. Valeur culturelle et symbolique
Un espace de mémoire spirituelle
La basilique représente :
La rencontre entre missionnaires européens et cultures fon
La capacité des populations à intégrer la foi chrétienne dans leurs traditions
Le passage d’une histoire douloureuse (esclavage, persécutions) à un chemin de résilience
Un symbole du Bénin contemporain
Elle incarne :
Le syncrétisme religieux béninois
La coexistence du catholicisme, du Vodun et de l’islam
La dynamique culturelle entre héritage colonial et identité locale
Lieu de célébrations majeures, de visites papales et de cérémonies symboliques, elle demeure un repère central de la foi et de la mémoire à Ouidah.
5. 
• Le Voyage du Calao — 5 sites incontournables à Ouidah, , https://levoyageducalao.com/5-sites-incontournables-a-ouidah/
• Wikipédia — Basilique de l’Immaculée-Conception de Ouidah, https://fr.wikipedia.org/wiki/Basilique_de_l%27Immacul%C3%A9e-Conception_de_Ouidah

=== SOURCES ===
• Voyage Avec Nous — Ouidah, Région Atlantique, Bénin, https://voyageavecnous.com/ouidah-region-atlantique-benin/",5873,864,113,10,5986,874,True,True,4,La basilique de l’Immaculée Conception Ouidah.jpg|||La cloche miraculeuse de la basilique de l'immaculée Conception.jpg|||basilique_de_l_Immaculée_Conception_Ouidah.jpg|||la_basilique_de_l_immaculée_Conception.jpg,Donnees_soutenance\Ouidah\Monuments et Spiritualité\Basilique de l’Immaculée Conception\Basilique_de_l_Immaculée_Conception.docx,Donnees_soutenance\Ouidah\Monuments et Spiritualité\Basilique de l’Immaculée Conception,Monuments et Spiritualité/Basilique de l’Immaculée Conception,"{'source_name': 'Voyage Avec Nous', 'description': 'Ouidah, Région Atlantique, Bénin', 'url': 'https://voyageavecnous.com/ouidah-region-atlantique-benin/', 'source_type': 'blog', 'raw_text': '• Voyage Avec Nous — Ouidah, Région Atlantique, Bénin, https://voyageavecnous.com/ouidah-region-atlantique-benin/'}",https://voyageavecnous.com/ouidah-region-atlantique-benin/,La basilique de l’Immaculée Conception Ouidah.jpg | La cloche miraculeuse de la basilique de l'immaculée Conception.jpg | basilique_de_l_Immaculée_Conception_Ouidah.jpg | la_basilique_de_l_immaculée_Conception.jpg
Ouidah,Monuments et Spiritualité,Fort Portugais – Musée d’Histoire,Le_Fort_Portugais_et_le_Musée_d_Histoire_de_Ouidah.docx,Le Fort Portugais et le Musée d Histoire de Ouidah,"Le Fort Portugais et le Musée d’Histoire de Ouidah
Fort São João Baptista de Ajudá – Ouidah, Côte du Bénin
1. Résumé
Le fort portugais São João Baptista de Ajudá, construit en 1721, est le dernier fort encore debout à Ouidah. Les quatre autres — français, hollandais, anglais et danois — ont disparu.
Derrière ses murs d’enceinte et ses anciens canons, ce fort dévoile la dimension militaire, commerciale et humaine d’un lieu ayant joué un rôle central dans l’histoire du royaume de Ouidah et dans la traite négrière transatlantique.
Le Fort Portugais et le Musée d'Histoire de Ouidah sont intrinsèquement liés, car le musée est installé à l'intérieur même du fort historique
Le musée d’Histoire de Ouidah, installé dans l’ancienne résidence du gouverneur portugais au sein du fort, raconte cette histoire à travers 11 salles d’exposition : souverains locaux, relations avec les Européens, emprisonnement des captifs, dynamiques politiques du Dahomey, rôle du royaume dans la traite, diaspora africaine et culture afro-brésilienne.
Des photographies de Pierre Verger, des objets religieux, des artefacts du Dahomey et des représentations puissantes comme celle de l’Arbre de l’Oubli enrichissent la visite.
Ce site constitue une étape essentielle avant de comprendre la Route des Esclaves et la Porte du Non-Retour.
2. Historique et rôle du site
Construction et usages successifs
Le fort portugais São João Baptista de Ajudá fut érigé en 1721 afin d’établir un comptoir fortifié.
Il sert successivement :
De poste commercial (1721–1816), utilisé pour les échanges et pour sécuriser les intérêts portugais.
De mission catholique (1816–1893), après le déclin progressif du commerce négrier.
De siège officiel de la représentation portugaise (à partir de 1893).
En 1961, lors de l’indépendance du Dahomey, le gouvernement annexe l’enclave portugaise. Avant leur départ, les occupants portugais brûlent les bâtiments.
Classement et restauration
Le fort est classé monument historique en 1964.
Il est restauré avec le soutien de la France, des États-Unis et du Portugal via la Fondation Calouste-Gulbenkian.
Le musée d’Histoire de Ouidah ouvre officiellement ses portes le 6 septembre 1967.
3. Rôle du musée et présentation de la traite négrière
Le musée d’Histoire de Ouidah propose un récit immersif et documenté de la traite négrière transatlantique.
Un récit ancré dans l’histoire du Dahomey
La visite débute par la fondation du Royaume du Dahomey, puissance économique et militaire majeure. Elle montre son rôle dans la traite, rappelant que celle-ci impliquait non seulement des nations européennes mais aussi des États africains.
Des supports variés et immersifs
Le musée utilise des :
objets historiques
sculptures
peintures
photographies (dont celles de Pierre Verger)
cartes et documents d’archives
Ces éléments illustrent :
la capture et la détention des esclaves dans le fort
leurs conditions de vie
les mécanismes politiques et économiques de la traite
les liens culturels entre Ouidah et le Brésil
Symboles forts de la déshumanisation
Le musée évoque notamment :
L’Arbre de l’Oubli, autour duquel les captifs étaient forcés de tourner pour « oublier leur passé »
La Route des Esclaves, les 4 km que parcouraient les captifs
Le Point de Non-Retour, dernier pas avant leur déportation
Résistance et héritage
Le musée met également en lumière :
les rébellions
les luttes abolitionnistes
la résilience de la diaspora
la transmission culturelle en Amérique
Il offre ainsi une compréhension globale, équilibrée et profonde de la traite atlantique.
4. Organisation, architecture et collections
Architecture et vestiges
Le fort conserve :
son mur d’enceinte
des canons d’époque
l’ancienne résidence du gouverneur portugais
des espaces qui servaient autrefois de lieux d’enfermement
Les collections du musée
Le musée est composé de 11 salles, qui rassemblent :
Objets provenant du fort portugais
Artéfacts du royaume de Xwéda
Collections du royaume du Dahomey
Objets liés au commerce et au rapatriement des esclaves
Données archéologiques récupérées lors de fouilles
Collections issues de familles notables de Ouidah
Pièces acquises avec l’aide de partenaires étrangers
La muséographie raconte non seulement la traite, mais aussi l’évolution politique, spirituelle et culturelle d’Ouidah.
5. Valeur culturelle et symbolique
Le fort et le musée représentent :
un témoin matériel de l’histoire atlantique
un lieu de mémoire pour la diaspora africaine
une archive vivante de la rencontre entre cultures béninoise, européenne et afro-brésilienne
un rappel de la violence systémique de la traite
une porte d’entrée vers la compréhension de la Route des Esclaves et de la Porte du Non-Retour
Ce site est aujourd’hui un espace de transmission, d’enseignement et de commémoration.
6. 
• Momaa — Ouidah Museum of History vs Maison des Esclaves, https://momaa.org/ouidah-museum-of-history-vs-maison-des-esclaves/?srsltid=AfmBOorm_LRTfP7XfK44TxiT6quNZ87hmJLrCreaOrkmHHzoxqoapzPp
• Bénin Tourisme Culture — Le fort portugais & musée d’Histoire de Ouidah, https://benin-tourisme-culture.com/tourisme-benin/attractions-touristiques/ouidah/le-fort-portguais-musee-dhistoire-de-ouidah/","• Le Voyage du Calao — 5 sites incontournables à Ouidah, https://levoyageducalao.com/5-sites-incontournables-a-ouidah/",1,1,"Le Fort Portugais et le Musée d’Histoire de Ouidah
Fort São João Baptista de Ajudá – Ouidah, Côte du Bénin
1. Résumé
Le fort portugais São João Baptista de Ajudá, construit en 1721, est le dernier fort encore debout à Ouidah. Les quatre autres — français, hollandais, anglais et danois — ont disparu.
Derrière ses murs d’enceinte et ses anciens canons, ce fort dévoile la dimension militaire, commerciale et humaine d’un lieu ayant joué un rôle central dans l’histoire du royaume de Ouidah et dans la traite négrière transatlantique.
Le Fort Portugais et le Musée d'Histoire de Ouidah sont intrinsèquement liés, car le musée est installé à l'intérieur même du fort historique
Le musée d’Histoire de Ouidah, installé dans l’ancienne résidence du gouverneur portugais au sein du fort, raconte cette histoire à travers 11 salles d’exposition : souverains locaux, relations avec les Européens, emprisonnement des captifs, dynamiques politiques du Dahomey, rôle du royaume dans la traite, diaspora africaine et culture afro-brésilienne.
Des photographies de Pierre Verger, des objets religieux, des artefacts du Dahomey et des représentations puissantes comme celle de l’Arbre de l’Oubli enrichissent la visite.
Ce site constitue une étape essentielle avant de comprendre la Route des Esclaves et la Porte du Non-Retour.
2. Historique et rôle du site
Construction et usages successifs
Le fort portugais São João Baptista de Ajudá fut érigé en 1721 afin d’établir un comptoir fortifié.
Il sert successivement :
De poste commercial (1721–1816), utilisé pour les échanges et pour sécuriser les intérêts portugais.
De mission catholique (1816–1893), après le déclin progressif du commerce négrier.
De siège officiel de la représentation portugaise (à partir de 1893).
En 1961, lors de l’indépendance du Dahomey, le gouvernement annexe l’enclave portugaise. Avant leur départ, les occupants portugais brûlent les bâtiments.
Classement et restauration
Le fort est classé monument historique en 1964.
Il est restauré avec le soutien de la France, des États-Unis et du Portugal via la Fondation Calouste-Gulbenkian.
Le musée d’Histoire de Ouidah ouvre officiellement ses portes le 6 septembre 1967.
3. Rôle du musée et présentation de la traite négrière
Le musée d’Histoire de Ouidah propose un récit immersif et documenté de la traite négrière transatlantique.
Un récit ancré dans l’histoire du Dahomey
La visite débute par la fondation du Royaume du Dahomey, puissance économique et militaire majeure. Elle montre son rôle dans la traite, rappelant que celle-ci impliquait non seulement des nations européennes mais aussi des États africains.
Des supports variés et immersifs
Le musée utilise des :
objets historiques
sculptures
peintures
photographies (dont celles de Pierre Verger)
cartes et documents d’archives
Ces éléments illustrent :
la capture et la détention des esclaves dans le fort
leurs conditions de vie
les mécanismes politiques et économiques de la traite
les liens culturels entre Ouidah et le Brésil
Symboles forts de la déshumanisation
Le musée évoque notamment :
L’Arbre de l’Oubli, autour duquel les captifs étaient forcés de tourner pour « oublier leur passé »
La Route des Esclaves, les 4 km que parcouraient les captifs
Le Point de Non-Retour, dernier pas avant leur déportation
Résistance et héritage
Le musée met également en lumière :
les rébellions
les luttes abolitionnistes
la résilience de la diaspora
la transmission culturelle en Amérique
Il offre ainsi une compréhension globale, équilibrée et profonde de la traite atlantique.
4. Organisation, architecture et collections
Architecture et vestiges
Le fort conserve :
son mur d’enceinte
des canons d’époque
l’ancienne résidence du gouverneur portugais
des espaces qui servaient autrefois de lieux d’enfermement
Les collections du musée
Le musée est composé de 11 salles, qui rassemblent :
Objets provenant du fort portugais
Artéfacts du royaume de Xwéda
Collections du royaume du Dahomey
Objets liés au commerce et au rapatriement des esclaves
Données archéologiques récupérées lors de fouilles
Collections issues de familles notables de Ouidah
Pièces acquises avec l’aide de partenaires étrangers
La muséographie raconte non seulement la traite, mais aussi l’évolution politique, spirituelle et culturelle d’Ouidah.
5. Valeur culturelle et symbolique
Le fort et le musée représentent :
un témoin matériel de l’histoire atlantique
un lieu de mémoire pour la diaspora africaine
une archive vivante de la rencontre entre cultures béninoise, européenne et afro-brésilienne
un rappel de la violence systémique de la traite
une porte d’entrée vers la compréhension de la Route des Esclaves et de la Porte du Non-Retour
Ce site est aujourd’hui un espace de transmission, d’enseignement et de commémoration.
6. 
• Momaa — Ouidah Museum of History vs Maison des Esclaves, https://momaa.org/ouidah-museum-of-history-vs-maison-des-esclaves/?srsltid=AfmBOorm_LRTfP7XfK44TxiT6quNZ87hmJLrCreaOrkmHHzoxqoapzPp
• Bénin Tourisme Culture — Le fort portugais & musée d’Histoire de Ouidah, https://benin-tourisme-culture.com/tourisme-benin/attractions-touristiques/ouidah/le-fort-portguais-musee-dhistoire-de-ouidah/

=== SOURCES ===
• Le Voyage du Calao — 5 sites incontournables à Ouidah, https://levoyageducalao.com/5-sites-incontournables-a-ouidah/",5169,753,118,12,5287,765,True,True,4,Benin_Ouidah_Fort Portugais.jpg|||Musée-d'histoire de Ouidah.png|||fort portugais de Ouidah.jpg|||le Musée d’Histoire de Ouidah.jpg,Donnees_soutenance\Ouidah\Monuments et Spiritualité\Fort Portugais – Musée d’Histoire\Le_Fort_Portugais_et_le_Musée_d_Histoire_de_Ouidah.docx,Donnees_soutenance\Ouidah\Monuments et Spiritualité\Fort Portugais – Musée d’Histoire,Monuments et Spiritualité/Fort Portugais – Musée d’Histoire,"{'source_name': 'Le Voyage du Calao', 'description': '5 sites incontournables à Ouidah', 'url': 'https://levoyageducalao.com/5-sites-incontournables-a-ouidah/', 'source_type': 'blog', 'raw_text': '• Le Voyage du Calao — 5 sites incontournables à Ouidah, https://levoyageducalao.com/5-sites-incontournables-a-ouidah/'}",https://levoyageducalao.com/5-sites-incontournables-a-ouidah/,Benin_Ouidah_Fort Portugais.jpg | Musée-d'histoire de Ouidah.png | fort portugais de Ouidah.jpg | le Musée d’Histoire de Ouidah.jpg
Ouidah,Monuments et Spiritualité,Forêt Sacrée de Kpassè,Forêt_Sacrée_de_Kpassè.docx,Forêt Sacrée de Kpassè,"Forêt Sacrée de Kpassè
Site spirituel et patrimonial – Ouidah, Côte du Bénin
1. Résumé
La Forêt Sacrée de Kpassè, également appelée Kpassèzoun, est l’un des lieux les plus emblématiques de la spiritualité vaudou à Ouidah. Véritable sanctuaire naturel, elle est associée à la légende du roi Kpassè, fondateur de la ville, qui se serait transformé en iroko sacré pour échapper à ses adversaires. Ouverte au public depuis le Festival du Vodun de 1992, cette forêt est à la fois un espace rituel, un musée à ciel ouvert et un symbole fort de l’identité culturelle d’Ouidah.
Autrefois vaste de 30 hectares, elle ne couvre plus aujourd’hui que 4 hectares, mais conserve une intense valeur religieuse, historique et écologique.
2. Historique et rôle du site
Origines légendaires : le roi Kpassè
La sacralité du lieu provient d’un événement fondateur :
Selon la tradition, au XIVᵉ ou XVIIᵉ siècle (selon les versions), le roi Kpassè, deuxième souverain de Savi et fondateur du royaume houéda, aurait disparu miraculeusement et réapparu sous la forme d’un grand iroko.
Cet arbre, encore visible dans la forêt, est aujourd’hui un autel de prières, d’offrandes et de rituels destinés à honorer sa mémoire.
Un centre majeur du culte vodun
La forêt est un haut lieu spirituel où se déroulent régulièrement :
cérémonies rituelles,
initiations,
danses sacrées,
invocations des divinités.
Certaines zones sont strictement interdites aux visiteurs, notamment l’espace abritant le temple et le « couvent » vodun où les jeunes initiés apprennent auprès des prêtres.
Ouverture au public et évolution
Ouverte aux non-initiés en 1992
Classée comme forêt sacrée reconnue par un arrêté interministériel en 2012
Soutenue par un projet du PNUD/FEM pour la préservation des forêts sacrées béninoises
Malgré sa réduction à 4 hectares, la forêt demeure un lieu incontournable mêlant mémoire, spiritualité, culture et biodiversité.
3. Organisation et patrimoine culturel
Les divinités représentées
La Forêt Sacrée de Kpassè fonctionne comme un grand musée à ciel ouvert. On y trouve des statues d’art contemporain représentant les principales divinités du panthéon vodun :
Tolègba – gardien des portes et messager
Mami Wata – déesse des eaux
Gu / Ogoun – dieu du fer, des forgerons et de la guerre
Ogoun Zobla – intelligence et réussite
Sakpata – dieu de la terre, de la variole et de la guérison
Hêvièsso – dieu de l’orage et de la foudre
Chaque statue, arbre ou rocher a une signification spirituelle précise et fait partie du système symbolique vodun.
L’iroko sacré du roi Kpassè
Au cœur de la forêt se trouve l’arbre légendaire considéré comme l’incarnation du roi.
Il constitue l’un des points les plus sacrés du site, entouré d’offrandes (coquillages, tissus, nourritures, colas, etc.).
Architecture naturelle et biodiversité
La forêt abrite :
36 espèces végétales, dont plusieurs médicinales comme Newbouldia laevis
Des espèces d’oiseaux (perroquets, calaos)
De nombreux papillons et insectes
Une flore riche composée de lianes, fougères, arbres tropicaux
Ce petit écosystème constitue un précieux fragment de forêt préservée au cœur de la ville.
Zones interdites et pratiques rituelles
Certaines zones ne sont accessibles qu'aux initiés. Elles abritent :
le temple,
le lieu de formation des initiés,
les espaces secrets du culte.
Aucune barrière physique n'est nécessaire : c’est le respect spirituel qui définit les limites.
4. Valeur culturelle et symbolique
Un sanctuaire majeur du vodun
La forêt est un espace :
de communication avec les ancêtres,
d’apprentissage des traditions,
de pratique des rituels,
de connexion entre les humains, la nature et le divin.
Elle constitue l’un des lieux les plus puissants du vodun béninois.
Un patrimoine historique et identitaire
Elle porte :
la mémoire du roi fondateur Kpassè,
l’héritage du royaume houéda,
la continuité des traditions animistes,
l’identité spirituelle de Ouidah.
Un site touristique, artistique et éducatif
La Forêt Sacrée de Kpassè est :
un lieu d’initiation culturelle pour les visiteurs
un musée d’art contemporain en plein air
un site éco-touristique
un espace de transmission pour les jeunes générations
Sa valeur est à la fois religieuse, écologique, artistique et historique.
5. 
• Le Voyage du Calao — 5 sites incontournables à Ouidah, https://levoyageducalao.com/5-sites-incontournables-a-ouidah/
• Wikipédia — Forêt Sacrée de Kpassè, https://fr.wikipedia.org/wiki/For%C3%AAt_sacr%C3%A9e_de_Kpass%C3%A8","• Voyage Avec Nous — Ouidah, Région Atlantique, Bénin, https://voyageavecnous.com/ouidah-region-atlantique-benin/",1,1,"Forêt Sacrée de Kpassè
Site spirituel et patrimonial – Ouidah, Côte du Bénin
1. Résumé
La Forêt Sacrée de Kpassè, également appelée Kpassèzoun, est l’un des lieux les plus emblématiques de la spiritualité vaudou à Ouidah. Véritable sanctuaire naturel, elle est associée à la légende du roi Kpassè, fondateur de la ville, qui se serait transformé en iroko sacré pour échapper à ses adversaires. Ouverte au public depuis le Festival du Vodun de 1992, cette forêt est à la fois un espace rituel, un musée à ciel ouvert et un symbole fort de l’identité culturelle d’Ouidah.
Autrefois vaste de 30 hectares, elle ne couvre plus aujourd’hui que 4 hectares, mais conserve une intense valeur religieuse, historique et écologique.
2. Historique et rôle du site
Origines légendaires : le roi Kpassè
La sacralité du lieu provient d’un événement fondateur :
Selon la tradition, au XIVᵉ ou XVIIᵉ siècle (selon les versions), le roi Kpassè, deuxième souverain de Savi et fondateur du royaume houéda, aurait disparu miraculeusement et réapparu sous la forme d’un grand iroko.
Cet arbre, encore visible dans la forêt, est aujourd’hui un autel de prières, d’offrandes et de rituels destinés à honorer sa mémoire.
Un centre majeur du culte vodun
La forêt est un haut lieu spirituel où se déroulent régulièrement :
cérémonies rituelles,
initiations,
danses sacrées,
invocations des divinités.
Certaines zones sont strictement interdites aux visiteurs, notamment l’espace abritant le temple et le « couvent » vodun où les jeunes initiés apprennent auprès des prêtres.
Ouverture au public et évolution
Ouverte aux non-initiés en 1992
Classée comme forêt sacrée reconnue par un arrêté interministériel en 2012
Soutenue par un projet du PNUD/FEM pour la préservation des forêts sacrées béninoises
Malgré sa réduction à 4 hectares, la forêt demeure un lieu incontournable mêlant mémoire, spiritualité, culture et biodiversité.
3. Organisation et patrimoine culturel
Les divinités représentées
La Forêt Sacrée de Kpassè fonctionne comme un grand musée à ciel ouvert. On y trouve des statues d’art contemporain représentant les principales divinités du panthéon vodun :
Tolègba – gardien des portes et messager
Mami Wata – déesse des eaux
Gu / Ogoun – dieu du fer, des forgerons et de la guerre
Ogoun Zobla – intelligence et réussite
Sakpata – dieu de la terre, de la variole et de la guérison
Hêvièsso – dieu de l’orage et de la foudre
Chaque statue, arbre ou rocher a une signification spirituelle précise et fait partie du système symbolique vodun.
L’iroko sacré du roi Kpassè
Au cœur de la forêt se trouve l’arbre légendaire considéré comme l’incarnation du roi.
Il constitue l’un des points les plus sacrés du site, entouré d’offrandes (coquillages, tissus, nourritures, colas, etc.).
Architecture naturelle et biodiversité
La forêt abrite :
36 espèces végétales, dont plusieurs médicinales comme Newbouldia laevis
Des espèces d’oiseaux (perroquets, calaos)
De nombreux papillons et insectes
Une flore riche composée de lianes, fougères, arbres tropicaux
Ce petit écosystème constitue un précieux fragment de forêt préservée au cœur de la ville.
Zones interdites et pratiques rituelles
Certaines zones ne sont accessibles qu'aux initiés. Elles abritent :
le temple,
le lieu de formation des initiés,
les espaces secrets du culte.
Aucune barrière physique n'est nécessaire : c’est le respect spirituel qui définit les limites.
4. Valeur culturelle et symbolique
Un sanctuaire majeur du vodun
La forêt est un espace :
de communication avec les ancêtres,
d’apprentissage des traditions,
de pratique des rituels,
de connexion entre les humains, la nature et le divin.
Elle constitue l’un des lieux les plus puissants du vodun béninois.
Un patrimoine historique et identitaire
Elle porte :
la mémoire du roi fondateur Kpassè,
l’héritage du royaume houéda,
la continuité des traditions animistes,
l’identité spirituelle de Ouidah.
Un site touristique, artistique et éducatif
La Forêt Sacrée de Kpassè est :
un lieu d’initiation culturelle pour les visiteurs
un musée d’art contemporain en plein air
un site éco-touristique
un espace de transmission pour les jeunes générations
Sa valeur est à la fois religieuse, écologique, artistique et historique.
5. 
• Le Voyage du Calao — 5 sites incontournables à Ouidah, https://levoyageducalao.com/5-sites-incontournables-a-ouidah/
• Wikipédia — Forêt Sacrée de Kpassè, https://fr.wikipedia.org/wiki/For%C3%AAt_sacr%C3%A9e_de_Kpass%C3%A8

=== SOURCES ===
• Voyage Avec Nous — Ouidah, Région Atlantique, Bénin, https://voyageavecnous.com/ouidah-region-atlantique-benin/",4451,681,113,10,4564,691,True,True,5,"Adepte de Sakpata,Sakpatasi_à_La_Forêt_Sacrée_de_Kpassè.jpg|||Divinité_du_tonnerre_femelle_Hêvièsso_de_la_forêt_sacré_de_KPASSE_OUIDAH_au_Bénin.jpg|||Le_Tolègba_à_la_Forêt_Sacrée_de_Kpassè.jpg|||forêt sacrée de kpassè ouidah.jpg|||monument forêt sacrée de kpassè ouidah.jpg",Donnees_soutenance\Ouidah\Monuments et Spiritualité\Forêt Sacrée de Kpassè\Forêt_Sacrée_de_Kpassè.docx,Donnees_soutenance\Ouidah\Monuments et Spiritualité\Forêt Sacrée de Kpassè,Monuments et Spiritualité/Forêt Sacrée de Kpassè,"{'source_name': 'Voyage Avec Nous', 'description': 'Ouidah, Région Atlantique, Bénin', 'url': 'https://voyageavecnous.com/ouidah-region-atlantique-benin/', 'source_type': 'blog', 'raw_text': '• Voyage Avec Nous — Ouidah, Région Atlantique, Bénin, https://voyageavecnous.com/ouidah-region-atlantique-benin/'}",https://voyageavecnous.com/ouidah-region-atlantique-benin/,"Adepte de Sakpata,Sakpatasi_à_La_Forêt_Sacrée_de_Kpassè.jpg | Divinité_du_tonnerre_femelle_Hêvièsso_de_la_forêt_sacré_de_KPASSE_OUIDAH_au_Bénin.jpg | Le_Tolègba_à_la_Forêt_Sacrée_de_Kpassè.jpg | forêt sacrée de kpassè ouidah.jpg | monument forêt sacrée de kpassè ouidah.jpg"
Ouidah,Monuments et Spiritualité,La Maison du Brésil - Casa do Brasil,Maison_du_Brésil.docx,Maison du Brésil,"Maison du Brésil – Casa do Brasil
Maison de Mémoire Afro-Brésilienne – Ouidah, Côte du Bénin
1. Résumé
La Maison du Brésil, également appelée Casa do Brasil ou Maison de Mémoire, est l’un des lieux les plus symboliques de l’héritage afro-brésilien à Ouidah.
Situé au cœur de la ville, dans un bâtiment aux murs ocre et aux volets bleus, ce site raconte l’histoire des Afro-Brésiliens — descendants d’esclaves affranchis revenus au Bénin au XIXᵉ siècle, appelés retornados ou Agoudas.
Le lieu abrite aujourd’hui un musée dédié à la diaspora africaine, où se mêlent douleur, mémoire et résilience : chaînes d’esclaves, statuettes de divinités yoruba, objets rituels vaudou, instruments de musique, cartes maritimes retraçant les routes de la traite, portraits et lettres de familles emblématiques comme les Souza ou les Oliveira.
En parallèle, la Maison du Brésil joue un rôle administratif et culturel important, notamment durant la rénovation du Musée d’Histoire de Ouidah.
Ce site est un espace où l’histoire reste vivante—un pont entre les mémoires africaines et brésiliennes, entre le passé douloureux et les projets de transmission qui façonnent l’avenir.
2. Historique et rôle du site
Origines afro-brésiliennes et fonction administrative
Construite en 1930, la Maison du Brésil est un bâtiment appartenant à la famille afro-brésilienne de Souza, l’une des plus influentes lignées Agoudas de Ouidah.
À l’époque coloniale, l’édifice sert de bâtiment administratif, puis abrite l’ancien trésor public.
Son architecture et son organisation reflètent l’influence des retornados, revenus du Brésil après l’abolition de l’esclavage, et qui ont transformé Ouidah avec leurs maisons à étages et leur style afro-brésilien.
Réhabilitation moderne
Entre 2016 et 2022, la Maison du Brésil fait l’objet d’une grande réhabilitation, financée par la Banque mondiale dans le cadre du Projet de Compétitivité et de Tourisme Transfrontalier.
Ces travaux, mis en œuvre par :
l’ANPT (Agence Nationale de Promotion des Patrimoines et de Développement du Tourisme),
Sèmè City (Agence de développement de la Cité Internationale de l’Innovation et du Savoir),
ont duré six ans, du 17 mars 2016 au 31 décembre 2022.
L’objectif : restaurer ce bâtiment historique pour en faire un espace culturel majeur tout en préservant l’identité architecturale afro-brésilienne.
Un musée temporaire
En attendant la fin de la rénovation du Musée d’Histoire de Ouidah, plusieurs œuvres et collections historiques y sont transférées et exposées : artefacts culturels, documents anciens, objets liés à la traite et à la diaspora.
Cette fonction transitoire renforce le rôle de la Maison du Brésil comme lieu de mémoire active.
3. Organisation, architecture et collections
Architecture
Bâtiment construit en 1930
Style afro-brésilien, typique des familles retornadas
Rez-de-chaussée + un étage
Situé dans le quartier Zomaï, arrondissement de Ouidah I
Cette architecture raconte elle-même l’histoire : celle des descendants d’esclaves revenus du Brésil, qui ont introduit à Ouidah des influences urbaines et esthétiques venues d’Amérique latine.
Collections exposées
La Maison du Brésil abrite une variété de pièces évocatrices :
Chaînes d’esclaves et objets liés à la traite
Objets rituels vaudou et statuettes de divinités Yoruba
Instruments de musique utilisés dans les rituels de retour des âmes
Cartes maritimes retraçant les routes de la traite transatlantique
Portraits, lettres et archives de familles afro-brésiliennes (Souza, Oliveira…)
Costumes traditionnels aux couleurs vives
Documents administratifs de l’époque coloniale
Chaque objet raconte une part de la trajectoire de la diaspora afro-brésilienne, entre départ forcé, retour volontaire, transmission culturelle et renaissance identitaire.
4. Valeur culturelle, symbolique et projets futurs
Un lieu où mémoire et diaspora dialoguent
La Maison du Brésil est un espace où se croisent :
Histoire de l’esclavage
Héritages afro-brésiliens
Traditions vaudou et yoruba
Influences architecturales du Brésil
Témoignages des retornados
Elle incarne la rencontre entre deux continents liés par un passé tragique mais aussi par une vitalité culturelle exceptionnelle.
Projets mémoriels et pédagogiques
Lors des visites guidées, plusieurs projets ambitieux sont évoqués :
1. Reconstruction d’un navire négrier à taille réelle
Situé près de la Porte du Non-Retour, ce navire deviendra un mémorial flottant, destiné à montrer :
les conditions de traversée,
les mécanismes de résistance,
l’expérience des captifs,
les mémoires atlantiques.
2. Transfert des collections vers le Fort Portugais
Après sa rénovation complète, le Fort São João Baptista deviendra un musée modernisé doté de :
salles climatisées,
dispositifs interactifs,
espaces d’exposition pérennes.
L’idée est de préserver les artefacts sensibles tout en renforçant le lien entre les objets et le lieu historique d’où tant d’Africains furent déportés.
Un lieu vivant, tourné vers l’avenir
En quittant la Maison du Brésil pour marcher vers la plage, on suit le chemin des captifs.
Les murs restaurés, les objets déplacés, les projets ambitieux : tout rappelle que la mémoire est un chantier en perpétuelle construction.
La Maison du Brésil n’est pas seulement un hommage au passé : elle est un pont actif entre histoire, éducation et transmission.
5. 
• Wikipédia — Maison du Brésil (Maison de Mémoire), https://fr.wikipedia.org/wiki/Maison_du_Br%C3%A9sil_(Maison_de_M%C3%A9moire)","• Voyage Avec Nous — Ouidah, Région Atlantique (Bénin), https://voyageavecnous.com/ouidah-region-atlantique-benin/",1,1,"Maison du Brésil – Casa do Brasil
Maison de Mémoire Afro-Brésilienne – Ouidah, Côte du Bénin
1. Résumé
La Maison du Brésil, également appelée Casa do Brasil ou Maison de Mémoire, est l’un des lieux les plus symboliques de l’héritage afro-brésilien à Ouidah.
Situé au cœur de la ville, dans un bâtiment aux murs ocre et aux volets bleus, ce site raconte l’histoire des Afro-Brésiliens — descendants d’esclaves affranchis revenus au Bénin au XIXᵉ siècle, appelés retornados ou Agoudas.
Le lieu abrite aujourd’hui un musée dédié à la diaspora africaine, où se mêlent douleur, mémoire et résilience : chaînes d’esclaves, statuettes de divinités yoruba, objets rituels vaudou, instruments de musique, cartes maritimes retraçant les routes de la traite, portraits et lettres de familles emblématiques comme les Souza ou les Oliveira.
En parallèle, la Maison du Brésil joue un rôle administratif et culturel important, notamment durant la rénovation du Musée d’Histoire de Ouidah.
Ce site est un espace où l’histoire reste vivante—un pont entre les mémoires africaines et brésiliennes, entre le passé douloureux et les projets de transmission qui façonnent l’avenir.
2. Historique et rôle du site
Origines afro-brésiliennes et fonction administrative
Construite en 1930, la Maison du Brésil est un bâtiment appartenant à la famille afro-brésilienne de Souza, l’une des plus influentes lignées Agoudas de Ouidah.
À l’époque coloniale, l’édifice sert de bâtiment administratif, puis abrite l’ancien trésor public.
Son architecture et son organisation reflètent l’influence des retornados, revenus du Brésil après l’abolition de l’esclavage, et qui ont transformé Ouidah avec leurs maisons à étages et leur style afro-brésilien.
Réhabilitation moderne
Entre 2016 et 2022, la Maison du Brésil fait l’objet d’une grande réhabilitation, financée par la Banque mondiale dans le cadre du Projet de Compétitivité et de Tourisme Transfrontalier.
Ces travaux, mis en œuvre par :
l’ANPT (Agence Nationale de Promotion des Patrimoines et de Développement du Tourisme),
Sèmè City (Agence de développement de la Cité Internationale de l’Innovation et du Savoir),
ont duré six ans, du 17 mars 2016 au 31 décembre 2022.
L’objectif : restaurer ce bâtiment historique pour en faire un espace culturel majeur tout en préservant l’identité architecturale afro-brésilienne.
Un musée temporaire
En attendant la fin de la rénovation du Musée d’Histoire de Ouidah, plusieurs œuvres et collections historiques y sont transférées et exposées : artefacts culturels, documents anciens, objets liés à la traite et à la diaspora.
Cette fonction transitoire renforce le rôle de la Maison du Brésil comme lieu de mémoire active.
3. Organisation, architecture et collections
Architecture
Bâtiment construit en 1930
Style afro-brésilien, typique des familles retornadas
Rez-de-chaussée + un étage
Situé dans le quartier Zomaï, arrondissement de Ouidah I
Cette architecture raconte elle-même l’histoire : celle des descendants d’esclaves revenus du Brésil, qui ont introduit à Ouidah des influences urbaines et esthétiques venues d’Amérique latine.
Collections exposées
La Maison du Brésil abrite une variété de pièces évocatrices :
Chaînes d’esclaves et objets liés à la traite
Objets rituels vaudou et statuettes de divinités Yoruba
Instruments de musique utilisés dans les rituels de retour des âmes
Cartes maritimes retraçant les routes de la traite transatlantique
Portraits, lettres et archives de familles afro-brésiliennes (Souza, Oliveira…)
Costumes traditionnels aux couleurs vives
Documents administratifs de l’époque coloniale
Chaque objet raconte une part de la trajectoire de la diaspora afro-brésilienne, entre départ forcé, retour volontaire, transmission culturelle et renaissance identitaire.
4. Valeur culturelle, symbolique et projets futurs
Un lieu où mémoire et diaspora dialoguent
La Maison du Brésil est un espace où se croisent :
Histoire de l’esclavage
Héritages afro-brésiliens
Traditions vaudou et yoruba
Influences architecturales du Brésil
Témoignages des retornados
Elle incarne la rencontre entre deux continents liés par un passé tragique mais aussi par une vitalité culturelle exceptionnelle.
Projets mémoriels et pédagogiques
Lors des visites guidées, plusieurs projets ambitieux sont évoqués :
1. Reconstruction d’un navire négrier à taille réelle
Situé près de la Porte du Non-Retour, ce navire deviendra un mémorial flottant, destiné à montrer :
les conditions de traversée,
les mécanismes de résistance,
l’expérience des captifs,
les mémoires atlantiques.
2. Transfert des collections vers le Fort Portugais
Après sa rénovation complète, le Fort São João Baptista deviendra un musée modernisé doté de :
salles climatisées,
dispositifs interactifs,
espaces d’exposition pérennes.
L’idée est de préserver les artefacts sensibles tout en renforçant le lien entre les objets et le lieu historique d’où tant d’Africains furent déportés.
Un lieu vivant, tourné vers l’avenir
En quittant la Maison du Brésil pour marcher vers la plage, on suit le chemin des captifs.
Les murs restaurés, les objets déplacés, les projets ambitieux : tout rappelle que la mémoire est un chantier en perpétuelle construction.
La Maison du Brésil n’est pas seulement un hommage au passé : elle est un pont actif entre histoire, éducation et transmission.
5. 
• Wikipédia — Maison du Brésil (Maison de Mémoire), https://fr.wikipedia.org/wiki/Maison_du_Br%C3%A9sil_(Maison_de_M%C3%A9moire)

=== SOURCES ===
• Voyage Avec Nous — Ouidah, Région Atlantique (Bénin), https://voyageavecnous.com/ouidah-region-atlantique-benin/",5455,799,114,10,5569,809,True,True,1,La maison du Brésil CASA DO BRASIL ouidah.jpg,Donnees_soutenance\Ouidah\Monuments et Spiritualité\La Maison du Brésil - Casa do Brasil\Maison_du_Brésil.docx,Donnees_soutenance\Ouidah\Monuments et Spiritualité\La Maison du Brésil - Casa do Brasil,Monuments et Spiritualité/La Maison du Brésil - Casa do Brasil,"{'source_name': 'Voyage Avec Nous', 'description': 'Ouidah, Région Atlantique (Bénin)', 'url': 'https://voyageavecnous.com/ouidah-region-atlantique-benin/', 'source_type': 'blog', 'raw_text': '• Voyage Avec Nous — Ouidah, Région Atlantique (Bénin), https://voyageavecnous.com/ouidah-region-atlantique-benin/'}",https://voyageavecnous.com/ouidah-region-atlantique-benin/,La maison du Brésil CASA DO BRASIL ouidah.jpg
Ouidah,Monuments et Spiritualité,Musée de la Fondation Zinsou (Ouidah),Musée_de_la_Fondation_Zinsou.docx,Musée de la Fondation Zinsou,"Musée de la Fondation Zinsou (Ouidah)
Musée d’art contemporain – Villa Ajavon, Ouidah, Côte du Bénin
1. Résumé
Le Musée de la Fondation Zinsou de Ouidah est le premier musée d’art contemporain d’Afrique subsaharienne (hors Afrique du Sud). Ouvert en 2013, il est installé dans la villa Ajavon, un bâtiment afro-brésilien construit en 1922.
Initiative de la Fondation Zinsou, créée en 2005 par Marie-Cécile Zinsou, l’institution a pour mission de démocratiser l’art contemporain africain, en rendant l’accès au musée entièrement gratuit.
Chaque année, le musée accueille 1 à 2 expositions mettant en valeur la créativité africaine moderne, rappelant que l’art du continent dépasse largement les clichés artisanaux. Aujourd’hui, il est un lieu culturel, social et pédagogique incontournable à Ouidah.
2. Historique et rôle du site
Origines de la Fondation Zinsou
La Fondation Zinsou voit le jour en 2005, à Cotonou, portée par la famille Zinsou. L’initiative naît d’une promesse faite en 2003 par Marie-Cécile Zinsou à ses élèves d’Abomey-Calavi : les emmener un jour voir de véritables œuvres d’art contemporain africain dans un musée.
Dix ans plus tard, cette promesse devient réalité avec l’ouverture du musée de Ouidah, fruit du travail d’une soixantaine de collaborateurs.
La villa Ajavon : un patrimoine restauré
La villa Ajavon, édifiée entre 1920 et 1922 par un riche négociant originaire du Togo, est un remarquable exemple d’architecture afro-brésilienne.
Avant sa rénovation complète, le bâtiment était une demeure vieillissante. Il est restauré intégralement avant l’ouverture officielle du musée le 11 novembre 2013.
Rôle culturel, social et pédagogique
Le Musée Zinsou se distingue par :
L’accès gratuit pour tous.
Une volonté de sensibilisation des jeunes publics.
Une mission de valorisation de l’art moderne africain.
Une programmation régulière : 1 à 2 expositions par an.
Actuellement, l’exposition présentée est « Entrée en matières ».
3. Organisation et patrimoine architectural
Le bâtiment
Le musée occupe la villa Ajavon, un édifice à l’architecture afro-brésilienne situé :
Derrière la basilique de Ouidah,
À côté du Musée du Soleil.
Caractéristiques architecturales :
Bâtiment de plain-pied.
Façade beige.
Portail discret ouvrant sur une cour.
Inscription visible sur le fronton : « VILLA AVAJON 1922 ».
Espaces d’exposition
Les salles rénovées offrent :
Un parcours muséal contemporain,
Des espaces climatisés adaptés à la conservation,
Une scénographie minimaliste valorisant les œuvres.
Le musée accueille temporairement diverses œuvres issues de la riche collection de la Fondation Zinsou.
4. Valeur culturelle et symbolique
Un lieu unique en Afrique de l’Ouest
Le Musée Zinsou est :
Le premier musée d’art contemporain d’Afrique de l’Ouest,
Un modèle de démocratisation culturelle,
Une passerelle entre patrimoine historique (villa Ajavon) et modernité artistique (création africaine contemporaine).
Un symbole d’ouverture et d’éducation
Le site incarne :
La volonté de rendre l’art accessible à tous,
L’engagement culturel d’une génération,
L’affirmation que l’art africain ne se limite pas aux représentations traditionnelles.
Il contribue à façonner la mémoire culturelle moderne du Bénin, tout en offrant une plateforme de reconnaissance aux artistes contemporains du continent.
5. 
• Le Voyage du Calao — 5 sites incontournables à Ouidah, https://levoyageducalao.com/5-sites-incontournables-a-ouidah/","• Wikipédia — Musée d’Art contemporain de Ouidah, https://fr.wikipedia.org/wiki/Mus%C3%A9e_d%27Art_contemporain_de_Ouidah",1,1,"Musée de la Fondation Zinsou (Ouidah)
Musée d’art contemporain – Villa Ajavon, Ouidah, Côte du Bénin
1. Résumé
Le Musée de la Fondation Zinsou de Ouidah est le premier musée d’art contemporain d’Afrique subsaharienne (hors Afrique du Sud). Ouvert en 2013, il est installé dans la villa Ajavon, un bâtiment afro-brésilien construit en 1922.
Initiative de la Fondation Zinsou, créée en 2005 par Marie-Cécile Zinsou, l’institution a pour mission de démocratiser l’art contemporain africain, en rendant l’accès au musée entièrement gratuit.
Chaque année, le musée accueille 1 à 2 expositions mettant en valeur la créativité africaine moderne, rappelant que l’art du continent dépasse largement les clichés artisanaux. Aujourd’hui, il est un lieu culturel, social et pédagogique incontournable à Ouidah.
2. Historique et rôle du site
Origines de la Fondation Zinsou
La Fondation Zinsou voit le jour en 2005, à Cotonou, portée par la famille Zinsou. L’initiative naît d’une promesse faite en 2003 par Marie-Cécile Zinsou à ses élèves d’Abomey-Calavi : les emmener un jour voir de véritables œuvres d’art contemporain africain dans un musée.
Dix ans plus tard, cette promesse devient réalité avec l’ouverture du musée de Ouidah, fruit du travail d’une soixantaine de collaborateurs.
La villa Ajavon : un patrimoine restauré
La villa Ajavon, édifiée entre 1920 et 1922 par un riche négociant originaire du Togo, est un remarquable exemple d’architecture afro-brésilienne.
Avant sa rénovation complète, le bâtiment était une demeure vieillissante. Il est restauré intégralement avant l’ouverture officielle du musée le 11 novembre 2013.
Rôle culturel, social et pédagogique
Le Musée Zinsou se distingue par :
L’accès gratuit pour tous.
Une volonté de sensibilisation des jeunes publics.
Une mission de valorisation de l’art moderne africain.
Une programmation régulière : 1 à 2 expositions par an.
Actuellement, l’exposition présentée est « Entrée en matières ».
3. Organisation et patrimoine architectural
Le bâtiment
Le musée occupe la villa Ajavon, un édifice à l’architecture afro-brésilienne situé :
Derrière la basilique de Ouidah,
À côté du Musée du Soleil.
Caractéristiques architecturales :
Bâtiment de plain-pied.
Façade beige.
Portail discret ouvrant sur une cour.
Inscription visible sur le fronton : « VILLA AVAJON 1922 ».
Espaces d’exposition
Les salles rénovées offrent :
Un parcours muséal contemporain,
Des espaces climatisés adaptés à la conservation,
Une scénographie minimaliste valorisant les œuvres.
Le musée accueille temporairement diverses œuvres issues de la riche collection de la Fondation Zinsou.
4. Valeur culturelle et symbolique
Un lieu unique en Afrique de l’Ouest
Le Musée Zinsou est :
Le premier musée d’art contemporain d’Afrique de l’Ouest,
Un modèle de démocratisation culturelle,
Une passerelle entre patrimoine historique (villa Ajavon) et modernité artistique (création africaine contemporaine).
Un symbole d’ouverture et d’éducation
Le site incarne :
La volonté de rendre l’art accessible à tous,
L’engagement culturel d’une génération,
L’affirmation que l’art africain ne se limite pas aux représentations traditionnelles.
Il contribue à façonner la mémoire culturelle moderne du Bénin, tout en offrant une plateforme de reconnaissance aux artistes contemporains du continent.
5. 
• Le Voyage du Calao — 5 sites incontournables à Ouidah, https://levoyageducalao.com/5-sites-incontournables-a-ouidah/

=== SOURCES ===
• Wikipédia — Musée d’Art contemporain de Ouidah, https://fr.wikipedia.org/wiki/Mus%C3%A9e_d%27Art_contemporain_de_Ouidah",3433,501,121,9,3554,510,True,True,1,Musée de la Fondation Zinsou.jpg,Donnees_soutenance\Ouidah\Monuments et Spiritualité\Musée de la Fondation Zinsou (Ouidah)\Musée_de_la_Fondation_Zinsou.docx,Donnees_soutenance\Ouidah\Monuments et Spiritualité\Musée de la Fondation Zinsou (Ouidah),Monuments et Spiritualité/Musée de la Fondation Zinsou (Ouidah),"{'source_name': 'Wikipédia', 'description': 'Musée d’Art contemporain de Ouidah', 'url': 'https://fr.wikipedia.org/wiki/Mus%C3%A9e_d%27Art_contemporain_de_Ouidah', 'source_type': 'wikipédia', 'raw_text': '• Wikipédia — Musée d’Art contemporain de Ouidah, https://fr.wikipedia.org/wiki/Mus%C3%A9e_d%27Art_contemporain_de_Ouidah'}",https://fr.wikipedia.org/wiki/Mus%C3%A9e_d%27Art_contemporain_de_Ouidah,Musée de la Fondation Zinsou.jpg
Ouidah,Monuments et Spiritualité,Statues et sculptures le long de la Route des Esclaves,Statues_et_sculptures_le_long_de_la_Route_des_Esclaves.docx,Statues et sculptures le long de la Route des Esclaves,"Statues et sculptures le long de la Route des Esclaves
Mémorials artistiques – Ouidah, Côte du Bénin
1. Résumé
Tout au long de la Route des Esclaves menant à la Porte du Non-Retour, un ensemble de statues, sculptures et stèles commémoratives compose un parcours artistique profondément symbolique. Ces œuvres, installées autour de la Porte et sur la dernière portion du chemin parcouru par les captifs, racontent en silence la douleur, la résistance, l’effacement identitaire et la mémoire des millions d’Africains déportés.
Certaines représentent des familles brisées, d’autres évoquent l’esprit des ancêtres, la disparition, la survie des traditions ou encore la lutte contre les razzias. Ensemble, elles transforment cette route en un véritable musée à ciel ouvert, où l’art devient un langage de mémoire, de deuil et de transmission.
2. Historique et rôle du site
Une dimension mémorielle ancrée dans l’espace
Les sculptures et statues ont été progressivement installées pour matérialiser l’histoire de la traite négrière à Ouidah. Elles rappellent — à travers le bronze, la terre cuite, le bois ou la pierre — les étapes du parcours que parcouraient les captifs avant d’être embarqués vers les Amériques.
Elles permettent de :
• fixer la mémoire des victimes dans le paysage,
• offrir un support de recueillement aux visiteurs,
• transmettre l’histoire aux nouvelles générations,
• honorer les ancêtres et les résistants oubliés.
Un dialogue entre art traditionnel et expression contemporaine
Les artistes béninois qui ont sculpté ces œuvres ont mêlé :
• symboles vodun,
• motifs géométriques évoquant les scarifications fon et yoruba,
• références à l’art ouest-africain,
• langage artistique contemporain.
L’objectif : raconter l’histoire sans la figer, et donner aux visiteurs une expérience sensorielle et spirituelle.
3. Organisation et patrimoine artistique
1. La statue de la « Chaîne de l’Esclave » – Dominique Kouas
Située près de la Porte du Non-Retour, cette œuvre en bronze représente une famille africaine enchaînée, les corps entrelacés dans une posture de résistance et de douleur.
Les visages, sculptés avec force, expriment à la fois détresse et dignité.
Les chaînes symbolisent :
• l’oppression de l’esclavage,
• l’attachement familial malgré la destruction,
• la violence qui n’a pas brisé les liens culturels.
Créateur : Dominique Kouas, sculpteur béninois.
Hommage aux victimes anonymes dont les histoires personnelles ont disparu dans la traite.
2. La statue de l’« Esprit des Ancêtres » – Yves Apollinaire Pèdé
Sculpture plus abstraite, mêlant pierre et métal, représentant une figure humanoïde stylisée.
Ses bras levés vers le ciel, ses yeux clos et sa bouche entrouverte renvoient à une invocation spirituelle.
Les motifs géométriques rappellent les scarifications traditionnelles des peuples fon et yoruba.
Signification :
• connexion entre vivants et ancêtres,
• rôle central des esprits dans les cultes vodun,
• prière pour les âmes disparues sur la route de l’exil.
3. Les statues du « Mémorial de la Réconciliation »
Une suite de statues en terre cuite, représentant des silhouettes anonymes :
• certaines portent des fers aux pieds,
• d’autres sont en prière,
• d’autres encore sont partiellement enterrées ou brisées.
Ces visages volontairement sans traits symbolisent :
• l’effacement identitaire des esclaves,
• la souffrance universelle,
• la disparition physique et culturelle de millions d’individus.
4. Le « Mémorial du Repentir »
Stèle commémorative en granit noir portant des inscriptions en :
• fon,
• français,
• anglais,
• portugais.
Elle liste les grands ports négriers (Ouidah, Lagos, Luanda…) et rend hommage aux résistants africains.
Les visiteurs y déposent :
• coquillages,
• fleurs,
• bougies,
témoignant d’une mémoire encore vivante.
5. La statue de la « Porteuse d’Eau »
Sculpture en bronze représentant une femme portant une jarre sur la tête.
Bien qu’elle ne soit pas directement liée à l’esclavage, elle évoque :
• la vie quotidienne africaine avant la déportation,
• la résistance des traditions,
• la force des femmes souvent laissées seules après les razzias.
6. Le « Mémorial des Martyrs » – Zomai
Situé près de la Porte, dans le quartier de Zomai, cet ensemble de statues en bois représente des figures de la résistance anti-esclavagiste.
Une statue marquante montre :
• un guerrier fon brandissant un couteau cérémoniel,
symbole des révoltes contre les marchands européens et leurs alliés locaux.
Cette section rend hommage à des héros méconnus, dont le roi Kpassè, mentionné pour avoir tenté de résister avant d’être forcé à coopérer.
4. Valeur culturelle et symbolique
Un parcours artistique pour dire l’indicible
Ces statues transmettent l’histoire en silence :
• les chaînes → l’asservissement,
• les silhouettes anonymes → l’effacement identitaire,
• les figures armées → la résistance,
• les postures de prière → l’espoir,
• les matériaux locaux → la continuité culturelle malgré la violence.
Elles offrent un langage visuel accessible à tous, au-delà des mots et au-delà des siècles.
Une mémoire vivante
À travers ces œuvres :
• les artistes réhabilitent les disparus,
• les visiteurs ressentent une émotion forte face à la mer,
• les communautés locales perpétuent l’esprit des ancêtres.
Ces monuments transforment la Route des Esclaves en un espace de mémoire, mais aussi de transmission, d’éducation et de réconciliation.
5.","• Voyage Avec Nous — Ouidah, https://voyageavecnous.com/ouidah-region-atlantique-benin/",1,1,"Statues et sculptures le long de la Route des Esclaves
Mémorials artistiques – Ouidah, Côte du Bénin
1. Résumé
Tout au long de la Route des Esclaves menant à la Porte du Non-Retour, un ensemble de statues, sculptures et stèles commémoratives compose un parcours artistique profondément symbolique. Ces œuvres, installées autour de la Porte et sur la dernière portion du chemin parcouru par les captifs, racontent en silence la douleur, la résistance, l’effacement identitaire et la mémoire des millions d’Africains déportés.
Certaines représentent des familles brisées, d’autres évoquent l’esprit des ancêtres, la disparition, la survie des traditions ou encore la lutte contre les razzias. Ensemble, elles transforment cette route en un véritable musée à ciel ouvert, où l’art devient un langage de mémoire, de deuil et de transmission.
2. Historique et rôle du site
Une dimension mémorielle ancrée dans l’espace
Les sculptures et statues ont été progressivement installées pour matérialiser l’histoire de la traite négrière à Ouidah. Elles rappellent — à travers le bronze, la terre cuite, le bois ou la pierre — les étapes du parcours que parcouraient les captifs avant d’être embarqués vers les Amériques.
Elles permettent de :
• fixer la mémoire des victimes dans le paysage,
• offrir un support de recueillement aux visiteurs,
• transmettre l’histoire aux nouvelles générations,
• honorer les ancêtres et les résistants oubliés.
Un dialogue entre art traditionnel et expression contemporaine
Les artistes béninois qui ont sculpté ces œuvres ont mêlé :
• symboles vodun,
• motifs géométriques évoquant les scarifications fon et yoruba,
• références à l’art ouest-africain,
• langage artistique contemporain.
L’objectif : raconter l’histoire sans la figer, et donner aux visiteurs une expérience sensorielle et spirituelle.
3. Organisation et patrimoine artistique
1. La statue de la « Chaîne de l’Esclave » – Dominique Kouas
Située près de la Porte du Non-Retour, cette œuvre en bronze représente une famille africaine enchaînée, les corps entrelacés dans une posture de résistance et de douleur.
Les visages, sculptés avec force, expriment à la fois détresse et dignité.
Les chaînes symbolisent :
• l’oppression de l’esclavage,
• l’attachement familial malgré la destruction,
• la violence qui n’a pas brisé les liens culturels.
Créateur : Dominique Kouas, sculpteur béninois.
Hommage aux victimes anonymes dont les histoires personnelles ont disparu dans la traite.
2. La statue de l’« Esprit des Ancêtres » – Yves Apollinaire Pèdé
Sculpture plus abstraite, mêlant pierre et métal, représentant une figure humanoïde stylisée.
Ses bras levés vers le ciel, ses yeux clos et sa bouche entrouverte renvoient à une invocation spirituelle.
Les motifs géométriques rappellent les scarifications traditionnelles des peuples fon et yoruba.
Signification :
• connexion entre vivants et ancêtres,
• rôle central des esprits dans les cultes vodun,
• prière pour les âmes disparues sur la route de l’exil.
3. Les statues du « Mémorial de la Réconciliation »
Une suite de statues en terre cuite, représentant des silhouettes anonymes :
• certaines portent des fers aux pieds,
• d’autres sont en prière,
• d’autres encore sont partiellement enterrées ou brisées.
Ces visages volontairement sans traits symbolisent :
• l’effacement identitaire des esclaves,
• la souffrance universelle,
• la disparition physique et culturelle de millions d’individus.
4. Le « Mémorial du Repentir »
Stèle commémorative en granit noir portant des inscriptions en :
• fon,
• français,
• anglais,
• portugais.
Elle liste les grands ports négriers (Ouidah, Lagos, Luanda…) et rend hommage aux résistants africains.
Les visiteurs y déposent :
• coquillages,
• fleurs,
• bougies,
témoignant d’une mémoire encore vivante.
5. La statue de la « Porteuse d’Eau »
Sculpture en bronze représentant une femme portant une jarre sur la tête.
Bien qu’elle ne soit pas directement liée à l’esclavage, elle évoque :
• la vie quotidienne africaine avant la déportation,
• la résistance des traditions,
• la force des femmes souvent laissées seules après les razzias.
6. Le « Mémorial des Martyrs » – Zomai
Situé près de la Porte, dans le quartier de Zomai, cet ensemble de statues en bois représente des figures de la résistance anti-esclavagiste.
Une statue marquante montre :
• un guerrier fon brandissant un couteau cérémoniel,
symbole des révoltes contre les marchands européens et leurs alliés locaux.
Cette section rend hommage à des héros méconnus, dont le roi Kpassè, mentionné pour avoir tenté de résister avant d’être forcé à coopérer.
4. Valeur culturelle et symbolique
Un parcours artistique pour dire l’indicible
Ces statues transmettent l’histoire en silence :
• les chaînes → l’asservissement,
• les silhouettes anonymes → l’effacement identitaire,
• les figures armées → la résistance,
• les postures de prière → l’espoir,
• les matériaux locaux → la continuité culturelle malgré la violence.
Elles offrent un langage visuel accessible à tous, au-delà des mots et au-delà des siècles.
Une mémoire vivante
À travers ces œuvres :
• les artistes réhabilitent les disparus,
• les visiteurs ressentent une émotion forte face à la mer,
• les communautés locales perpétuent l’esprit des ancêtres.
Ces monuments transforment la Route des Esclaves en un espace de mémoire, mais aussi de transmission, d’éducation et de réconciliation.
5.

=== SOURCES ===
• Voyage Avec Nous — Ouidah, https://voyageavecnous.com/ouidah-region-atlantique-benin/",5400,844,87,7,5487,851,True,True,5,La statue de la Chaîne de l’Esclave.jpg|||La statue de l’Esprit des Ancêtres.jpg|||Les statues du Mémorial de la Réconciliation.jpg|||Porte-Non-Retour-Ouidah2.jpg|||Porte-Non-Retour-Ouidah4.jpg,Donnees_soutenance\Ouidah\Monuments et Spiritualité\Statues et sculptures le long de la Route des Esclaves\Statues_et_sculptures_le_long_de_la_Route_des_Esclaves.docx,Donnees_soutenance\Ouidah\Monuments et Spiritualité\Statues et sculptures le long de la Route des Esclaves,Monuments et Spiritualité/Statues et sculptures le long de la Route des Esclaves,"{'source_name': 'Voyage Avec Nous', 'description': 'Ouidah', 'url': 'https://voyageavecnous.com/ouidah-region-atlantique-benin/', 'source_type': 'blog', 'raw_text': '• Voyage Avec Nous — Ouidah, https://voyageavecnous.com/ouidah-region-atlantique-benin/'}",https://voyageavecnous.com/ouidah-region-atlantique-benin/,La statue de la Chaîne de l’Esclave.jpg | La statue de l’Esprit des Ancêtres.jpg | Les statues du Mémorial de la Réconciliation.jpg | Porte-Non-Retour-Ouidah2.jpg | Porte-Non-Retour-Ouidah4.jpg
Ouidah,Monuments et Spiritualité,Temple des Pythons,Temple_des_Pythons.docx,Temple des Pythons,"Temple des Pythons
Sanctuaire vodun – Ouidah, Côte du Bénin
1. Résumé
Le Temple des Pythons est l’un des lieux sacrés les plus emblématiques de Ouidah. Situé au cœur de la ville, face à la Basilique de l’Immaculée Conception, il est le principal temple vodun dédié à Dangbé, la divinité-serpent.
Accessible aux initiés comme aux non-initiés, il abrite près de 200 pythons royaux, serpents sacrés, inoffensifs, respectés et protégés par les habitants.
Ce lieu, nourri de légendes, de rituels et d’histoire, représente une rencontre saisissante entre spiritualité, tradition et vie quotidienne.
Chaque mois, les pythons sont relâchés dans la ville pour aller chasser avant de revenir d’eux-mêmes au sanctuaire, comme guidés par une force invisible.
Le temple réunit également des éléments rituels majeurs : une jarre sacrée utilisée tous les sept ans pour purifier la ville, une grande cuve d’eau cérémonielle, et un arbre vénéré qui incarne l’esprit des anciens.
2. Historique et rôle du site
Origines légendaires
Selon la tradition transmise à Ouidah, l’origine du temple remonte au XVIIIᵉ siècle :
Le roi Kpassè, fuyant une attaque ennemie, aurait été sauvé par des pythons qui le guidèrent à travers la forêt. En signe de gratitude, ces serpents furent sanctifiés comme manifestations de Dangbé, divinité protectrice.
Le temple actuel, construit à proximité du sanctuaire originel, perpétue cette alliance spirituelle.
Fonction religieuse et culturelle
Le Temple des Pythons est aujourd’hui :
• un haut lieu du culte vodun,
• un espace de transmission des rites liés au serpent sacré,
• un symbole identitaire fort de la ville de Ouidah.
Les pythons, considérés comme des énergies protectrices, ne doivent jamais être tués ni consommés.
S’ils se glissent dans une maison, les habitants les rapportent immédiatement au temple.
Les pythons royaux
Les serpents sont :
• inoffensifs,
• libres de circuler,
• nourris d’œufs et de petits mammifères,
• relâchés chaque mois pour chasser.
Une anecdote rapportée par les guides locaux mentionne qu’en 2020, un python s’est glissé dans une école, déclenchant non pas la panique, mais une joie collective, signe de l’attachement des habitants à ces animaux sacrés.
3. Organisation et patrimoine rituel
Le sanctuaire des pythons
Le temple comprend :
• une case sombre et fraîche où s'entrelacent une centaine de pythons,
• des fresques et symboles vodun,
• des représentations de Dangbé,
• un autel d’offrandes et de rites.
Les visiteurs peuvent, sous la supervision d’un prêtre, porter un python autour du cou — un geste qui symbolise la confiance et la communion avec la divinité.
La jarre sacrée
Une jarre en terre cuite, conservée dans le temple, est utilisée lors d’une grande cérémonie tous les sept ans.
Cette jarre sert à purifier symboliquement la ville lors d’un rituel majeur, en lien direct avec Dangbé.
La cuve cérémonielle
Au centre du temple se trouve une grande cuve d’eau consacrée.
Tous les sept ans, des femmes vêtues de pagnes blancs effectuent une procession appelée Adjinakou :
• elles parcourent plusieurs kilomètres,
• portent l’eau sur leur tête,
• chantent des hymnes vodun,
• puis versent cette eau bénie dans la cuve.
Cette eau sert ensuite aux rituels de purification pendant sept années.
L’arbre sacré
Dans un coin du temple se dresse un arbre ancestral, considéré comme l’incarnation de l’esprit des anciens.
Le prêtre y réalise :
• des prières,
• des cultes,
• des sacrifices animaux destinés à invoquer la paix sur Ouidah.
4. Valeur culturelle et symbolique
Un symbole vivant du Vodun
Le Temple des Pythons représente :
• l’une des expressions les plus visibles du vodun béninois,
• un espace où le monde visible et invisible se rencontrent,
• une philosophie du respect de la nature et du sacré.
Les pythons, leur présence silencieuse et leur retour spontané au temple, incarnent une harmonie entre humains, animaux et divinité.
Identité spirituelle de Ouidah
Le temple est profondément intégré à l’histoire et à l’âme de la ville.
Il rappelle :
• la continuité des traditions,
• la coexistence entre religion vodun et influences chrétiennes (la basilique en face),
• la vitalité d’un culte ancestral toujours pratiqué.
Un lieu touristique majeur
Aujourd’hui, le temple attire :
• visiteurs béninois,
• membres de la diaspora afro-descendante,
• touristes internationaux,
• chercheurs et anthropologues.
Il est considéré comme l’un des sites incontournables de Ouidah et participe activement au développement culturel et économique local.
5. 
• Voyage Avec Nous — Ouidah, https://voyageavecnous.com/ouidah-region-atlantique-benin/
• Ayiffa Tourisme — Sites touristiques à Ouidah, https://ayiffatourisme.com/en/blog-benin-les-sites-touristiques-a-ouidah","• Le Voyage du Calao — 5 sites incontournables à Ouidah, https://levoyageducalao.com/5-sites-incontournables-a-ouidah/",1,1,"Temple des Pythons
Sanctuaire vodun – Ouidah, Côte du Bénin
1. Résumé
Le Temple des Pythons est l’un des lieux sacrés les plus emblématiques de Ouidah. Situé au cœur de la ville, face à la Basilique de l’Immaculée Conception, il est le principal temple vodun dédié à Dangbé, la divinité-serpent.
Accessible aux initiés comme aux non-initiés, il abrite près de 200 pythons royaux, serpents sacrés, inoffensifs, respectés et protégés par les habitants.
Ce lieu, nourri de légendes, de rituels et d’histoire, représente une rencontre saisissante entre spiritualité, tradition et vie quotidienne.
Chaque mois, les pythons sont relâchés dans la ville pour aller chasser avant de revenir d’eux-mêmes au sanctuaire, comme guidés par une force invisible.
Le temple réunit également des éléments rituels majeurs : une jarre sacrée utilisée tous les sept ans pour purifier la ville, une grande cuve d’eau cérémonielle, et un arbre vénéré qui incarne l’esprit des anciens.
2. Historique et rôle du site
Origines légendaires
Selon la tradition transmise à Ouidah, l’origine du temple remonte au XVIIIᵉ siècle :
Le roi Kpassè, fuyant une attaque ennemie, aurait été sauvé par des pythons qui le guidèrent à travers la forêt. En signe de gratitude, ces serpents furent sanctifiés comme manifestations de Dangbé, divinité protectrice.
Le temple actuel, construit à proximité du sanctuaire originel, perpétue cette alliance spirituelle.
Fonction religieuse et culturelle
Le Temple des Pythons est aujourd’hui :
• un haut lieu du culte vodun,
• un espace de transmission des rites liés au serpent sacré,
• un symbole identitaire fort de la ville de Ouidah.
Les pythons, considérés comme des énergies protectrices, ne doivent jamais être tués ni consommés.
S’ils se glissent dans une maison, les habitants les rapportent immédiatement au temple.
Les pythons royaux
Les serpents sont :
• inoffensifs,
• libres de circuler,
• nourris d’œufs et de petits mammifères,
• relâchés chaque mois pour chasser.
Une anecdote rapportée par les guides locaux mentionne qu’en 2020, un python s’est glissé dans une école, déclenchant non pas la panique, mais une joie collective, signe de l’attachement des habitants à ces animaux sacrés.
3. Organisation et patrimoine rituel
Le sanctuaire des pythons
Le temple comprend :
• une case sombre et fraîche où s'entrelacent une centaine de pythons,
• des fresques et symboles vodun,
• des représentations de Dangbé,
• un autel d’offrandes et de rites.
Les visiteurs peuvent, sous la supervision d’un prêtre, porter un python autour du cou — un geste qui symbolise la confiance et la communion avec la divinité.
La jarre sacrée
Une jarre en terre cuite, conservée dans le temple, est utilisée lors d’une grande cérémonie tous les sept ans.
Cette jarre sert à purifier symboliquement la ville lors d’un rituel majeur, en lien direct avec Dangbé.
La cuve cérémonielle
Au centre du temple se trouve une grande cuve d’eau consacrée.
Tous les sept ans, des femmes vêtues de pagnes blancs effectuent une procession appelée Adjinakou :
• elles parcourent plusieurs kilomètres,
• portent l’eau sur leur tête,
• chantent des hymnes vodun,
• puis versent cette eau bénie dans la cuve.
Cette eau sert ensuite aux rituels de purification pendant sept années.
L’arbre sacré
Dans un coin du temple se dresse un arbre ancestral, considéré comme l’incarnation de l’esprit des anciens.
Le prêtre y réalise :
• des prières,
• des cultes,
• des sacrifices animaux destinés à invoquer la paix sur Ouidah.
4. Valeur culturelle et symbolique
Un symbole vivant du Vodun
Le Temple des Pythons représente :
• l’une des expressions les plus visibles du vodun béninois,
• un espace où le monde visible et invisible se rencontrent,
• une philosophie du respect de la nature et du sacré.
Les pythons, leur présence silencieuse et leur retour spontané au temple, incarnent une harmonie entre humains, animaux et divinité.
Identité spirituelle de Ouidah
Le temple est profondément intégré à l’histoire et à l’âme de la ville.
Il rappelle :
• la continuité des traditions,
• la coexistence entre religion vodun et influences chrétiennes (la basilique en face),
• la vitalité d’un culte ancestral toujours pratiqué.
Un lieu touristique majeur
Aujourd’hui, le temple attire :
• visiteurs béninois,
• membres de la diaspora afro-descendante,
• touristes internationaux,
• chercheurs et anthropologues.
Il est considéré comme l’un des sites incontournables de Ouidah et participe activement au développement culturel et économique local.
5. 
• Voyage Avec Nous — Ouidah, https://voyageavecnous.com/ouidah-region-atlantique-benin/
• Ayiffa Tourisme — Sites touristiques à Ouidah, https://ayiffatourisme.com/en/blog-benin-les-sites-touristiques-a-ouidah

=== SOURCES ===
• Le Voyage du Calao — 5 sites incontournables à Ouidah, https://levoyageducalao.com/5-sites-incontournables-a-ouidah/",4726,736,118,12,4844,748,True,True,2,Temple-Pyhons-Ouidah.jpg|||temple des pythons.jpg,Donnees_soutenance\Ouidah\Monuments et Spiritualité\Temple des Pythons\Temple_des_Pythons.docx,Donnees_soutenance\Ouidah\Monuments et Spiritualité\Temple des Pythons,Monuments et Spiritualité/Temple des Pythons,"{'source_name': 'Le Voyage du Calao', 'description': '5 sites incontournables à Ouidah', 'url': 'https://levoyageducalao.com/5-sites-incontournables-a-ouidah/', 'source_type': 'blog', 'raw_text': '• Le Voyage du Calao — 5 sites incontournables à Ouidah, https://levoyageducalao.com/5-sites-incontournables-a-ouidah/'}",https://levoyageducalao.com/5-sites-incontournables-a-ouidah/,Temple-Pyhons-Ouidah.jpg | temple des pythons.jpg
Ouidah,Route des Esclaves,Arbre de l’Oubli,arbre_de_l_oubli.docx,arbre de l oubli,"L’Arbre de l’Oubli
Rite de dépersonnalisation sur la Route des Esclaves – Ouidah, Côte du Bénin
1. Résumé
L’Arbre de l’Oubli est l’un des lieux les plus symboliques et poignants de la Route des Esclaves à Ouidah.
Planté, selon la tradition, par les rois du Dahomey en 1527, cet arbre mystique servait à accomplir un rituel destiné à faire perdre aux captifs toute mémoire de leur identité, de leurs origines et de leur passé.
Arrivés à ce point crucial du parcours, les esclaves devaient effectuer des tours rituels autour de l’arbre :
9 tours pour les hommes, de droite à gauche
7 tours pour les femmes, de gauche à droite
Ce rite symbolisait une rupture totale avec leur vie passée, les rendant — aux yeux de leurs maîtres et négociants — faibles, désorientés, dépourvus de volonté, et donc plus faciles à contrôler avant la déportation vers les Amériques.
Aujourd’hui, l’Arbre de l’Oubli est un lieu de mémoire universel, intégré au parcours commémoratif de la Route des Esclaves.
2. Historique et rôle du site
Origines et signification du rituel
Selon la tradition dahoméenne, l’arbre fut planté en 1527 par les souverains d’Abomey.
Il incarnait une dimension mystique : un espace rituel chargé d’ôter aux captifs leur identité, leur force intérieure et tout repère géographique.
Le but était de créer l’oubli — non pas par magie réelle, mais par un rite symbolique destiné à anéantir toute possibilité de résistance physique ou psychologique.
Les tours rituels étaient strictement codifiés selon le genre :
Hommes : 9 tours, dans le sens droite → gauche
Femmes : 7 tours, dans le sens gauche → droite
Des récits contemporains de la Route des Esclaves décrivent ce moment comme une étape où les captifs devenaient, aux yeux de leurs bourreaux, des « êtres sans aucune volonté de réagir ou de se rebeller ».
La Route des 23 statues
Avant d’atteindre l’Arbre de l’Oubli, les captifs parcouraient un chemin marqué aujourd’hui par 23 statues colorées retraçant l’histoire de Ouidah et les symboles des rois du Dahomey.
Ces statues :
ont été majoritairement créées par Cyprien Tokoudagba, peintre et sculpteur béninois internationalement reconnu ;
représentent des emblèmes royaux (l’oiseau, la hyène, le lion, le caméléon, le serpent, la jambe…) ;
évoquent les divinités, le pouvoir et les rites liés à la traite négrière.
Un lieu situé avant la séparation finale
L’Arbre de l’Oubli se trouvait juste avant la dernière partie du parcours menant à la mer.
Après le rituel, les captifs poursuivaient leur marche vers :
Le Mémorial Zomachi (Escale du Retour)
La Plage de Ouidah
La Porte du Non-Retour
3. Organisation et patrimoine architectural
Vestiges et aménagements actuels
L’Arbre de l’Oubli originel n’existe plus, mais le site a été matérialisé pour conserver son rôle mémoriel.
Aujourd’hui, il comprend :
Une clairière aménagée où était situé l’arbre historique ;
Des installations commémoratives rappelant l’importance du rite ;
Proximité avec les fresques du Mémorial Zomachi, qui illustrent la vie des esclaves et la révolte de Haïti en 1791, menée par Toussaint Louverture.
Bien que le Mémorial Zomachi n’ait jamais été construit dans sa forme initialement prévue, les fresques du mur d’enceinte constituent un patrimoine visuel important.
Intégration dans la Route des Esclaves
L’Arbre de l’Oubli est l’une des étapes les plus marquantes du parcours mémoriel :
Il marque le passage du statut de captif local à celui d’esclave destiné à la déportation ;
Il rappelle la violence psychologique et symbolique subie avant même l’embarquement.
4. Valeur culturelle et symbolique
Mémoire de la dépersonnalisation
L’Arbre de l’Oubli est un symbole puissant de la stratégie de domination employée lors de la traite atlantique.
Il évoque :
la volonté d’effacer l’identité des captifs ;
la rupture avec leurs familles, leurs terres et leurs cultures ;
l’imposition d’un nouveau destin imposé sans retour possible.
Art, transmission et spiritualité
À travers les statues colorées et les récits transmis, le site :
raconte l’histoire du Dahomey et de ses rois ;
crée un pont entre art contemporain, tradition et mémoire ;
permet une transmission narrative forte lors des visites guidées, pèlerinages et commémorations.
Un lieu de recueillement et de conscience historique
Pour les visiteurs, descendants de la diaspora, chercheurs et locaux, l’Arbre de l’Oubli représente :
un espace de méditation et de connexion aux ancêtres ;
un rappel de la résistance spirituelle des captifs ;
un devoir de mémoire face à l’une des tragédies majeures de l’histoire humaine.
5. 
• Le Voyage du Calao — Route des Esclaves de Ouidah, https://levoyageducalao.com/route-des-esclaves-de-ouidah/","• Ayiffa Tourisme — Histoire de la Porte du Non-Retour, https://ayiffatourisme.com/en/blog-lhistoire-de-la-porte-du-non-retour-a-ouidah",1,1,"L’Arbre de l’Oubli
Rite de dépersonnalisation sur la Route des Esclaves – Ouidah, Côte du Bénin
1. Résumé
L’Arbre de l’Oubli est l’un des lieux les plus symboliques et poignants de la Route des Esclaves à Ouidah.
Planté, selon la tradition, par les rois du Dahomey en 1527, cet arbre mystique servait à accomplir un rituel destiné à faire perdre aux captifs toute mémoire de leur identité, de leurs origines et de leur passé.
Arrivés à ce point crucial du parcours, les esclaves devaient effectuer des tours rituels autour de l’arbre :
9 tours pour les hommes, de droite à gauche
7 tours pour les femmes, de gauche à droite
Ce rite symbolisait une rupture totale avec leur vie passée, les rendant — aux yeux de leurs maîtres et négociants — faibles, désorientés, dépourvus de volonté, et donc plus faciles à contrôler avant la déportation vers les Amériques.
Aujourd’hui, l’Arbre de l’Oubli est un lieu de mémoire universel, intégré au parcours commémoratif de la Route des Esclaves.
2. Historique et rôle du site
Origines et signification du rituel
Selon la tradition dahoméenne, l’arbre fut planté en 1527 par les souverains d’Abomey.
Il incarnait une dimension mystique : un espace rituel chargé d’ôter aux captifs leur identité, leur force intérieure et tout repère géographique.
Le but était de créer l’oubli — non pas par magie réelle, mais par un rite symbolique destiné à anéantir toute possibilité de résistance physique ou psychologique.
Les tours rituels étaient strictement codifiés selon le genre :
Hommes : 9 tours, dans le sens droite → gauche
Femmes : 7 tours, dans le sens gauche → droite
Des récits contemporains de la Route des Esclaves décrivent ce moment comme une étape où les captifs devenaient, aux yeux de leurs bourreaux, des « êtres sans aucune volonté de réagir ou de se rebeller ».
La Route des 23 statues
Avant d’atteindre l’Arbre de l’Oubli, les captifs parcouraient un chemin marqué aujourd’hui par 23 statues colorées retraçant l’histoire de Ouidah et les symboles des rois du Dahomey.
Ces statues :
ont été majoritairement créées par Cyprien Tokoudagba, peintre et sculpteur béninois internationalement reconnu ;
représentent des emblèmes royaux (l’oiseau, la hyène, le lion, le caméléon, le serpent, la jambe…) ;
évoquent les divinités, le pouvoir et les rites liés à la traite négrière.
Un lieu situé avant la séparation finale
L’Arbre de l’Oubli se trouvait juste avant la dernière partie du parcours menant à la mer.
Après le rituel, les captifs poursuivaient leur marche vers :
Le Mémorial Zomachi (Escale du Retour)
La Plage de Ouidah
La Porte du Non-Retour
3. Organisation et patrimoine architectural
Vestiges et aménagements actuels
L’Arbre de l’Oubli originel n’existe plus, mais le site a été matérialisé pour conserver son rôle mémoriel.
Aujourd’hui, il comprend :
Une clairière aménagée où était situé l’arbre historique ;
Des installations commémoratives rappelant l’importance du rite ;
Proximité avec les fresques du Mémorial Zomachi, qui illustrent la vie des esclaves et la révolte de Haïti en 1791, menée par Toussaint Louverture.
Bien que le Mémorial Zomachi n’ait jamais été construit dans sa forme initialement prévue, les fresques du mur d’enceinte constituent un patrimoine visuel important.
Intégration dans la Route des Esclaves
L’Arbre de l’Oubli est l’une des étapes les plus marquantes du parcours mémoriel :
Il marque le passage du statut de captif local à celui d’esclave destiné à la déportation ;
Il rappelle la violence psychologique et symbolique subie avant même l’embarquement.
4. Valeur culturelle et symbolique
Mémoire de la dépersonnalisation
L’Arbre de l’Oubli est un symbole puissant de la stratégie de domination employée lors de la traite atlantique.
Il évoque :
la volonté d’effacer l’identité des captifs ;
la rupture avec leurs familles, leurs terres et leurs cultures ;
l’imposition d’un nouveau destin imposé sans retour possible.
Art, transmission et spiritualité
À travers les statues colorées et les récits transmis, le site :
raconte l’histoire du Dahomey et de ses rois ;
crée un pont entre art contemporain, tradition et mémoire ;
permet une transmission narrative forte lors des visites guidées, pèlerinages et commémorations.
Un lieu de recueillement et de conscience historique
Pour les visiteurs, descendants de la diaspora, chercheurs et locaux, l’Arbre de l’Oubli représente :
un espace de méditation et de connexion aux ancêtres ;
un rappel de la résistance spirituelle des captifs ;
un devoir de mémoire face à l’une des tragédies majeures de l’histoire humaine.
5. 
• Le Voyage du Calao — Route des Esclaves de Ouidah, https://levoyageducalao.com/route-des-esclaves-de-ouidah/

=== SOURCES ===
• Ayiffa Tourisme — Histoire de la Porte du Non-Retour, https://ayiffatourisme.com/en/blog-lhistoire-de-la-porte-du-non-retour-a-ouidah",4673,745,135,11,4808,756,True,True,1,L’Arbre de l’Oubli Ouidah.jpg,Donnees_soutenance\Ouidah\Route des Esclaves\Arbre de l’Oubli\arbre_de_l_oubli.docx,Donnees_soutenance\Ouidah\Route des Esclaves\Arbre de l’Oubli,Route des Esclaves/Arbre de l’Oubli,"{'source_name': 'Ayiffa Tourisme', 'description': 'Histoire de la Porte du Non-Retour', 'url': 'https://ayiffatourisme.com/en/blog-lhistoire-de-la-porte-du-non-retour-a-ouidah', 'source_type': 'blog', 'raw_text': '• Ayiffa Tourisme — Histoire de la Porte du Non-Retour, https://ayiffatourisme.com/en/blog-lhistoire-de-la-porte-du-non-retour-a-ouidah'}",https://ayiffatourisme.com/en/blog-lhistoire-de-la-porte-du-non-retour-a-ouidah,L’Arbre de l’Oubli Ouidah.jpg
Ouidah,Route des Esclaves,Arbre du Retour,arbre_du_retour.docx,arbre du retour,"L’Arbre du Retour
Rituel de ré-ancrage spirituel – Route des Esclaves, Ouidah, Côte du Bénin
1. Résumé
L’Arbre du Retour est l’un des lieux les plus émouvants de la Route des Esclaves à Ouidah.
Contrairement à l’Arbre de l’Oubli — destiné à effacer symboliquement l’identité des captifs — l’Arbre du Retour portait un sens inverse : il visait à rattacher l’âme des esclaves à leur terre natale.
Après avoir quitté la Case Zomaï, les captifs s’arrêtaient devant cet arbre mystique et effectuaient trois tours autour de lui.
Ce rituel leur garantissait qu’où qu’ils meurent dans le monde, leur esprit reviendrait toujours sur la terre de leurs ancêtres.
Cet arbre — haut, généreux, debout depuis près de 200 ans — marquait l’une des dernières étapes avant le départ définitif vers la mer et la Porte du Non-Retour.
2. Historique et rôle du site
Origines et signification spirituelle
L’Arbre du Retour symbolisait la seule forme de continuité familiale et culturelle qu’il restait aux captifs.
Ses fonctions spirituelles étaient claires :
Rattacher l’âme des esclaves à leur terre d’origine
Leur garantir un retour posthume vers leur continent
Préserver une part de leur identité malgré la déportation
Les esclaves accomplissaient un rituel simple mais chargé de sens :
3 tours autour de l’arbre, après avoir quitté la Case Zomaï
Ce geste représentait une ultime protection face à un avenir entièrement contrôlé par leurs bourreaux.
Étape précédant le départ définitif
L’Arbre du Retour se situait juste avant la plage et la Porte du Non-Retour.
Après le rite :
Les captifs étaient conduits vers la côte
Puis embarqués pour un destin inconnu
Les récits rapportent que :
Certains mouraient en chemin et étaient jetés à la mer
D’autres arrivaient aux Amériques, condamnés à travailler dans les champs de coton, de riz ou de canne à sucre
Tous vivaient sous la menace constante du fouet
Cette étape était décrite comme un moment d’humanité arrachée à des êtres « en sursis ».
3. Organisation et patrimoine architectural
L’Arbre et son environnement
À proximité du mémorial situé sur la Route des Esclaves, l’arbre se dresse au centre d’une petite placette.
Il est présenté comme :
un arbre majestueux, âgé d’environ 200 ans ;
un témoin silencieux du passage de milliers de captifs ;
un lieu de mémoire où la spiritualité et l’histoire se rejoignent.
Aménagements mémoriels actuels
Le site autour de l’Arbre du Retour fait partie intégrante du parcours touristique et commémoratif.
Il permet aux visiteurs :
de comprendre la dimension spirituelle de la traite
de s’imprégner d’un lieu authentique encore chargé de symbolisme
de suivre la dernière partie du cheminement jusqu’à la mer
Ce lieu est souvent intégré aux cérémonies mémorielles organisées à Ouidah.
4. Valeur culturelle et symbolique
Un lieu d’espoir dans un parcours de désespoir
L’Arbre du Retour représente :
la ténacité spirituelle des captifs
leur volonté de rester liés à leurs ancêtres
leur foi en un retour symbolique malgré l’exil forcé
Il constitue une réponse spirituelle à l’effacement identitaire imposé par l’Arbre de l’Oubli.
Symbole de résilience et de transmission
L’arbre incarne :
la résistance culturelle face à la déportation
la mémoire éternelle de ceux qui n’ont jamais revu leur terre
un héritage essentiel pour la diaspora africaine
Il est aujourd’hui un lieu de recueillement, de réflexion et d’hommage universel.
5. 
• Le Voyage du Calao — Route des Esclaves de Ouidah, https://levoyageducalao.com/route-des-esclaves-de-ouidah/","• Ayiffa Tourisme — Histoire de la Porte du Non-Retour, https://ayiffatourisme.com/en/blog-lhistoire-de-la-porte-du-non-retour-a-ouidah",1,1,"L’Arbre du Retour
Rituel de ré-ancrage spirituel – Route des Esclaves, Ouidah, Côte du Bénin
1. Résumé
L’Arbre du Retour est l’un des lieux les plus émouvants de la Route des Esclaves à Ouidah.
Contrairement à l’Arbre de l’Oubli — destiné à effacer symboliquement l’identité des captifs — l’Arbre du Retour portait un sens inverse : il visait à rattacher l’âme des esclaves à leur terre natale.
Après avoir quitté la Case Zomaï, les captifs s’arrêtaient devant cet arbre mystique et effectuaient trois tours autour de lui.
Ce rituel leur garantissait qu’où qu’ils meurent dans le monde, leur esprit reviendrait toujours sur la terre de leurs ancêtres.
Cet arbre — haut, généreux, debout depuis près de 200 ans — marquait l’une des dernières étapes avant le départ définitif vers la mer et la Porte du Non-Retour.
2. Historique et rôle du site
Origines et signification spirituelle
L’Arbre du Retour symbolisait la seule forme de continuité familiale et culturelle qu’il restait aux captifs.
Ses fonctions spirituelles étaient claires :
Rattacher l’âme des esclaves à leur terre d’origine
Leur garantir un retour posthume vers leur continent
Préserver une part de leur identité malgré la déportation
Les esclaves accomplissaient un rituel simple mais chargé de sens :
3 tours autour de l’arbre, après avoir quitté la Case Zomaï
Ce geste représentait une ultime protection face à un avenir entièrement contrôlé par leurs bourreaux.
Étape précédant le départ définitif
L’Arbre du Retour se situait juste avant la plage et la Porte du Non-Retour.
Après le rite :
Les captifs étaient conduits vers la côte
Puis embarqués pour un destin inconnu
Les récits rapportent que :
Certains mouraient en chemin et étaient jetés à la mer
D’autres arrivaient aux Amériques, condamnés à travailler dans les champs de coton, de riz ou de canne à sucre
Tous vivaient sous la menace constante du fouet
Cette étape était décrite comme un moment d’humanité arrachée à des êtres « en sursis ».
3. Organisation et patrimoine architectural
L’Arbre et son environnement
À proximité du mémorial situé sur la Route des Esclaves, l’arbre se dresse au centre d’une petite placette.
Il est présenté comme :
un arbre majestueux, âgé d’environ 200 ans ;
un témoin silencieux du passage de milliers de captifs ;
un lieu de mémoire où la spiritualité et l’histoire se rejoignent.
Aménagements mémoriels actuels
Le site autour de l’Arbre du Retour fait partie intégrante du parcours touristique et commémoratif.
Il permet aux visiteurs :
de comprendre la dimension spirituelle de la traite
de s’imprégner d’un lieu authentique encore chargé de symbolisme
de suivre la dernière partie du cheminement jusqu’à la mer
Ce lieu est souvent intégré aux cérémonies mémorielles organisées à Ouidah.
4. Valeur culturelle et symbolique
Un lieu d’espoir dans un parcours de désespoir
L’Arbre du Retour représente :
la ténacité spirituelle des captifs
leur volonté de rester liés à leurs ancêtres
leur foi en un retour symbolique malgré l’exil forcé
Il constitue une réponse spirituelle à l’effacement identitaire imposé par l’Arbre de l’Oubli.
Symbole de résilience et de transmission
L’arbre incarne :
la résistance culturelle face à la déportation
la mémoire éternelle de ceux qui n’ont jamais revu leur terre
un héritage essentiel pour la diaspora africaine
Il est aujourd’hui un lieu de recueillement, de réflexion et d’hommage universel.
5. 
• Le Voyage du Calao — Route des Esclaves de Ouidah, https://levoyageducalao.com/route-des-esclaves-de-ouidah/

=== SOURCES ===
• Ayiffa Tourisme — Histoire de la Porte du Non-Retour, https://ayiffatourisme.com/en/blog-lhistoire-de-la-porte-du-non-retour-a-ouidah",3508,558,135,11,3643,569,True,True,1,L’Arbre du Retour.jpg,Donnees_soutenance\Ouidah\Route des Esclaves\Arbre du Retour\arbre_du_retour.docx,Donnees_soutenance\Ouidah\Route des Esclaves\Arbre du Retour,Route des Esclaves/Arbre du Retour,"{'source_name': 'Ayiffa Tourisme', 'description': 'Histoire de la Porte du Non-Retour', 'url': 'https://ayiffatourisme.com/en/blog-lhistoire-de-la-porte-du-non-retour-a-ouidah', 'source_type': 'blog', 'raw_text': '• Ayiffa Tourisme — Histoire de la Porte du Non-Retour, https://ayiffatourisme.com/en/blog-lhistoire-de-la-porte-du-non-retour-a-ouidah'}",https://ayiffatourisme.com/en/blog-lhistoire-de-la-porte-du-non-retour-a-ouidah,L’Arbre du Retour.jpg
Ouidah,Route des Esclaves,Les cases Zomaï,Les_Cases_Zomaï_de_Ouidah.docx,Les Cases Zomaï de Ouidah,"Les Cases Zomaï de Ouidah
Ancien lieu de détention des captifs — Route des Esclaves, Ouidah
1. Résumé
Les Cases Zomaï — du fon « Zomayi » signifiant « que le feu ou la lumière ne s’y attarde pas » — étaient des cachots totalement obscurs et exigus où les esclaves étaient enfermés pendant 3 à 4 mois en attendant l’arrivée des navires négriers.
Dans ces pièces hermétiquement closes, les captifs vivaient dans des conditions inhumaines : obscurité totale, promiscuité extrême, nourriture rare, isolement complet.
L’objectif était de les désorienter, de briser toute tentative de fuite ou de rébellion, et de les préparer aux conditions terribles des cales des bateaux négriers.
Il ne reste plus aujourd’hui aucune de ces cases : elles ont été remplacées par trois sculptures symboliques qui rappellent les peuples capturés et la violence du système esclavagiste.
Le lieu constitue aujourd’hui une étape majeure de la Route des Esclaves, reconnue par l’UNESCO depuis 1994.
2. Historique et rôle du site
Un lieu d’enfermement absolu
Les Cases Zomaï se trouvaient à Zoungbodji, dernière étape avant la marche finale vers la mer.
Dès leur arrivée :
Les esclaves étaient enfermés dans une grande case hermétiquement close, totalement privée de lumière.
Ils ne sortaient que pour être conduits vers l’Arbre du Retour, puis vers la plage.
La séquestration absolue servait à :
les désorienter,
briser psychologiquement les captifs,
empêcher toute résistance,
les conditionner à la vie d’obscurité et de promiscuité des navires négriers.
Les survivants restaient dans ces cases trois à quatre mois, jusqu’à l’arrivée des bateaux européens.
Tri impitoyable : vivants et « inutiles »
Les Zomaï n’accueillaient que ceux jugés aptes à servir.
Les captifs considérés comme trop faibles, blessés ou « inutiles » étaient jetés dans la fosse commune voisine, parfois encore vivants.
Une étape-clé du processus de déportation
Les Cases Zomaï constituaient la troisième étape majeure de la Route des Esclaves :
Capture, tri et mise en vente
Passage dans les maisons de traite
Enfermement aux Cases Zomaï
Rites de l’Arbre de l’Oubli
Marche vers la plage de Zoungbodji
Embarquement à la Porte du Non-Retour
Ce lieu résume la dimension la plus sombre de la traite négrière : effacer l’identité avant l’exil forcé.
3. Organisation et patrimoine symbolique
Absence de vestiges, présence de sculptures
Les cases d’origine ont disparu.
Elles sont aujourd’hui remplacées par trois sculptures symboliques :
La sculpture centrale
Représente la carte du Bénin.
Porte des symboles que seuls les guides peuvent interpréter.
La grande tête en bas à droite
Symbole du peuple Yoruba (ancien royaume d’Oyo),
Migré vers la côte.
La grande tête en haut à droite
Représente les Xwedah / Xwlah, peuples adeptes du python royal de Ouidah.
Les petits T blancs à gauche
Représentent les peuples Fons issus des royaumes conquis par le Dahomey.
Les deux signes en forme de T, en haut à gauche
Symbolisent les peuples Peuls du Nord.
La balance à gauche
Symbole de l’injustice du système esclavagiste.
Les carreaux à droite
Représentent la prison et l’enfermement.
De chaque côté des sculptures, deux figures d’esclaves enchaînés rappellent la réalité de la tyrannie et de la violence du pouvoir royal entre les XVIIᵉ et XIXᵉ siècles.
Un site réhabilité et transformé en espace de mémoire
La Maison Zomaï fait partie d’un projet de réhabilitation initié par l’État béninois afin de transformer ce lieu de souffrance en :
espace de transmission,
lieu de recueillement,
outil pédagogique pour les visiteurs,
symbole de résilience et d’espoir.
4. Valeur culturelle et symbolique
Un lieu de mémoire universelle
Les Cases Zomaï incarnent :
la brutalité de l’enfermement préalable à la déportation,
l’organisation méthodique de la traite négrière,
la souffrance de milliers d’hommes, femmes et enfants,
un passage obligatoire sur la Route des Esclaves,
un silence historique que les mémoriaux tentent aujourd’hui de rendre visible.
Un symbole de résistance et de transmission
Le site rappelle autant :
la violence du système esclavagiste,
que la résilience des peuples déportés,
l’importance de conserver la mémoire pour les générations futures.
Les Cases Zomaï contribuent à l’identité mémorielle d’Ouidah, aux côtés de la Place Chacha, de l’Arbre de l’Oubli et de la Porte du Non-Retour.
5. 
• Ayiffa Tourisme — Visiter la Case Zomaï, https://www.ayiffatourisme.com/visiter-la-case-zomai.php
• Bénin Roots — La Maison Zomaï à Ouidah, https://beninroots.bj/blog/la-maison-zomai-a-ouidah","• Le Voyage du Calao — Route des Esclaves de Ouidah, https://levoyageducalao.com/route-des-esclaves-de-ouidah/",1,1,"Les Cases Zomaï de Ouidah
Ancien lieu de détention des captifs — Route des Esclaves, Ouidah
1. Résumé
Les Cases Zomaï — du fon « Zomayi » signifiant « que le feu ou la lumière ne s’y attarde pas » — étaient des cachots totalement obscurs et exigus où les esclaves étaient enfermés pendant 3 à 4 mois en attendant l’arrivée des navires négriers.
Dans ces pièces hermétiquement closes, les captifs vivaient dans des conditions inhumaines : obscurité totale, promiscuité extrême, nourriture rare, isolement complet.
L’objectif était de les désorienter, de briser toute tentative de fuite ou de rébellion, et de les préparer aux conditions terribles des cales des bateaux négriers.
Il ne reste plus aujourd’hui aucune de ces cases : elles ont été remplacées par trois sculptures symboliques qui rappellent les peuples capturés et la violence du système esclavagiste.
Le lieu constitue aujourd’hui une étape majeure de la Route des Esclaves, reconnue par l’UNESCO depuis 1994.
2. Historique et rôle du site
Un lieu d’enfermement absolu
Les Cases Zomaï se trouvaient à Zoungbodji, dernière étape avant la marche finale vers la mer.
Dès leur arrivée :
Les esclaves étaient enfermés dans une grande case hermétiquement close, totalement privée de lumière.
Ils ne sortaient que pour être conduits vers l’Arbre du Retour, puis vers la plage.
La séquestration absolue servait à :
les désorienter,
briser psychologiquement les captifs,
empêcher toute résistance,
les conditionner à la vie d’obscurité et de promiscuité des navires négriers.
Les survivants restaient dans ces cases trois à quatre mois, jusqu’à l’arrivée des bateaux européens.
Tri impitoyable : vivants et « inutiles »
Les Zomaï n’accueillaient que ceux jugés aptes à servir.
Les captifs considérés comme trop faibles, blessés ou « inutiles » étaient jetés dans la fosse commune voisine, parfois encore vivants.
Une étape-clé du processus de déportation
Les Cases Zomaï constituaient la troisième étape majeure de la Route des Esclaves :
Capture, tri et mise en vente
Passage dans les maisons de traite
Enfermement aux Cases Zomaï
Rites de l’Arbre de l’Oubli
Marche vers la plage de Zoungbodji
Embarquement à la Porte du Non-Retour
Ce lieu résume la dimension la plus sombre de la traite négrière : effacer l’identité avant l’exil forcé.
3. Organisation et patrimoine symbolique
Absence de vestiges, présence de sculptures
Les cases d’origine ont disparu.
Elles sont aujourd’hui remplacées par trois sculptures symboliques :
La sculpture centrale
Représente la carte du Bénin.
Porte des symboles que seuls les guides peuvent interpréter.
La grande tête en bas à droite
Symbole du peuple Yoruba (ancien royaume d’Oyo),
Migré vers la côte.
La grande tête en haut à droite
Représente les Xwedah / Xwlah, peuples adeptes du python royal de Ouidah.
Les petits T blancs à gauche
Représentent les peuples Fons issus des royaumes conquis par le Dahomey.
Les deux signes en forme de T, en haut à gauche
Symbolisent les peuples Peuls du Nord.
La balance à gauche
Symbole de l’injustice du système esclavagiste.
Les carreaux à droite
Représentent la prison et l’enfermement.
De chaque côté des sculptures, deux figures d’esclaves enchaînés rappellent la réalité de la tyrannie et de la violence du pouvoir royal entre les XVIIᵉ et XIXᵉ siècles.
Un site réhabilité et transformé en espace de mémoire
La Maison Zomaï fait partie d’un projet de réhabilitation initié par l’État béninois afin de transformer ce lieu de souffrance en :
espace de transmission,
lieu de recueillement,
outil pédagogique pour les visiteurs,
symbole de résilience et d’espoir.
4. Valeur culturelle et symbolique
Un lieu de mémoire universelle
Les Cases Zomaï incarnent :
la brutalité de l’enfermement préalable à la déportation,
l’organisation méthodique de la traite négrière,
la souffrance de milliers d’hommes, femmes et enfants,
un passage obligatoire sur la Route des Esclaves,
un silence historique que les mémoriaux tentent aujourd’hui de rendre visible.
Un symbole de résistance et de transmission
Le site rappelle autant :
la violence du système esclavagiste,
que la résilience des peuples déportés,
l’importance de conserver la mémoire pour les générations futures.
Les Cases Zomaï contribuent à l’identité mémorielle d’Ouidah, aux côtés de la Place Chacha, de l’Arbre de l’Oubli et de la Porte du Non-Retour.
5. 
• Ayiffa Tourisme — Visiter la Case Zomaï, https://www.ayiffatourisme.com/visiter-la-case-zomai.php
• Bénin Roots — La Maison Zomaï à Ouidah, https://beninroots.bj/blog/la-maison-zomai-a-ouidah

=== SOURCES ===
• Le Voyage du Calao — Route des Esclaves de Ouidah, https://levoyageducalao.com/route-des-esclaves-de-ouidah/",4534,706,110,12,4644,718,True,True,2,Les cases Zomaï de Ouidah.jpg|||Les cases Zomaï de Ouidah_1.jpg,Donnees_soutenance\Ouidah\Route des Esclaves\Les cases Zomaï\Les_Cases_Zomaï_de_Ouidah.docx,Donnees_soutenance\Ouidah\Route des Esclaves\Les cases Zomaï,Route des Esclaves/Les cases Zomaï,"{'source_name': 'Le Voyage du Calao', 'description': 'Route des Esclaves de Ouidah', 'url': 'https://levoyageducalao.com/route-des-esclaves-de-ouidah/', 'source_type': 'blog', 'raw_text': '• Le Voyage du Calao — Route des Esclaves de Ouidah, https://levoyageducalao.com/route-des-esclaves-de-ouidah/'}",https://levoyageducalao.com/route-des-esclaves-de-ouidah/,Les cases Zomaï de Ouidah.jpg | Les cases Zomaï de Ouidah_1.jpg
Ouidah,Route des Esclaves,Mémorial de Zoungbodji ou fosse commune,Mémorial_de_Zoungbodji.docx,Mémorial de Zoungbodji,"Mémorial de Zoungbodji / Fosse Commune
Lieu de mémoire – Ouidah, Côte du Bénin
1. Résumé
Le Mémorial de Zoungbodji, érigé lors du festival international Ouidah 92, occupe un emplacement chargé d’histoire : celui de la fosse commune où l’on jetait les esclaves morts ou agonisants, incapables de survivre à la marche ou aux conditions infernales imposées avant leur déportation.
Situé sur la Route des Esclaves, à proximité immédiate de la Porte du Non-Retour, le site est aujourd’hui l’un des plus puissants symboles de la traite négrière à Ouidah.
Transformé en un espace de recueillement et de transmission, le mémorial rend hommage aux millions de victimes du commerce transatlantique, invitant chaque visiteur à honorer leur dignité, leur souffrance, mais aussi leur résilience.
2. Historique et rôle du site
Origine du site : la fosse commune
Le site de Zoungbodji était, aux XVIIᵉ–XIXᵉ siècles, l’un des derniers lieux où passaient les captifs avant leur déportation.
Ceux qui ne supportaient pas les privations, la marche forcée ou l’enfermement dans les cases Zomaï étaient jetés dans une fosse commune, parfois encore vivants.
Zoungbodji fut ainsi un espace lié directement à la mort, à la désolation et à la brutalité du système négrier.
Ouidah 92 : naissance du mémorial
En 1992, lors du Premier Festival Mondial des Arts et Cultures Vodun (Ouidah 92), les autorités béninoises décidèrent d’y ériger un mémorial monumental.
L’objectif était double :
Institutionnaliser la mémoire de la traite négrière
Revaloriser le patrimoine historique et spirituel lié au Vodun et à la diaspora africaine
Le mémorial devint alors un point clé du parcours officiel de la Route des Esclaves, reconnu internationalement.
Un site ancré dans l’histoire de l’esclavage à Ouidah
Le Mémorial de Zoungbodji s’inscrit dans un réseau de lieux historiques comprenant :
La Place Chacha (lieu de vente)
Les maisons de traite
Les Cases Zomaï (enfermement)
L’Arbre de l’Oubli
Le Mémorial de Zoungbodji (fosse commune)
La Porte du Non-Retour (déportation)
Il représente ainsi l’une des dernières étapes vécues par les captifs sur leur terre natale.
3. Organisation et patrimoine architectural
Le Mur du Souvenir
Élément central du mémorial, ce mur haut de six mètres est orné de bas-reliefs retraçant différentes scènes liées à l’esclavage.
Chaque image est conçue pour provoquer réflexion, émotion et recueillement.
Les bas-reliefs évoquent :
les marches forcées,
les liens familiaux brisés,
les souffrances endurées,
et la mémoire indélébile laissée par ces événements.
Symboles environnants
Le site comprend plusieurs éléments hautement symboliques, parmi lesquels :
L’Arbre du Non-Retour, symbolisant la rupture définitive avec la terre natale
L’Arbre du Retour, qui rappelle qu’aucune séparation spirituelle n’est totale selon la tradition
Le sol sacré marquant l’emplacement de la fosse commune
Ces symboles forment un ensemble cohérent autour de la mémoire, de la douleur, mais aussi de la continuité spirituelle.
Un lieu de rites, de commémorations et d’enseignements
Aujourd’hui, le mémorial accueille :
des cérémonies commémoratives,
des visites guidées historiques,
des événements liés au Vodun et à la diaspora.
Il est conçu comme un espace ouvert à la méditation, à la transmission culturelle et à l’éducation des générations futures.
4. Valeur culturelle et symbolique
Un sanctuaire de mémoire universelle
Le Mémorial de Zoungbodji incarne :
la violence extrême du système esclavagiste,
le destin tragique de milliers de captifs,
la nécessité de préserver et de transmettre cette histoire.
Il rappelle le rôle majeur d’Ouidah comme port de déportation et porte une charge émotionnelle particulière, enracinée dans le sol et les souvenirs.
Un lieu de résilience et d’espoir
Au-delà de la souffrance, le mémorial célèbre :
la résistance des peuples déportés,
la force spirituelle portée par le Vodun,
le lien indestructible entre l’Afrique et ses diasporas.
Pour les visiteurs, c’est un lieu d’introspection profonde et de conscience historique.
Un pilier du patrimoine béninois
En tant que site majeur de la Route des Esclaves, Zoungbodji :
renforce l’identité culturelle du Bénin,
nourrit la mémoire collective,
et constitue un élément fondamental du tourisme mémoriel.
5. 
• Benin Roots — Le Mémorial de Zoungbodji à Ouidah, https://beninroots.bj/blog/le-memorial-de-zoungbodji-a-ouidah-le-sanctuaire-de-memoire-au-coeur-du-benin","• Mairie de Ouidah — Mémorial de Zoungbodji, https://ouidah.mairie.bj/site-touristique/le-memorial-de-zoungbodji",1,1,"Mémorial de Zoungbodji / Fosse Commune
Lieu de mémoire – Ouidah, Côte du Bénin
1. Résumé
Le Mémorial de Zoungbodji, érigé lors du festival international Ouidah 92, occupe un emplacement chargé d’histoire : celui de la fosse commune où l’on jetait les esclaves morts ou agonisants, incapables de survivre à la marche ou aux conditions infernales imposées avant leur déportation.
Situé sur la Route des Esclaves, à proximité immédiate de la Porte du Non-Retour, le site est aujourd’hui l’un des plus puissants symboles de la traite négrière à Ouidah.
Transformé en un espace de recueillement et de transmission, le mémorial rend hommage aux millions de victimes du commerce transatlantique, invitant chaque visiteur à honorer leur dignité, leur souffrance, mais aussi leur résilience.
2. Historique et rôle du site
Origine du site : la fosse commune
Le site de Zoungbodji était, aux XVIIᵉ–XIXᵉ siècles, l’un des derniers lieux où passaient les captifs avant leur déportation.
Ceux qui ne supportaient pas les privations, la marche forcée ou l’enfermement dans les cases Zomaï étaient jetés dans une fosse commune, parfois encore vivants.
Zoungbodji fut ainsi un espace lié directement à la mort, à la désolation et à la brutalité du système négrier.
Ouidah 92 : naissance du mémorial
En 1992, lors du Premier Festival Mondial des Arts et Cultures Vodun (Ouidah 92), les autorités béninoises décidèrent d’y ériger un mémorial monumental.
L’objectif était double :
Institutionnaliser la mémoire de la traite négrière
Revaloriser le patrimoine historique et spirituel lié au Vodun et à la diaspora africaine
Le mémorial devint alors un point clé du parcours officiel de la Route des Esclaves, reconnu internationalement.
Un site ancré dans l’histoire de l’esclavage à Ouidah
Le Mémorial de Zoungbodji s’inscrit dans un réseau de lieux historiques comprenant :
La Place Chacha (lieu de vente)
Les maisons de traite
Les Cases Zomaï (enfermement)
L’Arbre de l’Oubli
Le Mémorial de Zoungbodji (fosse commune)
La Porte du Non-Retour (déportation)
Il représente ainsi l’une des dernières étapes vécues par les captifs sur leur terre natale.
3. Organisation et patrimoine architectural
Le Mur du Souvenir
Élément central du mémorial, ce mur haut de six mètres est orné de bas-reliefs retraçant différentes scènes liées à l’esclavage.
Chaque image est conçue pour provoquer réflexion, émotion et recueillement.
Les bas-reliefs évoquent :
les marches forcées,
les liens familiaux brisés,
les souffrances endurées,
et la mémoire indélébile laissée par ces événements.
Symboles environnants
Le site comprend plusieurs éléments hautement symboliques, parmi lesquels :
L’Arbre du Non-Retour, symbolisant la rupture définitive avec la terre natale
L’Arbre du Retour, qui rappelle qu’aucune séparation spirituelle n’est totale selon la tradition
Le sol sacré marquant l’emplacement de la fosse commune
Ces symboles forment un ensemble cohérent autour de la mémoire, de la douleur, mais aussi de la continuité spirituelle.
Un lieu de rites, de commémorations et d’enseignements
Aujourd’hui, le mémorial accueille :
des cérémonies commémoratives,
des visites guidées historiques,
des événements liés au Vodun et à la diaspora.
Il est conçu comme un espace ouvert à la méditation, à la transmission culturelle et à l’éducation des générations futures.
4. Valeur culturelle et symbolique
Un sanctuaire de mémoire universelle
Le Mémorial de Zoungbodji incarne :
la violence extrême du système esclavagiste,
le destin tragique de milliers de captifs,
la nécessité de préserver et de transmettre cette histoire.
Il rappelle le rôle majeur d’Ouidah comme port de déportation et porte une charge émotionnelle particulière, enracinée dans le sol et les souvenirs.
Un lieu de résilience et d’espoir
Au-delà de la souffrance, le mémorial célèbre :
la résistance des peuples déportés,
la force spirituelle portée par le Vodun,
le lien indestructible entre l’Afrique et ses diasporas.
Pour les visiteurs, c’est un lieu d’introspection profonde et de conscience historique.
Un pilier du patrimoine béninois
En tant que site majeur de la Route des Esclaves, Zoungbodji :
renforce l’identité culturelle du Bénin,
nourrit la mémoire collective,
et constitue un élément fondamental du tourisme mémoriel.
5. 
• Benin Roots — Le Mémorial de Zoungbodji à Ouidah, https://beninroots.bj/blog/le-memorial-de-zoungbodji-a-ouidah-le-sanctuaire-de-memoire-au-coeur-du-benin

=== SOURCES ===
• Mairie de Ouidah — Mémorial de Zoungbodji, https://ouidah.mairie.bj/site-touristique/le-memorial-de-zoungbodji",4425,662,112,9,4537,671,True,True,2,Mémorial de Zoungbodji ou fosse commune.jpg|||Mémorial de Zoungbodji.jpg,Donnees_soutenance\Ouidah\Route des Esclaves\Mémorial de Zoungbodji ou fosse commune\Mémorial_de_Zoungbodji.docx,Donnees_soutenance\Ouidah\Route des Esclaves\Mémorial de Zoungbodji ou fosse commune,Route des Esclaves/Mémorial de Zoungbodji ou fosse commune,"{'source_name': 'Mairie de Ouidah', 'description': 'Mémorial de Zoungbodji', 'url': 'https://ouidah.mairie.bj/site-touristique/le-memorial-de-zoungbodji', 'source_type': 'autre', 'raw_text': '• Mairie de Ouidah — Mémorial de Zoungbodji, https://ouidah.mairie.bj/site-touristique/le-memorial-de-zoungbodji'}",https://ouidah.mairie.bj/site-touristique/le-memorial-de-zoungbodji,Mémorial de Zoungbodji ou fosse commune.jpg | Mémorial de Zoungbodji.jpg
Ouidah,Route des Esclaves,Place Chacha ou Place des Enchères,Place_des_Enchères_ou_place_chacha.docx,Place des Enchères ou place chacha,"Place des Enchères / Place Chacha
Ancien marché aux esclaves – Ouidah, Côte du Bénin
1. Résumé
La Place des Enchères, aujourd’hui connue sous le nom de Place Chacha, est l’un des lieux les plus emblématiques de la traite négrière à Ouidah.
C’est ici, au XVIIIᵉ et XIXᵉ siècles, que se tenaient les enchères publiques où des hommes, des femmes et des enfants — prisonniers de guerre, victimes de razzias ou condamnés selon les lois locales — étaient échangés contre des marchandises européennes de faible valeur.
Le site doit son nom à Don Francisco de Souza, négociant afro-brésilien influent, surnommé Cha Cha (« vite vite » en fon gbé), qui devint l’intermédiaire privilégié entre les rois du Dahomey et les marchands européens.
Aujourd’hui, la place est devenue un espace mémoriel majeur, point de départ symbolique de la Route des Esclaves.
2. Historique et rôle du site
Origines et fonction commerciale
Au XVIIIᵉ siècle, la Place des Enchères était le cœur du commerce triangulaire à Ouidah.
Africains et Européens y échangeaient des marchandises :
Les Européens (Français, Portugais, Anglais, Hollandais, Danois) apportaient :
produits manufacturés, armes, alcool, tissus, pipes…
Les rois du Dahomey fournissaient :
des esclaves capturés lors de conquêtes, razzias ou condamnés selon les coutumes locales.
Les captifs étaient présentés au public, examinés et vendus comme des objets d’échange.
Les « prix » aux enchères
Les récits historiques rapportent des équivalences atroces qui illustrent la logique marchande de l’époque :
1 pipe = 5 esclaves
1 bouteille d’alcool = 10 esclaves
1 canon = 15 hommes valides ou 21 femmes
Les transactions pouvaient également impliquer des armes, de la poudre, des tissus ou d’autres objets de pacotille considérés comme précieux dans le commerce atlantique.
Rôle de Francisco de Souza (Cha Cha)
La place porte aujourd’hui le nom de Don Francisco Félix de Souza, personnage clé de l’histoire de Ouidah :
Négociant afro-brésilien très influent
Représentant du roi auprès des Européens
Intermédiaire essentiel entre les comptoirs et le pouvoir royal
Ancêtre présumé de la grande famille Souza au Bénin
Son surnom, Cha Cha (« vite vite »), viendrait de sa manière expéditive de gérer les transactions.
Début de la Route des Esclaves
La Place Chacha constitue la première étape du parcours que parcouraient les captifs avant leur déportation :
Vente et tri
Passage dans les maisons de traite
Enfermement à la Case Zomaï
Rites de l’Arbre de l’Oubli
Marche jusqu’à la plage
Embarquement à la Porte du Non-Retour
Ainsi, la place est le point zéro du processus de déportation.
3. Organisation et patrimoine architectural
Vestiges et mémorialisation
Aujourd’hui, il ne reste qu’une petite place, mais elle constitue un site mémoriel majeur, marqué par :
Une place ouverte avec un arbre historique sous lequel se déroulaient les enchères publiques.
Des plaques, inscriptions et marqueurs rappelant les ventes.
Des maisons coloniales et afro-brésiliennes aux abords, témoins du passage de De Souza et des négociants.
La reconstitution de la criée comme symbole d’un passé traumatique.
Activités rituelles et commémoratives
La place accueille aujourd’hui :
Des cérémonies de mémoire
Des visites guidées historiques
Des étapes symboliques lors des Vodun Days ou commémorations UNESCO
Elle demeure un espace où l’histoire se mêle à la spiritualité et à la réflexion.
4. Valeur culturelle et symbolique
Un lieu de mémoire universelle
La Place Chacha représente :
La violence commerciale de la traite
Le rôle central d’Ouidah dans le commerce atlantique
Le point de départ d’un exil sans retour pour des milliers de captifs
La mémoire collective de la diaspora africaine
Elle rappelle que le commerce humain était organisé, codifié, et profondément intégré dans les échanges globaux.
Identité locale et héritages culturels
Ce site est aussi un marqueur de :
La présence afro-brésilienne à Ouidah
L’influence architecturale et culturelle des communautés agoudas
Le syncrétisme entre traditions béninoises et influences étrangères
La Place Chacha demeure un symbole fort de l’histoire de Ouidah et un élément central du tourisme mémoriel au Bénin.
5. 
• Le Voyage du Calao — Route des Esclaves de Ouidah, https://levoyageducalao.com/route-des-esclaves-de-ouidah/
• Ayiffa Tourisme — Sites touristiques à Ouidah, https://ayiffatourisme.com/en/blog-benin-les-sites-touristiques-a-ouidah","• Ayiffa Tourisme — Histoire de la Porte du Non-Retour, https://ayiffatourisme.com/en/blog-lhistoire-de-la-porte-du-non-retour-a-ouidah",1,1,"Place des Enchères / Place Chacha
Ancien marché aux esclaves – Ouidah, Côte du Bénin
1. Résumé
La Place des Enchères, aujourd’hui connue sous le nom de Place Chacha, est l’un des lieux les plus emblématiques de la traite négrière à Ouidah.
C’est ici, au XVIIIᵉ et XIXᵉ siècles, que se tenaient les enchères publiques où des hommes, des femmes et des enfants — prisonniers de guerre, victimes de razzias ou condamnés selon les lois locales — étaient échangés contre des marchandises européennes de faible valeur.
Le site doit son nom à Don Francisco de Souza, négociant afro-brésilien influent, surnommé Cha Cha (« vite vite » en fon gbé), qui devint l’intermédiaire privilégié entre les rois du Dahomey et les marchands européens.
Aujourd’hui, la place est devenue un espace mémoriel majeur, point de départ symbolique de la Route des Esclaves.
2. Historique et rôle du site
Origines et fonction commerciale
Au XVIIIᵉ siècle, la Place des Enchères était le cœur du commerce triangulaire à Ouidah.
Africains et Européens y échangeaient des marchandises :
Les Européens (Français, Portugais, Anglais, Hollandais, Danois) apportaient :
produits manufacturés, armes, alcool, tissus, pipes…
Les rois du Dahomey fournissaient :
des esclaves capturés lors de conquêtes, razzias ou condamnés selon les coutumes locales.
Les captifs étaient présentés au public, examinés et vendus comme des objets d’échange.
Les « prix » aux enchères
Les récits historiques rapportent des équivalences atroces qui illustrent la logique marchande de l’époque :
1 pipe = 5 esclaves
1 bouteille d’alcool = 10 esclaves
1 canon = 15 hommes valides ou 21 femmes
Les transactions pouvaient également impliquer des armes, de la poudre, des tissus ou d’autres objets de pacotille considérés comme précieux dans le commerce atlantique.
Rôle de Francisco de Souza (Cha Cha)
La place porte aujourd’hui le nom de Don Francisco Félix de Souza, personnage clé de l’histoire de Ouidah :
Négociant afro-brésilien très influent
Représentant du roi auprès des Européens
Intermédiaire essentiel entre les comptoirs et le pouvoir royal
Ancêtre présumé de la grande famille Souza au Bénin
Son surnom, Cha Cha (« vite vite »), viendrait de sa manière expéditive de gérer les transactions.
Début de la Route des Esclaves
La Place Chacha constitue la première étape du parcours que parcouraient les captifs avant leur déportation :
Vente et tri
Passage dans les maisons de traite
Enfermement à la Case Zomaï
Rites de l’Arbre de l’Oubli
Marche jusqu’à la plage
Embarquement à la Porte du Non-Retour
Ainsi, la place est le point zéro du processus de déportation.
3. Organisation et patrimoine architectural
Vestiges et mémorialisation
Aujourd’hui, il ne reste qu’une petite place, mais elle constitue un site mémoriel majeur, marqué par :
Une place ouverte avec un arbre historique sous lequel se déroulaient les enchères publiques.
Des plaques, inscriptions et marqueurs rappelant les ventes.
Des maisons coloniales et afro-brésiliennes aux abords, témoins du passage de De Souza et des négociants.
La reconstitution de la criée comme symbole d’un passé traumatique.
Activités rituelles et commémoratives
La place accueille aujourd’hui :
Des cérémonies de mémoire
Des visites guidées historiques
Des étapes symboliques lors des Vodun Days ou commémorations UNESCO
Elle demeure un espace où l’histoire se mêle à la spiritualité et à la réflexion.
4. Valeur culturelle et symbolique
Un lieu de mémoire universelle
La Place Chacha représente :
La violence commerciale de la traite
Le rôle central d’Ouidah dans le commerce atlantique
Le point de départ d’un exil sans retour pour des milliers de captifs
La mémoire collective de la diaspora africaine
Elle rappelle que le commerce humain était organisé, codifié, et profondément intégré dans les échanges globaux.
Identité locale et héritages culturels
Ce site est aussi un marqueur de :
La présence afro-brésilienne à Ouidah
L’influence architecturale et culturelle des communautés agoudas
Le syncrétisme entre traditions béninoises et influences étrangères
La Place Chacha demeure un symbole fort de l’histoire de Ouidah et un élément central du tourisme mémoriel au Bénin.
5. 
• Le Voyage du Calao — Route des Esclaves de Ouidah, https://levoyageducalao.com/route-des-esclaves-de-ouidah/
• Ayiffa Tourisme — Sites touristiques à Ouidah, https://ayiffatourisme.com/en/blog-benin-les-sites-touristiques-a-ouidah

=== SOURCES ===
• Ayiffa Tourisme — Histoire de la Porte du Non-Retour, https://ayiffatourisme.com/en/blog-lhistoire-de-la-porte-du-non-retour-a-ouidah",4408,674,135,11,4543,685,True,True,1,"La place des enchères, place CHACHA.jpg",Donnees_soutenance\Ouidah\Route des Esclaves\Place Chacha ou Place des Enchères\Place_des_Enchères_ou_place_chacha.docx,Donnees_soutenance\Ouidah\Route des Esclaves\Place Chacha ou Place des Enchères,Route des Esclaves/Place Chacha ou Place des Enchères,"{'source_name': 'Ayiffa Tourisme', 'description': 'Histoire de la Porte du Non-Retour', 'url': 'https://ayiffatourisme.com/en/blog-lhistoire-de-la-porte-du-non-retour-a-ouidah', 'source_type': 'blog', 'raw_text': '• Ayiffa Tourisme — Histoire de la Porte du Non-Retour, https://ayiffatourisme.com/en/blog-lhistoire-de-la-porte-du-non-retour-a-ouidah'}",https://ayiffatourisme.com/en/blog-lhistoire-de-la-porte-du-non-retour-a-ouidah,"La place des enchères, place CHACHA.jpg"
Ouidah,Route des Esclaves,Porte du Non-Retour,Porte_du_Non_Retour.docx,Porte du Non Retour,"Porte du Non-Retour
Mémorial de la traite négrière – Ouidah, Côte du Bénin
1. Résumé
La Porte du Non-Retour, inaugurée en 1995 à Ouidah, est l’un des sites les plus emblématiques de la traite négrière transatlantique. Elle marque la dernière étape de la Route des Esclaves, là où des centaines de milliers d’Africains, arrachés à leur terre natale, embarquaient pour des destinations inconnues, souvent vers le Brésil, Haïti ou les Caraïbes.
Érigée en mémoire des victimes, la Porte symbolise l’adieu définitif à l’Afrique et la rupture irréversible avec leur identité et leur foyer. Elle se situe sur la plage au sud de la ville, terminus de la Route des Esclaves qui partait du marché aux enchères de la Place Chacha.
2. Historique et rôle du site
Origine et création
Entre le XVIIᵉ et le XIXᵉ siècle, Ouidah fut l’un des ports majeurs de déportation d’esclaves en Afrique de l’Ouest, avec plus d’un million de personnes embarquées de force. Les captifs étaient enchaînés et escortés depuis le marché aux esclaves jusqu’à la côte, où de petites pirogues les conduisaient vers les navires négriers. La mer peu profonde obligeait ce transfert et offrait parfois aux captifs l’ultime possibilité tragique de se jeter à l’eau plutôt que d’affronter leur destin.
En 1990, le gouvernement béninois, avec le soutien de l’UNESCO, lança le projet Route de l’Esclave, visant à commémorer cette histoire. La Porte du Non-Retour, construite en 1995 par l’architecte béninois Fortuné Bandeira, devint le point culminant de ce projet, matérialisant le dernier passage des captifs vers l’autre monde.
La Route des Esclaves
Le parcours des captifs comprenait plusieurs étapes :
Vente et tri à la Place Chacha
Passage dans les maisons de traite et enfermement dans les Cases Zomaï
Rites à l’Arbre de l’Oubli
Marche jusqu’à la plage
Passage devant le Mémorial de Zoungbodji
Embarquement à la Porte du Non-Retour
Cette séquence rappelle l’atrocité organisée du système esclavagiste et le contrôle strict exercé sur les captifs.
3. Organisation et patrimoine architectural
Architecture et fresques
La Porte se présente comme une arche monumentale en béton, orientée vers la mer, avec des bas-reliefs représentant des hommes, femmes et enfants enchaînés.
À l’intérieur, la fresque montre des captifs marchant vers la mer, où un navire les attend.
Du côté mer, un arbre solitaire symbolise la terre natale qu’ils ne reverraient jamais.
Autour de la Porte, plusieurs sculptures et stèles commémoratives ajoutent une dimension artistique et symbolique :
Chaîne de l’Esclave (Dominique Kouas) : une famille enchaînée, entrelaçant douleur et dignité.
Esprit des Ancêtres (Yves Apollinaire Pèdé) : figure stylisée en pierre et métal, symbolisant la connexion entre vivants et morts et l’importance des cultes vaudou.
Mémorial de la Réconciliation : statues anonymes en terre cuite représentant la souffrance universelle et l’effacement identitaire.
Mémorial du Repentir : stèle en granit noir listant les principaux ports négriers et honorant la résistance africaine.
Porteuse d’Eau : bronze représentant la résilience des femmes et la continuité culturelle malgré la traite.
Mémorial des Martyrs (Zomai) : statues en bois sculpté rendant hommage aux héros locaux ayant résisté à l’esclavage.
Symbolisme
Les chaînes représentent l’asservissement physique.
Les silhouettes anonymes incarnent la perte d’identité.
Les postures de prière ou de résistance évoquent l’espoir et la résilience.
Les matériaux (bronze, terre cuite, bois) reflètent l’artisanat local et la continuité culturelle.
Le site constitue ainsi un espace à la fois historique, spirituel et artistique, invitant à la réflexion sur la mémoire et la réparation.
4. Valeur culturelle et symbolique
Un lieu de mémoire universelle
La Porte du Non-Retour rappelle :
la violence et l’inhumanité de la traite négrière,
l’ampleur du rôle d’Ouidah comme port de déportation,
la perte irrémédiable pour des centaines de milliers d’Africains,
et la mémoire collective de la diaspora africaine.
Résilience et réconciliation
Au-delà de la douleur, le site symbolise :
la continuité culturelle et spirituelle malgré la déportation,
la résilience des communautés locales,
le dialogue entre l’Afrique et sa diaspora, notamment célébré lors d’événements comme le festival Ouidah 92.
La Porte invite chaque visiteur à un voyage intérieur, transformant l’expérience historique en leçon d’humanité et de mémoire vivante.
5. 
• Le Voyage du Calao — Route des Esclaves de Ouidah, https://levoyageducalao.com/route-des-esclaves-de-ouidah/
• Voyage Avec Nous — La Route des Esclaves à Ouidah, https://voyageavecnous.com/ouidah-region-atlantique-benin/","• Ayiffa Tourisme — Histoire de la Porte du Non-Retour, https://ayiffatourisme.com/en/blog-lhistoire-de-la-porte-du-non-retour-a-ouidah",1,1,"Porte du Non-Retour
Mémorial de la traite négrière – Ouidah, Côte du Bénin
1. Résumé
La Porte du Non-Retour, inaugurée en 1995 à Ouidah, est l’un des sites les plus emblématiques de la traite négrière transatlantique. Elle marque la dernière étape de la Route des Esclaves, là où des centaines de milliers d’Africains, arrachés à leur terre natale, embarquaient pour des destinations inconnues, souvent vers le Brésil, Haïti ou les Caraïbes.
Érigée en mémoire des victimes, la Porte symbolise l’adieu définitif à l’Afrique et la rupture irréversible avec leur identité et leur foyer. Elle se situe sur la plage au sud de la ville, terminus de la Route des Esclaves qui partait du marché aux enchères de la Place Chacha.
2. Historique et rôle du site
Origine et création
Entre le XVIIᵉ et le XIXᵉ siècle, Ouidah fut l’un des ports majeurs de déportation d’esclaves en Afrique de l’Ouest, avec plus d’un million de personnes embarquées de force. Les captifs étaient enchaînés et escortés depuis le marché aux esclaves jusqu’à la côte, où de petites pirogues les conduisaient vers les navires négriers. La mer peu profonde obligeait ce transfert et offrait parfois aux captifs l’ultime possibilité tragique de se jeter à l’eau plutôt que d’affronter leur destin.
En 1990, le gouvernement béninois, avec le soutien de l’UNESCO, lança le projet Route de l’Esclave, visant à commémorer cette histoire. La Porte du Non-Retour, construite en 1995 par l’architecte béninois Fortuné Bandeira, devint le point culminant de ce projet, matérialisant le dernier passage des captifs vers l’autre monde.
La Route des Esclaves
Le parcours des captifs comprenait plusieurs étapes :
Vente et tri à la Place Chacha
Passage dans les maisons de traite et enfermement dans les Cases Zomaï
Rites à l’Arbre de l’Oubli
Marche jusqu’à la plage
Passage devant le Mémorial de Zoungbodji
Embarquement à la Porte du Non-Retour
Cette séquence rappelle l’atrocité organisée du système esclavagiste et le contrôle strict exercé sur les captifs.
3. Organisation et patrimoine architectural
Architecture et fresques
La Porte se présente comme une arche monumentale en béton, orientée vers la mer, avec des bas-reliefs représentant des hommes, femmes et enfants enchaînés.
À l’intérieur, la fresque montre des captifs marchant vers la mer, où un navire les attend.
Du côté mer, un arbre solitaire symbolise la terre natale qu’ils ne reverraient jamais.
Autour de la Porte, plusieurs sculptures et stèles commémoratives ajoutent une dimension artistique et symbolique :
Chaîne de l’Esclave (Dominique Kouas) : une famille enchaînée, entrelaçant douleur et dignité.
Esprit des Ancêtres (Yves Apollinaire Pèdé) : figure stylisée en pierre et métal, symbolisant la connexion entre vivants et morts et l’importance des cultes vaudou.
Mémorial de la Réconciliation : statues anonymes en terre cuite représentant la souffrance universelle et l’effacement identitaire.
Mémorial du Repentir : stèle en granit noir listant les principaux ports négriers et honorant la résistance africaine.
Porteuse d’Eau : bronze représentant la résilience des femmes et la continuité culturelle malgré la traite.
Mémorial des Martyrs (Zomai) : statues en bois sculpté rendant hommage aux héros locaux ayant résisté à l’esclavage.
Symbolisme
Les chaînes représentent l’asservissement physique.
Les silhouettes anonymes incarnent la perte d’identité.
Les postures de prière ou de résistance évoquent l’espoir et la résilience.
Les matériaux (bronze, terre cuite, bois) reflètent l’artisanat local et la continuité culturelle.
Le site constitue ainsi un espace à la fois historique, spirituel et artistique, invitant à la réflexion sur la mémoire et la réparation.
4. Valeur culturelle et symbolique
Un lieu de mémoire universelle
La Porte du Non-Retour rappelle :
la violence et l’inhumanité de la traite négrière,
l’ampleur du rôle d’Ouidah comme port de déportation,
la perte irrémédiable pour des centaines de milliers d’Africains,
et la mémoire collective de la diaspora africaine.
Résilience et réconciliation
Au-delà de la douleur, le site symbolise :
la continuité culturelle et spirituelle malgré la déportation,
la résilience des communautés locales,
le dialogue entre l’Afrique et sa diaspora, notamment célébré lors d’événements comme le festival Ouidah 92.
La Porte invite chaque visiteur à un voyage intérieur, transformant l’expérience historique en leçon d’humanité et de mémoire vivante.
5. 
• Le Voyage du Calao — Route des Esclaves de Ouidah, https://levoyageducalao.com/route-des-esclaves-de-ouidah/
• Voyage Avec Nous — La Route des Esclaves à Ouidah, https://voyageavecnous.com/ouidah-region-atlantique-benin/

=== SOURCES ===
• Ayiffa Tourisme — Histoire de la Porte du Non-Retour, https://ayiffatourisme.com/en/blog-lhistoire-de-la-porte-du-non-retour-a-ouidah",4666,703,135,11,4801,714,True,True,3,la porte de Non-Retour ouidah.jpg|||la porte de Non-Retour.jpg|||porte de Non-Retour ouidah.jpg,Donnees_soutenance\Ouidah\Route des Esclaves\Porte du Non-Retour\Porte_du_Non_Retour.docx,Donnees_soutenance\Ouidah\Route des Esclaves\Porte du Non-Retour,Route des Esclaves/Porte du Non-Retour,"{'source_name': 'Ayiffa Tourisme', 'description': 'Histoire de la Porte du Non-Retour', 'url': 'https://ayiffatourisme.com/en/blog-lhistoire-de-la-porte-du-non-retour-a-ouidah', 'source_type': 'blog', 'raw_text': '• Ayiffa Tourisme — Histoire de la Porte du Non-Retour, https://ayiffatourisme.com/en/blog-lhistoire-de-la-porte-du-non-retour-a-ouidah'}",https://ayiffatourisme.com/en/blog-lhistoire-de-la-porte-du-non-retour-a-ouidah,la porte de Non-Retour ouidah.jpg | la porte de Non-Retour.jpg | porte de Non-Retour ouidah.jpg
Porto Novo,Présentation de Porto-Novo,Présentation_Porto-Novo.docx,Présentation_Porto-Novo.docx,Présentation Porto-Novo,"Porto-Novo
Capitale officielle du Bénin – Ville historique, culturelle et administrative
1. Résumé
Porto-Novo, officiellement capitale du Bénin, est située au sud-est du pays, à 30 km de Cotonou et à 12 km de la frontière nigériane. Établie entre lagune et terre ferme, elle se trouve à proximité du lac Nokoué et du fleuve Ouémé, dans une région de plaines côtières, de marécages et de zones inondables. Fondée au XVIᵉ siècle par des princes Aja, la ville fut d’abord connue sous les noms de Hogbonu (Aja, Fon, Goun) et Adjatchê (Yoruba). En 1730, le Portugais Eucaristo de Campos lui donna le nom de Porto-Novo, en raison de sa ressemblance avec la ville portugaise de Porto ou, selon une autre interprétation, parce qu’elle devint un « nouveau port » dédié à la traite négrière.
Porto-Novo est aujourd’hui un centre culturel, politique et administratif majeur. Connue comme « la ville aux trois noms », elle reflète un mélange unique d’influences fon, yoruba, afro-brésiliennes et coloniales. La ville se caractérise par sa convivialité, ses traditions musicales, son syncrétisme religieux et une identité façonnée par des siècles d’échanges, de royaumes et d’histoire coloniale.
2. Historique et rôle du site
Origines et fondation
La tradition orale évoque trois chasseurs yoruba comme fondateurs originels, mais les historiens s’accordent pour situer la véritable naissance de Porto-Novo au XVIᵉ siècle, lorsque des princes Aja du royaume Ardra établissent un nouveau centre dans une zone habitée par des pêcheurs tofinnu, au bord du lac Nokoué. Après la chute d’Allada en 1724 face au royaume d’Abomey, un nouveau royaume s’organise autour de Hogbonu, gouverné par la dynastie d’Allada réfugiée.
Le royaume de Porto-Novo s’impose progressivement comme l’héritier politique d’Allada. Les récits restent cependant flous, car essentiellement fondés sur des traditions orales collectées tardivement (fin XIXᵉ siècle).
Toponymie
• Hogbonu (Aja / Fon / Goun)
• Adjatchê (Yoruba)
• Porto-Novo : nom donné en 1730 par Eucaristo de Campos en raison d’une ressemblance avec Porto, ou pour désigner un port alternatif à la traite d’Ouidah.
Développement précolonial
Du XVIIIᵉ au XIXᵉ siècle, Porto-Novo connaît une forte croissance grâce à sa proximité avec l’océan et son rôle de port de commerce. La ville devient un débouché pour l’Empire d’Oyo et un centre important pour la traite négrière transatlantique, attirant Portugais, Anglais, Français et Hollandais.
La population passe à environ 15 000 habitants à la fin du XIXᵉ siècle, marquant une forte densité pour l’époque.
Colonisation et statut administratif
• 1863 : Le roi Sodji signe un premier traité de protectorat français.
• 1882 : Traité de protectorat renforcé sous le roi Toffa 1ᵉʳ → installation officielle de l’administration française.
• 1894 : Création de la colonie du Dahomey → Porto-Novo devient capitale coloniale.
Après l’indépendance du Bénin (1960), la ville conserve son statut de capitale officielle, bien que la plupart des ministères soient installés à Cotonou.
Héritage politique et institutions
Porto-Novo abrite plusieurs institutions emblématiques :
• Assemblée Nationale (Palais des Gouverneurs) – lieu de la proclamation de l’indépendance
• Cour suprême
• Médiateur de la République
• CRIET
• Archives Nationales & Bibliothèque Nationale
3. Organisation du territoire, population et culture
Géographie
• Située à 13 km de l’océan Atlantique, séparée par une lagune
• Altitude : environ 245 m
• Superficie : 52 km²
• Limitrophes :
Akpro-Missérété, Avrankou, Adjarra (N), Sèmè-Kpodji (S), Adjarra (E), Aguégués (O)
Population
• Environ 300 000 habitants en 2022
• Majorité : Goun et Yoruba (≈80 %)
• Autres ethnies : Aja, Toffin, Mina, Sèto, Tori, Dendi, Lokpa…
• Langues : français (officiel), goun, yoruba, fon
La langue principale, le Goungbé, est décrite comme vive, taquine, pleine d’humour et structurante dans le caractère impulsif mais non rancunier des Porto-Noviennes et Porto-Noviennes.
Vie locale et identité
Porto-Novo est décrite comme un « pays » à part entière, réputé pour :
• sa convivialité et l’importance des boissons locales (sodabi)
• sa cuisine (porc grillé épicé…)
• son humour, ses moqueries et son sens de la fête
• sa diversité vestimentaire (agbada/atcho oké, chapeau gobi, pagne tissé, guélé…)
• ses rythmes : AkoNhoun, Adjogan, Kaka, Djègbé, Eyo, Massègohoun…
• ses groupes artistiques (Ballet de la capitale, Ashakata)
Religion & pratiques spirituelles
Ville très cosmopolite, Porto-Novo présente une forte diversité religieuse :
• Christianisme (églises historiques)
• Islam (mosquée afro-brésilienne)
• Vodoun : Zangbéto (berceau du culte), Oro, Kuvito (Egungun) et leurs rythmes (Talking drum, Aya, Iya ilou…)
Personnalités marquantes
La ville a vu naître ou vivre de grandes figures :
Paul Hazoumé, Marc Tovalou Quenum, Samuel B.J. Oshoffa, Sourou Migan Apithy, Adrien Houngbédji, Solange Faladé, Paulin Soumanou Vieyra, Colette Houeto, Habib Dakpogan, Alougbine Dine, Adelaïde Fassinou, Agnès Agboton, Dehoumon Adjagnon (Baba Yabo), etc.
4. Économie et développement urbain
Économie traditionnelle
• Agriculture : manioc, igname, coton
• Industries : textile, huile de palme, savon
• Activités liées au lac et au fleuve : pêche, extraction de sable
• Commerce : marchés très actifs, notamment Ouando
Économie administrative
Le statut de capitale renforce :
• l’emploi public
• l’installation d’institutions nationales
• le développement des services
Projets récents (PAG & programmes nationaux)
• Asphaltage et électrification des grandes voies
• Assainissement pluvial (14 km de collecteurs)
• Réhabilitation des maisons afro-brésiliennes (PAURAD)
• Modernisation de la gestion des déchets (SGDS-GN)
• Renforcement de la résilience climatique (lagune, lac Nokoué)
• Reconstruction des marchés Ahouangbo et Ouando
• Améliorations énergétiques (remplacement par LED)
5. Lieux historiques et culturels
Musées
• Musée ethnographique Alexandre Sènou Adandé
• Musée Honmè (Palais du roi Toffa 1ᵉʳ)
• Musée Da Silva des arts et cultures afro-brésiliennes
Monuments et lieux symboliques
• Palais du roi Toffa 1ᵉʳ
• Palais du roi des Yoruba (Aladjachè)
• Grande mosquée afro-brésilienne
• Jardin Place Jean Bayol
• Couvent Zangbéto Kpakli yao
Institutions & centres de savoir
• Assemblée Nationale
• Archives et Bibliothèque nationales
• Centre Songhaï (agroécologie, formation, incubation)
6. Valeur culturelle et symbolique
Porto-Novo est un carrefour culturel majeur du Bénin :
• Mélange unique d’influences fon, ayizo, yoruba, afro-brésiliennes et coloniales
• Ville de traditions musicales et dansées ancestrales
• Centre du syncrétisme religieux (vodoun, islam, christianisme, Egungun)
• Patrimoine architectural afro-brésilien remarquable
• Capitale politique et reflet de l’histoire nationale
La ville symbolise un espace vivant, chaleureux et profondément ancré dans ses valeurs : « Adjatchè oni bajè / Hogbonou ma gan gblé » – Porto-Novo demeurera Porto-Novo.
7. 
• Gouvernement du Bénin — Destination Bénin, Porto-Novo : condensé d’histoire et de culture, https://www.gouv.bj/article/1048/destination-benin---porto-novo--condense-histoire-culture-fete-adoucit-moeurs/
• Mappr — Porto-Novo, capitale du Bénin, https://www.mappr.co/capital-cities/benin/","• Wikipédia — Porto-Novo, https://fr.wikipedia.org/wiki/Porto-Novo",1,1,"Porto-Novo
Capitale officielle du Bénin – Ville historique, culturelle et administrative
1. Résumé
Porto-Novo, officiellement capitale du Bénin, est située au sud-est du pays, à 30 km de Cotonou et à 12 km de la frontière nigériane. Établie entre lagune et terre ferme, elle se trouve à proximité du lac Nokoué et du fleuve Ouémé, dans une région de plaines côtières, de marécages et de zones inondables. Fondée au XVIᵉ siècle par des princes Aja, la ville fut d’abord connue sous les noms de Hogbonu (Aja, Fon, Goun) et Adjatchê (Yoruba). En 1730, le Portugais Eucaristo de Campos lui donna le nom de Porto-Novo, en raison de sa ressemblance avec la ville portugaise de Porto ou, selon une autre interprétation, parce qu’elle devint un « nouveau port » dédié à la traite négrière.
Porto-Novo est aujourd’hui un centre culturel, politique et administratif majeur. Connue comme « la ville aux trois noms », elle reflète un mélange unique d’influences fon, yoruba, afro-brésiliennes et coloniales. La ville se caractérise par sa convivialité, ses traditions musicales, son syncrétisme religieux et une identité façonnée par des siècles d’échanges, de royaumes et d’histoire coloniale.
2. Historique et rôle du site
Origines et fondation
La tradition orale évoque trois chasseurs yoruba comme fondateurs originels, mais les historiens s’accordent pour situer la véritable naissance de Porto-Novo au XVIᵉ siècle, lorsque des princes Aja du royaume Ardra établissent un nouveau centre dans une zone habitée par des pêcheurs tofinnu, au bord du lac Nokoué. Après la chute d’Allada en 1724 face au royaume d’Abomey, un nouveau royaume s’organise autour de Hogbonu, gouverné par la dynastie d’Allada réfugiée.
Le royaume de Porto-Novo s’impose progressivement comme l’héritier politique d’Allada. Les récits restent cependant flous, car essentiellement fondés sur des traditions orales collectées tardivement (fin XIXᵉ siècle).
Toponymie
• Hogbonu (Aja / Fon / Goun)
• Adjatchê (Yoruba)
• Porto-Novo : nom donné en 1730 par Eucaristo de Campos en raison d’une ressemblance avec Porto, ou pour désigner un port alternatif à la traite d’Ouidah.
Développement précolonial
Du XVIIIᵉ au XIXᵉ siècle, Porto-Novo connaît une forte croissance grâce à sa proximité avec l’océan et son rôle de port de commerce. La ville devient un débouché pour l’Empire d’Oyo et un centre important pour la traite négrière transatlantique, attirant Portugais, Anglais, Français et Hollandais.
La population passe à environ 15 000 habitants à la fin du XIXᵉ siècle, marquant une forte densité pour l’époque.
Colonisation et statut administratif
• 1863 : Le roi Sodji signe un premier traité de protectorat français.
• 1882 : Traité de protectorat renforcé sous le roi Toffa 1ᵉʳ → installation officielle de l’administration française.
• 1894 : Création de la colonie du Dahomey → Porto-Novo devient capitale coloniale.
Après l’indépendance du Bénin (1960), la ville conserve son statut de capitale officielle, bien que la plupart des ministères soient installés à Cotonou.
Héritage politique et institutions
Porto-Novo abrite plusieurs institutions emblématiques :
• Assemblée Nationale (Palais des Gouverneurs) – lieu de la proclamation de l’indépendance
• Cour suprême
• Médiateur de la République
• CRIET
• Archives Nationales & Bibliothèque Nationale
3. Organisation du territoire, population et culture
Géographie
• Située à 13 km de l’océan Atlantique, séparée par une lagune
• Altitude : environ 245 m
• Superficie : 52 km²
• Limitrophes :
Akpro-Missérété, Avrankou, Adjarra (N), Sèmè-Kpodji (S), Adjarra (E), Aguégués (O)
Population
• Environ 300 000 habitants en 2022
• Majorité : Goun et Yoruba (≈80 %)
• Autres ethnies : Aja, Toffin, Mina, Sèto, Tori, Dendi, Lokpa…
• Langues : français (officiel), goun, yoruba, fon
La langue principale, le Goungbé, est décrite comme vive, taquine, pleine d’humour et structurante dans le caractère impulsif mais non rancunier des Porto-Noviennes et Porto-Noviennes.
Vie locale et identité
Porto-Novo est décrite comme un « pays » à part entière, réputé pour :
• sa convivialité et l’importance des boissons locales (sodabi)
• sa cuisine (porc grillé épicé…)
• son humour, ses moqueries et son sens de la fête
• sa diversité vestimentaire (agbada/atcho oké, chapeau gobi, pagne tissé, guélé…)
• ses rythmes : AkoNhoun, Adjogan, Kaka, Djègbé, Eyo, Massègohoun…
• ses groupes artistiques (Ballet de la capitale, Ashakata)
Religion & pratiques spirituelles
Ville très cosmopolite, Porto-Novo présente une forte diversité religieuse :
• Christianisme (églises historiques)
• Islam (mosquée afro-brésilienne)
• Vodoun : Zangbéto (berceau du culte), Oro, Kuvito (Egungun) et leurs rythmes (Talking drum, Aya, Iya ilou…)
Personnalités marquantes
La ville a vu naître ou vivre de grandes figures :
Paul Hazoumé, Marc Tovalou Quenum, Samuel B.J. Oshoffa, Sourou Migan Apithy, Adrien Houngbédji, Solange Faladé, Paulin Soumanou Vieyra, Colette Houeto, Habib Dakpogan, Alougbine Dine, Adelaïde Fassinou, Agnès Agboton, Dehoumon Adjagnon (Baba Yabo), etc.
4. Économie et développement urbain
Économie traditionnelle
• Agriculture : manioc, igname, coton
• Industries : textile, huile de palme, savon
• Activités liées au lac et au fleuve : pêche, extraction de sable
• Commerce : marchés très actifs, notamment Ouando
Économie administrative
Le statut de capitale renforce :
• l’emploi public
• l’installation d’institutions nationales
• le développement des services
Projets récents (PAG & programmes nationaux)
• Asphaltage et électrification des grandes voies
• Assainissement pluvial (14 km de collecteurs)
• Réhabilitation des maisons afro-brésiliennes (PAURAD)
• Modernisation de la gestion des déchets (SGDS-GN)
• Renforcement de la résilience climatique (lagune, lac Nokoué)
• Reconstruction des marchés Ahouangbo et Ouando
• Améliorations énergétiques (remplacement par LED)
5. Lieux historiques et culturels
Musées
• Musée ethnographique Alexandre Sènou Adandé
• Musée Honmè (Palais du roi Toffa 1ᵉʳ)
• Musée Da Silva des arts et cultures afro-brésiliennes
Monuments et lieux symboliques
• Palais du roi Toffa 1ᵉʳ
• Palais du roi des Yoruba (Aladjachè)
• Grande mosquée afro-brésilienne
• Jardin Place Jean Bayol
• Couvent Zangbéto Kpakli yao
Institutions & centres de savoir
• Assemblée Nationale
• Archives et Bibliothèque nationales
• Centre Songhaï (agroécologie, formation, incubation)
6. Valeur culturelle et symbolique
Porto-Novo est un carrefour culturel majeur du Bénin :
• Mélange unique d’influences fon, ayizo, yoruba, afro-brésiliennes et coloniales
• Ville de traditions musicales et dansées ancestrales
• Centre du syncrétisme religieux (vodoun, islam, christianisme, Egungun)
• Patrimoine architectural afro-brésilien remarquable
• Capitale politique et reflet de l’histoire nationale
La ville symbolise un espace vivant, chaleureux et profondément ancré dans ses valeurs : « Adjatchè oni bajè / Hogbonou ma gan gblé » – Porto-Novo demeurera Porto-Novo.
7. 
• Gouvernement du Bénin — Destination Bénin, Porto-Novo : condensé d’histoire et de culture, https://www.gouv.bj/article/1048/destination-benin---porto-novo--condense-histoire-culture-fete-adoucit-moeurs/
• Mappr — Porto-Novo, capitale du Bénin, https://www.mappr.co/capital-cities/benin/

=== SOURCES ===
• Wikipédia — Porto-Novo, https://fr.wikipedia.org/wiki/Porto-Novo",7272,1080,66,5,7338,1085,True,True,0,Aucune,Donnees_soutenance\Porto Novo\Présentation de Porto-Novo\Présentation_Porto-Novo.docx,Donnees_soutenance\Porto Novo\Présentation de Porto-Novo,Présentation de Porto-Novo/Présentation_Porto-Novo.docx,"{'source_name': 'Wikipédia', 'description': 'Porto-Novo', 'url': 'https://fr.wikipedia.org/wiki/Porto-Novo', 'source_type': 'wikipédia', 'raw_text': '• Wikipédia — Porto-Novo, https://fr.wikipedia.org/wiki/Porto-Novo'}",https://fr.wikipedia.org/wiki/Porto-Novo,
Porto Novo,Rois de Porto-Novo,Toffa_Ier.docx,Toffa_Ier.docx,Toffa Ier,"Toffa Ier (vers 1874 – 1908)
Roi de Porto-Novo (Hogbonou) – Souverain diplomate entre influences dahoméennes, anglaises et françaises
1. Résumé
Toffa Ier, né dans les années 1850 et mort en 1908, règne sur Porto-Novo de 1874 à 1908. Souverain au cœur d’une région marquée par les rivalités coloniales et les ambitions expansionnistes, il navigue habilement entre alliances et tensions avec le royaume du Dahomey, l’Angleterre et la France.
Son règne débute après une période d’exil et de luttes de succession, puis se caractérise par une série de stratégies diplomatiques visant à préserver l’autonomie de Porto-Novo face aux puissances voisines.
En 1882, il signe un protectorat avec la France pour contrer les influences anglaises et la pression militaire du Dahomey. Ce choix politique engage Porto-Novo dans une collaboration qui facilitera les campagnes militaires françaises contre le Dahomey. À sa mort en 1908, malgré ses protestations contre plusieurs lois coloniales, Porto-Novo est finalement annexée à la colonie du Dahomey.
2. Biographie complète
Origines et jeunesse en exil
Toffa Ier est le fils du roi Sodji (1848–1864).
Lorsque Mikpon s’empare du pouvoir en 1864, Toffa est contraint de s’exiler successivement à Tori puis à Lagos. Les autorités anglaises cherchent alors à l’encourager à reprendre le trône par la force, mais Toffa refuse cette voie conflictuelle.
Il se rend ensuite à la cour d’Abomey, où il est reçu avec bienveillance par Da-Da Glélé Kini-Kini, roi du Dahomey.
Retour à Porto-Novo et accession au trône
En 1872, Mési succède à Mikpon mais meurt deux ans plus tard.
Toffa saisit alors l’opportunité : il revient à Porto-Novo accompagné de 200 soldats envoyés par le Dahomey, chasse le prince Sogningbé — prétendant à la succession — et est sacré roi le 16 septembre 1874.
Alliances, conflits et stratégies diplomatiques
Face aux ambitions du Dahomey et aux manœuvres britanniques qui avaient retiré Dangbo et Kéténou de son autorité, Toffa cherche une alternative.
En 1882, il signe avec la France un protectorat qui lui offre une protection stratégique.
Grâce à l’appui militaire français, il conquiert Dangbo et Kéténou, tandis que leur roi, Houngbo, est déporté à Gorée.
Les guerres du Dahomey et la rupture définitive avec Abomey
En 1889, le Dahomey lance une offensive : Porto-Novo est pillée, ainsi que le palais Honmè. Contraint de se replier, Toffa s’aligne dès lors définitivement du côté français.
Porto-Novo devient alors une base stratégique pour les expéditions françaises lors de la première et de la seconde guerre du Dahomey (1890–1894).
Toffa fournit environ 2 000 porteurs, recrutés parfois de gré, parfois de force. Les Français le rémunèrent par une prime versée pour chaque porteur fourni.
Récompenses, autorité et contestations
Après la victoire française, Toffa reçoit en présent un élément symbolique majeur :
le trône en bois doré d’Abomey, pris après la chute du roi Béhanzin.
Il ajoute alors à sa titulature « maître de Béhanzin ».
Avec la création officielle de la colonie française du Dahomey, Porto-Novo conserve une indépendance théorique.
Dans les faits, l’autonomie diminue progressivement, entraînant les protestations régulières de Toffa dans les années 1900.
Il s’oppose notamment à l’application de nouvelles lois coloniales et à l’instauration de nouvelles taxes.
Fin de règne et décès
Toffa Ier meurt en 1908.
À sa disparition, Porto-Novo est annexée officiellement à la colonie du Dahomey, perdant l’autonomie qu’il avait tenté de préserver durant plus de trois décennies.
3. Symboles, influence et héritage
Un roi diplomate dans un contexte complexe
Son règne incarne la difficulté pour un petit royaume de survivre aux influences simultanées :
du Dahomey, puissance militaire régionale ;
de l’Angleterre, active dans la zone côtière ;
de la France, en pleine expansion coloniale.
Héritage politique
• Toffa laisse l’image d’un souverain stratège, souvent contraint à des alliances difficiles pour maintenir l’existence politique de Porto-Novo.
• Ses décisions, notamment le protectorat français, ont profondément influencé l’histoire de la capitale.
• Sa mort marque la fin de l’indépendance de Porto-Novo.
Mémoire locale
• Le palais Honmè, pillé en 1889 mais toujours debout, constitue aujourd’hui l’un des principaux lieux associés à son histoire.
• Sa statue est érigée sur la Place Jean Bayol, rappelant son rôle fondateur dans l’histoire moderne de la ville.
4.","• Wikipédia (FR) — Toffa, https://fr.wikipedia.org/wiki/Toffa",1,1,"Toffa Ier (vers 1874 – 1908)
Roi de Porto-Novo (Hogbonou) – Souverain diplomate entre influences dahoméennes, anglaises et françaises
1. Résumé
Toffa Ier, né dans les années 1850 et mort en 1908, règne sur Porto-Novo de 1874 à 1908. Souverain au cœur d’une région marquée par les rivalités coloniales et les ambitions expansionnistes, il navigue habilement entre alliances et tensions avec le royaume du Dahomey, l’Angleterre et la France.
Son règne débute après une période d’exil et de luttes de succession, puis se caractérise par une série de stratégies diplomatiques visant à préserver l’autonomie de Porto-Novo face aux puissances voisines.
En 1882, il signe un protectorat avec la France pour contrer les influences anglaises et la pression militaire du Dahomey. Ce choix politique engage Porto-Novo dans une collaboration qui facilitera les campagnes militaires françaises contre le Dahomey. À sa mort en 1908, malgré ses protestations contre plusieurs lois coloniales, Porto-Novo est finalement annexée à la colonie du Dahomey.
2. Biographie complète
Origines et jeunesse en exil
Toffa Ier est le fils du roi Sodji (1848–1864).
Lorsque Mikpon s’empare du pouvoir en 1864, Toffa est contraint de s’exiler successivement à Tori puis à Lagos. Les autorités anglaises cherchent alors à l’encourager à reprendre le trône par la force, mais Toffa refuse cette voie conflictuelle.
Il se rend ensuite à la cour d’Abomey, où il est reçu avec bienveillance par Da-Da Glélé Kini-Kini, roi du Dahomey.
Retour à Porto-Novo et accession au trône
En 1872, Mési succède à Mikpon mais meurt deux ans plus tard.
Toffa saisit alors l’opportunité : il revient à Porto-Novo accompagné de 200 soldats envoyés par le Dahomey, chasse le prince Sogningbé — prétendant à la succession — et est sacré roi le 16 septembre 1874.
Alliances, conflits et stratégies diplomatiques
Face aux ambitions du Dahomey et aux manœuvres britanniques qui avaient retiré Dangbo et Kéténou de son autorité, Toffa cherche une alternative.
En 1882, il signe avec la France un protectorat qui lui offre une protection stratégique.
Grâce à l’appui militaire français, il conquiert Dangbo et Kéténou, tandis que leur roi, Houngbo, est déporté à Gorée.
Les guerres du Dahomey et la rupture définitive avec Abomey
En 1889, le Dahomey lance une offensive : Porto-Novo est pillée, ainsi que le palais Honmè. Contraint de se replier, Toffa s’aligne dès lors définitivement du côté français.
Porto-Novo devient alors une base stratégique pour les expéditions françaises lors de la première et de la seconde guerre du Dahomey (1890–1894).
Toffa fournit environ 2 000 porteurs, recrutés parfois de gré, parfois de force. Les Français le rémunèrent par une prime versée pour chaque porteur fourni.
Récompenses, autorité et contestations
Après la victoire française, Toffa reçoit en présent un élément symbolique majeur :
le trône en bois doré d’Abomey, pris après la chute du roi Béhanzin.
Il ajoute alors à sa titulature « maître de Béhanzin ».
Avec la création officielle de la colonie française du Dahomey, Porto-Novo conserve une indépendance théorique.
Dans les faits, l’autonomie diminue progressivement, entraînant les protestations régulières de Toffa dans les années 1900.
Il s’oppose notamment à l’application de nouvelles lois coloniales et à l’instauration de nouvelles taxes.
Fin de règne et décès
Toffa Ier meurt en 1908.
À sa disparition, Porto-Novo est annexée officiellement à la colonie du Dahomey, perdant l’autonomie qu’il avait tenté de préserver durant plus de trois décennies.
3. Symboles, influence et héritage
Un roi diplomate dans un contexte complexe
Son règne incarne la difficulté pour un petit royaume de survivre aux influences simultanées :
du Dahomey, puissance militaire régionale ;
de l’Angleterre, active dans la zone côtière ;
de la France, en pleine expansion coloniale.
Héritage politique
• Toffa laisse l’image d’un souverain stratège, souvent contraint à des alliances difficiles pour maintenir l’existence politique de Porto-Novo.
• Ses décisions, notamment le protectorat français, ont profondément influencé l’histoire de la capitale.
• Sa mort marque la fin de l’indépendance de Porto-Novo.
Mémoire locale
• Le palais Honmè, pillé en 1889 mais toujours debout, constitue aujourd’hui l’un des principaux lieux associés à son histoire.
• Sa statue est érigée sur la Place Jean Bayol, rappelant son rôle fondateur dans l’histoire moderne de la ville.
4.

=== SOURCES ===
• Wikipédia (FR) — Toffa, https://fr.wikipedia.org/wiki/Toffa",4445,691,61,6,4506,697,True,True,3,Roi Toffa 1er.jpg|||Roi Toffa vers 1890.jpg|||statue du roi Toffa 1er à Porto Novo.jpg,Donnees_soutenance\Porto Novo\Rois de Porto-Novo\Toffa_Ier.docx,Donnees_soutenance\Porto Novo\Rois de Porto-Novo,Rois de Porto-Novo/Toffa_Ier.docx,"{'source_name': 'Wikipédia (FR)', 'description': 'Toffa', 'url': 'https://fr.wikipedia.org/wiki/Toffa', 'source_type': 'wikipédia', 'raw_text': '• Wikipédia (FR) — Toffa, https://fr.wikipedia.org/wiki/Toffa'}",https://fr.wikipedia.org/wiki/Toffa,Roi Toffa 1er.jpg | Roi Toffa vers 1890.jpg | statue du roi Toffa 1er à Porto Novo.jpg
Porto Novo,Monuments et Musées,Grande Mosquée afro-brésilienne,La_Grande_Mosquée_de_Porto-Novo.docx,La Grande Mosquée de Porto-Novo,"La Grande Mosquée de Porto-Novo
Monument afro-brésilien unique en Afrique — Témoignage des influences brésiliennes, yoruba et haoussa
1. Résumé
La Grande Mosquée de Porto-Novo est l’un des édifices religieux les plus emblématiques du Bénin. Située près du marché central de la capitale, elle se distingue par son architecture afro-brésilienne spectaculaire, unique sur le continent africain.
Construit à l’origine comme une église au début du XXᵉ siècle, l’édifice sera ensuite transformé en mosquée, reflétant la rencontre de plusieurs cultures : l’héritage afro-brésilien, les influences islamiques haoussa et yoruba, et l’évolution sociale de Porto-Novo après l’abolition de l’esclavage.
Sa façade aux couleurs vives, ses tours carrées, ses décors géométriques, son plan en croix latine et ses symboles islamiques témoignent de l’histoire mouvementée de la ville et des retours massifs d’esclaves affranchis venus du Brésil à partir de 1870.
C’est un monument classé aux Monuments historiques, au cœur d’une cité elle-même inscrite par l’UNESCO.
2. Histoire complète du site
Origines religieuses et transformation de la ville
Porto-Novo était historiquement une ville à majorité animiste.
À partir du XIXᵉ siècle, l’islam s’y implante grâce aux marchands haoussa et yoruba venus du Nigeria.
Le roi Sodji, constatant la croissance de la communauté musulmane, nomme un chef spirituel et lui attribue un domaine près du palais royal.
Première mosquée
Une première mosquée est construite dans les années 1880.
Elle sera déplacée car les voisins se plaignaient de l’appel du muezzin.
Construction de la grande mosquée
Le bâtiment actuel, daté de 1935, est un témoin majeur de l’élaboration d’un langage architectural original mêlant styles islamique, chrétien et afro-brésilien.
Au début du projet, une délégation est envoyée à Lagos (Nigeria) pour étudier la grande mosquée locale, elle-même inspirée des églises brésiliennes, notamment la cathédrale de San Salvador de Bahia.
Influence afro-brésilienne
Les anciens esclaves affranchis revenus du Brésil après 1870 jouent un rôle clé dans l’édification de la mosquée.
Leur communauté, initialement animiste et liée au Vodun, adopte progressivement l’islam au contact des populations yoruba et haoussa.
Ils construisent donc un édifice reflétant à la fois :
leur identité afro-brésilienne,
leur nouvelle foi musulmane,
et l’esthétique architecturale brésilienne.
3. Architecture, organisation et caractéristiques stylistiques
La Grande Mosquée est remarquée pour sa configuration exceptionnelle : un édifice islamique construit sur la base d’une architecture chrétienne brésilienne.
Structure générale
L’édifice couvre 3 700 m² de plancher, répartis sur deux étages.
L’intérieur comprend deux grandes salles de prière entièrement carrelées.
Le rez-de-chaussée comporte des coursives et des annexes.
Façade principale afro-brésilienne
Façade de style brésilien, copie quasi exacte de la cathédrale de San Salvador de Bahia, mais avec un croissant à la place de la croix.
Chapiteau triangulaire surmontant l’édifice, aux lignes ondulantes.
Deux tours carrées encadrent la façade.
Nombreuses ouvertures en forme de lancettes, empruntées à l’architecture chrétienne.
Décor coloré et abondant :
piliers carrés verticaux,
strates horizontales ocre ou jaune clair,
corniches sculptées.
Structure en croix latine
La mosquée possède étonnamment un plan en croix latine, hérité de la structure d’origine de l’église.
Façade arrière
Composition plus classique à trois niveaux.
Colonnes saillantes décorées de motifs floraux ou géométriques.
Fenêtres rectangulaires à chapiteau en berceau.
Symboles islamiques
Étoile à cinq branches (cinq piliers de l’islam).
Croissant de lune (calendrier lunaire, fin du Ramadan).
Ces symboles remplacent la croix et les icônes chrétiennes.
Intérieur
Grande salle de prière bordée d’une galerie lumineuse.
Plafond en berceau surmonté d’une corniche en bois à clef pendante.
Chaire à prêcher située sur une estrade accessible par escalier.
Décor intérieur volontairement sobre, conformément à la tradition islamique, contrastant avec la richesse de la façade.
État actuel
Les peintures extérieures sont fortement dégradées par le temps.
Une restauration est délicate car les techniques originales ont été perdues, ce qui freine les travaux.
4. Patrimoine, importance culturelle et statut
Monument religieux majeur de Porto-Novo.
Chef-d’œuvre de l’architecture afro-brésilienne islamique.
Témoin de l’histoire du retour des Afro-Brésiliens au Bénin.
Inscrite aux Monuments historiques.
Située dans une cité reconnue par l’UNESCO.
Reflète la transformation urbaine, économique et sociale de Porto-Novo après l’abolition de l’esclavage.
5. 
https://www.mappr.co/capital-cities/benin/
• Wikipédia (FR) — Grande mosquée de Porto-Novo,
https://fr.wikipedia.org/wiki/Grande_mosqu%C3%A9e_de_Porto-Novo
• Bénin Miton — La grande mosquée de Porto-Novo,
https://beninmiton.com/listing/la-grande-mosquee-de-porto-novo/","• Mappr — Grande Mosquée de Porto-Novo,",1,0,"La Grande Mosquée de Porto-Novo
Monument afro-brésilien unique en Afrique — Témoignage des influences brésiliennes, yoruba et haoussa
1. Résumé
La Grande Mosquée de Porto-Novo est l’un des édifices religieux les plus emblématiques du Bénin. Située près du marché central de la capitale, elle se distingue par son architecture afro-brésilienne spectaculaire, unique sur le continent africain.
Construit à l’origine comme une église au début du XXᵉ siècle, l’édifice sera ensuite transformé en mosquée, reflétant la rencontre de plusieurs cultures : l’héritage afro-brésilien, les influences islamiques haoussa et yoruba, et l’évolution sociale de Porto-Novo après l’abolition de l’esclavage.
Sa façade aux couleurs vives, ses tours carrées, ses décors géométriques, son plan en croix latine et ses symboles islamiques témoignent de l’histoire mouvementée de la ville et des retours massifs d’esclaves affranchis venus du Brésil à partir de 1870.
C’est un monument classé aux Monuments historiques, au cœur d’une cité elle-même inscrite par l’UNESCO.
2. Histoire complète du site
Origines religieuses et transformation de la ville
Porto-Novo était historiquement une ville à majorité animiste.
À partir du XIXᵉ siècle, l’islam s’y implante grâce aux marchands haoussa et yoruba venus du Nigeria.
Le roi Sodji, constatant la croissance de la communauté musulmane, nomme un chef spirituel et lui attribue un domaine près du palais royal.
Première mosquée
Une première mosquée est construite dans les années 1880.
Elle sera déplacée car les voisins se plaignaient de l’appel du muezzin.
Construction de la grande mosquée
Le bâtiment actuel, daté de 1935, est un témoin majeur de l’élaboration d’un langage architectural original mêlant styles islamique, chrétien et afro-brésilien.
Au début du projet, une délégation est envoyée à Lagos (Nigeria) pour étudier la grande mosquée locale, elle-même inspirée des églises brésiliennes, notamment la cathédrale de San Salvador de Bahia.
Influence afro-brésilienne
Les anciens esclaves affranchis revenus du Brésil après 1870 jouent un rôle clé dans l’édification de la mosquée.
Leur communauté, initialement animiste et liée au Vodun, adopte progressivement l’islam au contact des populations yoruba et haoussa.
Ils construisent donc un édifice reflétant à la fois :
leur identité afro-brésilienne,
leur nouvelle foi musulmane,
et l’esthétique architecturale brésilienne.
3. Architecture, organisation et caractéristiques stylistiques
La Grande Mosquée est remarquée pour sa configuration exceptionnelle : un édifice islamique construit sur la base d’une architecture chrétienne brésilienne.
Structure générale
L’édifice couvre 3 700 m² de plancher, répartis sur deux étages.
L’intérieur comprend deux grandes salles de prière entièrement carrelées.
Le rez-de-chaussée comporte des coursives et des annexes.
Façade principale afro-brésilienne
Façade de style brésilien, copie quasi exacte de la cathédrale de San Salvador de Bahia, mais avec un croissant à la place de la croix.
Chapiteau triangulaire surmontant l’édifice, aux lignes ondulantes.
Deux tours carrées encadrent la façade.
Nombreuses ouvertures en forme de lancettes, empruntées à l’architecture chrétienne.
Décor coloré et abondant :
piliers carrés verticaux,
strates horizontales ocre ou jaune clair,
corniches sculptées.
Structure en croix latine
La mosquée possède étonnamment un plan en croix latine, hérité de la structure d’origine de l’église.
Façade arrière
Composition plus classique à trois niveaux.
Colonnes saillantes décorées de motifs floraux ou géométriques.
Fenêtres rectangulaires à chapiteau en berceau.
Symboles islamiques
Étoile à cinq branches (cinq piliers de l’islam).
Croissant de lune (calendrier lunaire, fin du Ramadan).
Ces symboles remplacent la croix et les icônes chrétiennes.
Intérieur
Grande salle de prière bordée d’une galerie lumineuse.
Plafond en berceau surmonté d’une corniche en bois à clef pendante.
Chaire à prêcher située sur une estrade accessible par escalier.
Décor intérieur volontairement sobre, conformément à la tradition islamique, contrastant avec la richesse de la façade.
État actuel
Les peintures extérieures sont fortement dégradées par le temps.
Une restauration est délicate car les techniques originales ont été perdues, ce qui freine les travaux.
4. Patrimoine, importance culturelle et statut
Monument religieux majeur de Porto-Novo.
Chef-d’œuvre de l’architecture afro-brésilienne islamique.
Témoin de l’histoire du retour des Afro-Brésiliens au Bénin.
Inscrite aux Monuments historiques.
Située dans une cité reconnue par l’UNESCO.
Reflète la transformation urbaine, économique et sociale de Porto-Novo après l’abolition de l’esclavage.
5. 
https://www.mappr.co/capital-cities/benin/
• Wikipédia (FR) — Grande mosquée de Porto-Novo,
https://fr.wikipedia.org/wiki/Grande_mosqu%C3%A9e_de_Porto-Novo
• Bénin Miton — La grande mosquée de Porto-Novo,
https://beninmiton.com/listing/la-grande-mosquee-de-porto-novo/

=== SOURCES ===
• Mappr — Grande Mosquée de Porto-Novo,",4976,687,39,7,5015,694,True,True,2,La grande mosquée de Porto-Novo.jpg|||La grande mosquée de Porto-Novo_1.jpg,Donnees_soutenance\Porto Novo\Monuments et Musées\Grande Mosquée afro-brésilienne\La_Grande_Mosquée_de_Porto-Novo.docx,Donnees_soutenance\Porto Novo\Monuments et Musées\Grande Mosquée afro-brésilienne,Monuments et Musées/Grande Mosquée afro-brésilienne,"{'source_name': '', 'description': 'Mappr — Grande Mosquée de Porto-Novo,', 'url': '', 'source_type': 'texte', 'raw_text': '• Mappr — Grande Mosquée de Porto-Novo,'}",,La grande mosquée de Porto-Novo.jpg | La grande mosquée de Porto-Novo_1.jpg
Porto Novo,Monuments et Musées,Jardin-Place Bayol,Jardin_Place_Jean_Bayol.docx,Jardin Place Jean Bayol,"Jardin Place Jean Bayol – Porto-Novo
Plus grande place publique de Porto-Novo – Lieu historique et espace de détente
1. Résumé
Le Jardin Place Jean Bayol, situé en plein cœur de Porto-Novo, est la plus grande place publique de la ville et l’un de ses espaces verts les plus emblématiques.
Lieu de détente privilégié pour les habitants comme pour les visiteurs, ce jardin urbain permet d’observer la vie locale, de profiter d’un cadre paisible et d’admirer l’architecture coloniale qui l’entoure.
La place constitue également un haut lieu historique, puisqu’elle abrite la statue du roi Toffa Ier, figure majeure de Porto-Novo.
Nommée en hommage à Jean Bayol, administrateur colonial français, elle reflète une partie de l’histoire urbaine et politique de la capitale.
2. Histoire complète du site
Origines et dénomination
La place porte le nom de Jean Bayol, administrateur colonial français ayant marqué l’histoire de la ville. Sa création s’inscrit dans la mise en place des grands espaces publics durant la période coloniale, conçus pour structurer l’organisation urbaine de Porto-Novo.
Évolution historique
Au fil des décennies, le jardin est devenu :
un repère central pour les habitants,
un espace de rassemblement,
un lieu mémoriel, grâce à la présence de la statue du roi Toffa Ier.
Cette statue rappelle le rôle déterminant du souverain dans le développement politique et culturel de la capitale.
3. Architecture et aménagements
Le Jardin Place Jean Bayol se distingue par :
son vaste espace ouvert, qui en fait la plus grande place publique de Porto-Novo ;
ses zones arborées et ombragées, parfaites pour se reposer ;
ses allées piétonnes permettant d’observer la vie quotidienne de la ville ;
son environnement d’architecture coloniale, visible dans les bâtiments qui bordent la place.
L’ensemble crée un décor harmonieux, alliant nature, patrimoine et urbanisme.
4. Importance culturelle et usages
La place joue plusieurs rôles dans la vie locale :
Lieu de détente et de rencontre
Les habitants s’y rendent pour :
se reposer,
discuter,
observer les passants,
profiter du calme en plein centre-ville.
Espace symbolique
La présence de la statue du roi Toffa Ier en fait un lieu chargé d’histoire, où se mêlent mémoire royale et passé colonial.
Patrimoine urbain
Pour les visiteurs, c’est un site idéal pour :
ressentir l’ambiance authentique de Porto-Novo,
admirer les bâtiments anciens,
comprendre l’évolution historique de la capitale.
5. 
• Benin Miton — Jardin Place Jean Bayol, https://beninmiton.com/listing/jardin-place-jean-bayol/","• Mappr — Capitales du monde : Porto-Novo, https://www.mappr.co/capital-cities/benin/",1,1,"Jardin Place Jean Bayol – Porto-Novo
Plus grande place publique de Porto-Novo – Lieu historique et espace de détente
1. Résumé
Le Jardin Place Jean Bayol, situé en plein cœur de Porto-Novo, est la plus grande place publique de la ville et l’un de ses espaces verts les plus emblématiques.
Lieu de détente privilégié pour les habitants comme pour les visiteurs, ce jardin urbain permet d’observer la vie locale, de profiter d’un cadre paisible et d’admirer l’architecture coloniale qui l’entoure.
La place constitue également un haut lieu historique, puisqu’elle abrite la statue du roi Toffa Ier, figure majeure de Porto-Novo.
Nommée en hommage à Jean Bayol, administrateur colonial français, elle reflète une partie de l’histoire urbaine et politique de la capitale.
2. Histoire complète du site
Origines et dénomination
La place porte le nom de Jean Bayol, administrateur colonial français ayant marqué l’histoire de la ville. Sa création s’inscrit dans la mise en place des grands espaces publics durant la période coloniale, conçus pour structurer l’organisation urbaine de Porto-Novo.
Évolution historique
Au fil des décennies, le jardin est devenu :
un repère central pour les habitants,
un espace de rassemblement,
un lieu mémoriel, grâce à la présence de la statue du roi Toffa Ier.
Cette statue rappelle le rôle déterminant du souverain dans le développement politique et culturel de la capitale.
3. Architecture et aménagements
Le Jardin Place Jean Bayol se distingue par :
son vaste espace ouvert, qui en fait la plus grande place publique de Porto-Novo ;
ses zones arborées et ombragées, parfaites pour se reposer ;
ses allées piétonnes permettant d’observer la vie quotidienne de la ville ;
son environnement d’architecture coloniale, visible dans les bâtiments qui bordent la place.
L’ensemble crée un décor harmonieux, alliant nature, patrimoine et urbanisme.
4. Importance culturelle et usages
La place joue plusieurs rôles dans la vie locale :
Lieu de détente et de rencontre
Les habitants s’y rendent pour :
se reposer,
discuter,
observer les passants,
profiter du calme en plein centre-ville.
Espace symbolique
La présence de la statue du roi Toffa Ier en fait un lieu chargé d’histoire, où se mêlent mémoire royale et passé colonial.
Patrimoine urbain
Pour les visiteurs, c’est un site idéal pour :
ressentir l’ambiance authentique de Porto-Novo,
admirer les bâtiments anciens,
comprendre l’évolution historique de la capitale.
5. 
• Benin Miton — Jardin Place Jean Bayol, https://beninmiton.com/listing/jardin-place-jean-bayol/

=== SOURCES ===
• Mappr — Capitales du monde : Porto-Novo, https://www.mappr.co/capital-cities/benin/",2548,393,85,9,2633,402,True,True,2,Jardin Place Jean Bayol_2.jpg|||Jardin Place Jean Bayol_3.jpg,Donnees_soutenance\Porto Novo\Monuments et Musées\Jardin-Place Bayol\Jardin_Place_Jean_Bayol.docx,Donnees_soutenance\Porto Novo\Monuments et Musées\Jardin-Place Bayol,Monuments et Musées/Jardin-Place Bayol,"{'source_name': 'Mappr', 'description': 'Capitales du monde : Porto-Novo', 'url': 'https://www.mappr.co/capital-cities/benin/', 'source_type': 'autre', 'raw_text': '• Mappr — Capitales du monde : Porto-Novo, https://www.mappr.co/capital-cities/benin/'}",https://www.mappr.co/capital-cities/benin/,Jardin Place Jean Bayol_2.jpg | Jardin Place Jean Bayol_3.jpg
Porto Novo,Monuments et Musées,Musée Da Silva,Musée_Da_Silva.docx,Musée Da Silva,"Musée Da Silva – Porto-Novo
Héritage afro-brésilien et mémoire de la traite négrière
1. Résumé
Le Musée Da Silva, inauguré en 1998 à Porto-Novo, est l’un des lieux les plus importants du Bénin pour comprendre l’influence afro-brésilienne et l’histoire de la traite négrière. Installé dans une maison afro-brésilienne du XIXᵉ siècle, autrefois propriété d’une famille Agouda, le musée retrace les parcours, les échanges culturels et les mémoires partagées entre l’Afrique, le Brésil et le Portugal.
Il présente une riche collection d’objets historiques, de fresques mémorielles, de photographies anciennes et de salles thématiques dédiées à :
la civilisation africaine,
la culture gréco-romaine,
les personnalités noires célèbres,
les femmes,
le patrimoine musical afro-descendant.
Le Musée Da Silva est aujourd’hui un pilier de la patrimonialisation initiée au Bénin dans les années 1990 et un espace essentiel pour comprendre l’identité afro-brésilienne du pays.
2. Histoire complète du site et du musée
Origines et création du musée
Le musée a été fondé par Karim da Silva, figure de la communauté afro-brésilienne, avec pour mission :
de préserver la mémoire de la traite négrière,
de valoriser le patrimoine culturel des Afro-Brésiliens,
de documenter les interactions entre les mondes africain, brésilien et portugais.
Le site s’inscrit dans le mouvement de patrimonialisation lancé au Bénin au début des années 1990, une période où l’histoire de l’esclavage et le retour des descendants d’esclaves libérés ont commencé à être institutionnellement reconnus.
Le musée a été inauguré le 2 novembre 1998, en présence du président Mathieu Kérékou, soulignant son importance nationale.
La communauté Agouda et le patrimoine afro-brésilien
La maison du musée appartenait à une famille Agouda, descendants d’Africains déportés au Brésil puis revenus au XIXᵉ siècle.
Ces familles ont fortement marqué :
l’architecture,
l’artisanat,
la religion,
les traditions culinaires de Porto-Novo.
Le musée constitue aujourd’hui l’un des rares espaces permettant de comprendre ce métissage historique unique.
3. Architecture et organisation du musée
Une maison afro-brésilienne du XIXᵉ siècle
Le bâtiment qui abrite le musée fut construit en 1890. Il reflète parfaitement l’architecture afro-brésilienne de Porto-Novo, caractérisée par :
des façades ornées,
une cour intérieure,
des balcons inspirés du style colonial brésilien,
une structure adaptée au climat local,
un ameublement d’époque conservé dans certaines pièces.
Des photographies anciennes sont accrochées aux murs, témoignant de la vie des familles Agouda et de l’histoire de Porto-Novo.
Une fresque extérieure dédiée à la mémoire
Le long de la clôture du musée, une fresque monumentale retrace :
le parcours du commerce triangulaire,
les marches forcées des esclaves,
les routes de déportation et de retour.
Elle porte le nom :
« Devoir de mémoire de l’esclavagisme européen », soulignant la vocation pédagogique du musée.
4. Collections et espaces d’exposition
Le Musée Da Silva présente des collections plus modestes en taille que les grands musées internationaux, mais leur importance culturelle et mémorielle est majeure.
Parmi les salles thématiques, on trouve :
• Salle de la civilisation africaine
Objets, représentations et documents retraçant les cultures et traditions africaines précoloniales et contemporaines.
• Salle de la civilisation gréco-romaine
Une particularité du musée : mettre en regard l’histoire africaine avec l’héritage classique, pour montrer les influences croisées dans l’éducation coloniale.
• Salle dédiée aux grandes figures noires
Personnalités marquantes de l’histoire africaine, afro-brésilienne et de la diaspora.
• Salle des femmes
Espace consacré aux rôles féminins dans l’histoire afro-descendante.
• Patrimoine musical des Noirs
Instruments, rythmes et traditions musicales héritées d’Afrique et recomposées au Brésil puis ramenées au Bénin.
5. Rôle culturel et mémoriel
Le Musée Da Silva joue un rôle central dans la compréhension :
de la mémoire de l’esclavage,
des retours afro-brésiliens au Bénin,
du patrimoine métissé entre Afrique et Brésil,
des identités Agouda.
Il constitue également :
un espace d’éducation pour les jeunes générations,
un lieu de recherche pour les spécialistes,
un symbole de la réconciliation historique avec le passé de la traite.
6. 
• Wikipédia (FR) — Musée Da-Silva, https://fr.wikipedia.org/wiki/Mus%C3%A9e_Da-Silva","• MAPPR — Benin Capital Cities (Musée da Silva), https://www.mappr.co/capital-cities/benin/",1,1,"Musée Da Silva – Porto-Novo
Héritage afro-brésilien et mémoire de la traite négrière
1. Résumé
Le Musée Da Silva, inauguré en 1998 à Porto-Novo, est l’un des lieux les plus importants du Bénin pour comprendre l’influence afro-brésilienne et l’histoire de la traite négrière. Installé dans une maison afro-brésilienne du XIXᵉ siècle, autrefois propriété d’une famille Agouda, le musée retrace les parcours, les échanges culturels et les mémoires partagées entre l’Afrique, le Brésil et le Portugal.
Il présente une riche collection d’objets historiques, de fresques mémorielles, de photographies anciennes et de salles thématiques dédiées à :
la civilisation africaine,
la culture gréco-romaine,
les personnalités noires célèbres,
les femmes,
le patrimoine musical afro-descendant.
Le Musée Da Silva est aujourd’hui un pilier de la patrimonialisation initiée au Bénin dans les années 1990 et un espace essentiel pour comprendre l’identité afro-brésilienne du pays.
2. Histoire complète du site et du musée
Origines et création du musée
Le musée a été fondé par Karim da Silva, figure de la communauté afro-brésilienne, avec pour mission :
de préserver la mémoire de la traite négrière,
de valoriser le patrimoine culturel des Afro-Brésiliens,
de documenter les interactions entre les mondes africain, brésilien et portugais.
Le site s’inscrit dans le mouvement de patrimonialisation lancé au Bénin au début des années 1990, une période où l’histoire de l’esclavage et le retour des descendants d’esclaves libérés ont commencé à être institutionnellement reconnus.
Le musée a été inauguré le 2 novembre 1998, en présence du président Mathieu Kérékou, soulignant son importance nationale.
La communauté Agouda et le patrimoine afro-brésilien
La maison du musée appartenait à une famille Agouda, descendants d’Africains déportés au Brésil puis revenus au XIXᵉ siècle.
Ces familles ont fortement marqué :
l’architecture,
l’artisanat,
la religion,
les traditions culinaires de Porto-Novo.
Le musée constitue aujourd’hui l’un des rares espaces permettant de comprendre ce métissage historique unique.
3. Architecture et organisation du musée
Une maison afro-brésilienne du XIXᵉ siècle
Le bâtiment qui abrite le musée fut construit en 1890. Il reflète parfaitement l’architecture afro-brésilienne de Porto-Novo, caractérisée par :
des façades ornées,
une cour intérieure,
des balcons inspirés du style colonial brésilien,
une structure adaptée au climat local,
un ameublement d’époque conservé dans certaines pièces.
Des photographies anciennes sont accrochées aux murs, témoignant de la vie des familles Agouda et de l’histoire de Porto-Novo.
Une fresque extérieure dédiée à la mémoire
Le long de la clôture du musée, une fresque monumentale retrace :
le parcours du commerce triangulaire,
les marches forcées des esclaves,
les routes de déportation et de retour.
Elle porte le nom :
« Devoir de mémoire de l’esclavagisme européen », soulignant la vocation pédagogique du musée.
4. Collections et espaces d’exposition
Le Musée Da Silva présente des collections plus modestes en taille que les grands musées internationaux, mais leur importance culturelle et mémorielle est majeure.
Parmi les salles thématiques, on trouve :
• Salle de la civilisation africaine
Objets, représentations et documents retraçant les cultures et traditions africaines précoloniales et contemporaines.
• Salle de la civilisation gréco-romaine
Une particularité du musée : mettre en regard l’histoire africaine avec l’héritage classique, pour montrer les influences croisées dans l’éducation coloniale.
• Salle dédiée aux grandes figures noires
Personnalités marquantes de l’histoire africaine, afro-brésilienne et de la diaspora.
• Salle des femmes
Espace consacré aux rôles féminins dans l’histoire afro-descendante.
• Patrimoine musical des Noirs
Instruments, rythmes et traditions musicales héritées d’Afrique et recomposées au Brésil puis ramenées au Bénin.
5. Rôle culturel et mémoriel
Le Musée Da Silva joue un rôle central dans la compréhension :
de la mémoire de l’esclavage,
des retours afro-brésiliens au Bénin,
du patrimoine métissé entre Afrique et Brésil,
des identités Agouda.
Il constitue également :
un espace d’éducation pour les jeunes générations,
un lieu de recherche pour les spécialistes,
un symbole de la réconciliation historique avec le passé de la traite.
6. 
• Wikipédia (FR) — Musée Da-Silva, https://fr.wikipedia.org/wiki/Mus%C3%A9e_Da-Silva

=== SOURCES ===
• MAPPR — Benin Capital Cities (Musée da Silva), https://www.mappr.co/capital-cities/benin/",4440,644,91,10,4531,654,True,True,2,Musée Da Silva – Porto-Novo.jpg|||Musée Da Silva.jpg,Donnees_soutenance\Porto Novo\Monuments et Musées\Musée Da Silva\Musée_Da_Silva.docx,Donnees_soutenance\Porto Novo\Monuments et Musées\Musée Da Silva,Monuments et Musées/Musée Da Silva,"{'source_name': 'MAPPR', 'description': 'Benin Capital Cities (Musée da Silva)', 'url': 'https://www.mappr.co/capital-cities/benin/', 'source_type': 'autre', 'raw_text': '• MAPPR — Benin Capital Cities (Musée da Silva), https://www.mappr.co/capital-cities/benin/'}",https://www.mappr.co/capital-cities/benin/,Musée Da Silva – Porto-Novo.jpg | Musée Da Silva.jpg
Porto Novo,Monuments et Musées,Musée ethnographique Alexandre Sènou Adandé,Musée_ethnographique_Alexandre_Sènou_Adandé.docx,Musée ethnographique Alexandre Sènou Adandé,"Musée ethnographique Alexandre Sènou Adandé – Porto-Novo
Premier musée du Bénin – Dédié aux cultures ethnographiques et religieuses, avec un accent sur le patrimoine Yoruba
1. Résumé
Le Musée ethnographique Alexandre Sènou Adandé est l’un des lieux culturels les plus emblématiques de Porto-Novo. Installé dans un bâtiment colonial construit en 1922, il représente le premier musée du pays et constitue un pilier majeur de la préservation du patrimoine ethnographique du Bénin.
Dédié principalement à la culture yoruba — très influente dans l’histoire et les traditions de Porto-Novo — le musée expose une riche collection d’objets rituels, artistiques et historiques.
Avec plus de 1 270 objets, il offre un panorama unique des pratiques culturelles, religieuses et sociales, notamment à travers les masques, les costumes cérémoniels, les instruments de musique, les plateaux de Fa, les sculptures, et divers artefacts liés aux traditions béninoises.
Depuis son ouverture au public en 1966, le musée s’est imposé comme un lieu incontournable pour comprendre les racines spirituelles, artistiques et ethnologiques du pays.
2. Histoire complète du musée
Origines et fondation
Le musée tire son origine des collections constituées par le Centre régional de l’Institut Français d’Afrique Noire (IFAN), héritage des recherches ethnographiques menées au Dahomey.
Il ouvre ses portes au public en 1966, sous la gestion de l’Institut de Recherches Appliquées du Dahomey (IRAD).
Nom et personnalité emblématique
En 1993, l’institution adopte son nom actuel en hommage à Alexandre Sènou Adandé, éminent ethnographe, archiviste et bibliothécaire béninois dont les travaux ont profondément marqué la connaissance des traditions nationales.
Influence Yoruba et travaux de recherche
Le musée est profondément lié à l’étude des cultures yoruba.
Dans les années 1950, l’ethnomusicologue Gilbert Rouget étudie intensivement les chants et danses du palais sous le règne de Gbéfa, contribuant à développer les premières collections ethnomusicologiques du musée.
3. Architecture et organisation du bâtiment
Le musée est installé dans un grand bâtiment colonial de 1922, typique de l’époque française, avec :
une architecture simple mais fonctionnelle,
de vastes salles d’exposition,
des espaces permettant la mise en valeur d’objets de grande taille (statues, instruments, masques),
une scénographie pensée pour montrer l’évolution des pratiques culturelles et religieuses.
Ce cadre historique renforce l’atmosphère du musée, faisant le lien entre la période coloniale et les traditions culturelles antérieures.
4. Collections et patrimoine conservé
Le Musée ethnographique Alexandre Sènou Adandé conserve environ 1 270 objets, couvrant de nombreux domaines culturels : rituels, musique, arts, divination, équipements militaires, objets du quotidien, etc.
Objets liés à la culture Yoruba
Le musée met particulièrement en lumière la culture Yoruba, très présente dans l’identité de Porto-Novo.
Masques et costumes
Masques Guèlèdè : leur origine, leurs fonctions rituelles, leur statut divin et leur rôle social.
Costumes cérémoniels et objets associés aux danses et rituels.
Objets religieux
Plateaux de divination Fa,
objets fétiches et autels miniatures,
instruments servant aux rites et cérémonies.
Sculptures et arts
Sculptures en bois,
statuettes symboliques,
objets sculptés représentant des divinités ou des ancêtres.
Instruments de musique
Instruments traditionnels variés documentant les pratiques musicales du Sud Bénin,
objets collectés dans le cadre des recherches menées par Gilbert Rouget.
Armes et objets militaires
Armes blanches,
armes à feu anciennes,
forge traditionnelle utilisée pour la fabrication.
Objets de la vie quotidienne
Outils,
objets utilitaires,
traces matérielles des pratiques quotidiennes dans les communautés béninoises.
5. Importance culturelle et rôle actuel
Premier musée du pays, il symbolise la volonté du Bénin postcolonial de préserver et valoriser ses richesses culturelles.
Le musée contribue à l’éducation culturelle, historique et identitaire des visiteurs.
Il constitue une base essentielle pour les chercheurs et historiens travaillant sur l’Afrique de l’Ouest, le Vodun, les cultures yoruba, ou encore l’ethnomusicologie.
6. 
https://www.mappr.co/capital-cities/benin/
• Wikipédia (FR) — Musée ethnographique Alexandre Sènou Adandé,
https://fr.wikipedia.org/wiki/Mus%C3%A9e_ethnographique_Alexandre_S%C3%A8nou_Adand%C3%A9
• Express Tourisme — Musée ethnographique Alexandre Sènou Adandé de Porto-Novo,
https://expresstourisme.com/musees-et-sites-historiques.benin/le-musee-ethnographique-alexandre-senou-adande-de-porto-novo","• Mappr — Porto-Novo, Musée ethnographique,",1,0,"Musée ethnographique Alexandre Sènou Adandé – Porto-Novo
Premier musée du Bénin – Dédié aux cultures ethnographiques et religieuses, avec un accent sur le patrimoine Yoruba
1. Résumé
Le Musée ethnographique Alexandre Sènou Adandé est l’un des lieux culturels les plus emblématiques de Porto-Novo. Installé dans un bâtiment colonial construit en 1922, il représente le premier musée du pays et constitue un pilier majeur de la préservation du patrimoine ethnographique du Bénin.
Dédié principalement à la culture yoruba — très influente dans l’histoire et les traditions de Porto-Novo — le musée expose une riche collection d’objets rituels, artistiques et historiques.
Avec plus de 1 270 objets, il offre un panorama unique des pratiques culturelles, religieuses et sociales, notamment à travers les masques, les costumes cérémoniels, les instruments de musique, les plateaux de Fa, les sculptures, et divers artefacts liés aux traditions béninoises.
Depuis son ouverture au public en 1966, le musée s’est imposé comme un lieu incontournable pour comprendre les racines spirituelles, artistiques et ethnologiques du pays.
2. Histoire complète du musée
Origines et fondation
Le musée tire son origine des collections constituées par le Centre régional de l’Institut Français d’Afrique Noire (IFAN), héritage des recherches ethnographiques menées au Dahomey.
Il ouvre ses portes au public en 1966, sous la gestion de l’Institut de Recherches Appliquées du Dahomey (IRAD).
Nom et personnalité emblématique
En 1993, l’institution adopte son nom actuel en hommage à Alexandre Sènou Adandé, éminent ethnographe, archiviste et bibliothécaire béninois dont les travaux ont profondément marqué la connaissance des traditions nationales.
Influence Yoruba et travaux de recherche
Le musée est profondément lié à l’étude des cultures yoruba.
Dans les années 1950, l’ethnomusicologue Gilbert Rouget étudie intensivement les chants et danses du palais sous le règne de Gbéfa, contribuant à développer les premières collections ethnomusicologiques du musée.
3. Architecture et organisation du bâtiment
Le musée est installé dans un grand bâtiment colonial de 1922, typique de l’époque française, avec :
une architecture simple mais fonctionnelle,
de vastes salles d’exposition,
des espaces permettant la mise en valeur d’objets de grande taille (statues, instruments, masques),
une scénographie pensée pour montrer l’évolution des pratiques culturelles et religieuses.
Ce cadre historique renforce l’atmosphère du musée, faisant le lien entre la période coloniale et les traditions culturelles antérieures.
4. Collections et patrimoine conservé
Le Musée ethnographique Alexandre Sènou Adandé conserve environ 1 270 objets, couvrant de nombreux domaines culturels : rituels, musique, arts, divination, équipements militaires, objets du quotidien, etc.
Objets liés à la culture Yoruba
Le musée met particulièrement en lumière la culture Yoruba, très présente dans l’identité de Porto-Novo.
Masques et costumes
Masques Guèlèdè : leur origine, leurs fonctions rituelles, leur statut divin et leur rôle social.
Costumes cérémoniels et objets associés aux danses et rituels.
Objets religieux
Plateaux de divination Fa,
objets fétiches et autels miniatures,
instruments servant aux rites et cérémonies.
Sculptures et arts
Sculptures en bois,
statuettes symboliques,
objets sculptés représentant des divinités ou des ancêtres.
Instruments de musique
Instruments traditionnels variés documentant les pratiques musicales du Sud Bénin,
objets collectés dans le cadre des recherches menées par Gilbert Rouget.
Armes et objets militaires
Armes blanches,
armes à feu anciennes,
forge traditionnelle utilisée pour la fabrication.
Objets de la vie quotidienne
Outils,
objets utilitaires,
traces matérielles des pratiques quotidiennes dans les communautés béninoises.
5. Importance culturelle et rôle actuel
Premier musée du pays, il symbolise la volonté du Bénin postcolonial de préserver et valoriser ses richesses culturelles.
Le musée contribue à l’éducation culturelle, historique et identitaire des visiteurs.
Il constitue une base essentielle pour les chercheurs et historiens travaillant sur l’Afrique de l’Ouest, le Vodun, les cultures yoruba, ou encore l’ethnomusicologie.
6. 
https://www.mappr.co/capital-cities/benin/
• Wikipédia (FR) — Musée ethnographique Alexandre Sènou Adandé,
https://fr.wikipedia.org/wiki/Mus%C3%A9e_ethnographique_Alexandre_S%C3%A8nou_Adand%C3%A9
• Express Tourisme — Musée ethnographique Alexandre Sènou Adandé de Porto-Novo,
https://expresstourisme.com/musees-et-sites-historiques.benin/le-musee-ethnographique-alexandre-senou-adande-de-porto-novo

=== SOURCES ===
• Mappr — Porto-Novo, Musée ethnographique,",4653,625,43,6,4696,631,True,True,2,Musée ethnographique Alexandre Sènou Adandé – Porto-Novo.jpg|||Musée ethnographique de Porto Novo.jpg,Donnees_soutenance\Porto Novo\Monuments et Musées\Musée ethnographique Alexandre Sènou Adandé\Musée_ethnographique_Alexandre_Sènou_Adandé.docx,Donnees_soutenance\Porto Novo\Monuments et Musées\Musée ethnographique Alexandre Sènou Adandé,Monuments et Musées/Musée ethnographique Alexandre Sènou Adandé,"{'source_name': '', 'description': 'Mappr — Porto-Novo, Musée ethnographique,', 'url': '', 'source_type': 'texte', 'raw_text': '• Mappr — Porto-Novo, Musée ethnographique,'}",,Musée ethnographique Alexandre Sènou Adandé – Porto-Novo.jpg | Musée ethnographique de Porto Novo.jpg
Porto Novo,Monuments et Musées,Musée Honmè,Musée_Honmè.docx,Musée Honmè,"Musée Honmè (Musée du Palais Royal Honmè – Porto-Novo)
Ancien palais royal du royaume de Hogbonou / Ajase – Résidence du roi Toffa Ier
1. Résumé
Le Musée Honmè, installé dans l’ancien palais royal des souverains de Hogbonou (Ajase, aujourd’hui Porto-Novo), est l’un des plus importants sites patrimoniaux du Bénin. Localisé dans le quartier Avassa, ce palais historique — autrefois résidence du roi Toffa Ier — s’étend sur 2,5 hectares et constitue un musée de site majeur, conservant l’architecture, les traditions, les rites et les objets symboliques de la royauté locale.
Honmè, ou Honmey, signifie « à l’intérieur de la porte », un terme qui désigne par extension le palais royal.
Le musée présente plus de 230 objets, des espaces rituels, des cours traditionnelles, des autels, du mobilier royal, des photographies anciennes ainsi que des lieux hautement symboliques liés au pouvoir politique, religieux et judiciaire du royaume.
Depuis 1996, le Palais Royal Honmè figure sur la Liste indicative du patrimoine mondial de l’UNESCO (catégorie Culture).
2. Histoire complète du site et du musée
Origines et fonction royale
Le musée occupe l’ancien palais des rois de Hogbonou. Cette royauté, l’une des plus durables d’Afrique de l’Ouest, s’est éteinte en 1976 à la suite d’un désaccord de succession.
Le palais fut la résidence du roi Toffa Ier, souverain de 1874 à 1908, reconnu pour :
avoir signé le premier traité d’amitié avec les puissances européennes,
avoir encouragé l’éducation occidentale,
avoir instauré la coexistence entre islam, christianisme et religions traditionnelles,
avoir créé en 1889 l’Ordre de l’Étoile Noire.
Le palais conserve encore la porte originelle, des lieux sacrés, et plusieurs espaces historiques intacts.
Évolution et création du musée
Après la fin de la royauté en 1976, le palais est progressivement transformé en musée afin de préserver :
la mémoire des souverains,
les pratiques rituelles,
les objets témoignant des relations avec les colons,
l’organisation politique ancienne.
Une partie du site demeure sacrée et continue d’accueillir des cérémonies.
3. Architecture, organisation et cours traditionnelles
Le musée couvre 2,5 hectares et comprend :
24 souverains représentés (18 rois et 6 chefs supérieurs),
de nombreuses constructions traditionnelles : temples, tribunaux, prisons, greniers, salles royales, espaces rituels,
des compartiments organisés autour de plusieurs cours royales.
Les principales cours du palais
Chaque cour servait une fonction précise dans la vie politique et rituelle :
• La cour des reines
Lieu de résidence et de célébration des reines.
• La cour du roi
Espace de pouvoir suprême, symbole de l’autorité royale.
• La cour de détente
Accessible uniquement aux reines ayant fait un pacte de sang avec le roi, garantissant sa protection.
• La cour de la reine-mère (Tanyinon)
Dignitaire élue par l’oracle à la ménopause parmi les parentes maternelles ; seconde figure la plus importante du palais.
• La cour d’initiation
Espace réservé aux rites d’intronisation du roi.
• La cour du peuple
Lieu des manifestations, cérémonies publiques et présentation des nouveaux rois.
• La cour du conseil
Siègent ici les hauts dignitaires :
le gogan,
l’akplogan,
le migan,
formant le gouvernement traditionnel et le grand conseil.
• La cour de justice
Un arbre centenaire, Awalandjè, servait de lieu où les messagers proclamaient les verdicts du tribunal. Aujourd’hui, cet espace accueille un petit village artisanal.
4. Collections et patrimoine conservé
Le musée détient environ 230 objets conservés dans ses réserves. Ceux-ci témoignent de la vie quotidienne, rituelle, militaire et politique de la royauté.
Objets cultuels et rituels
Asen / autels : symboles des défunts du royaume.
Asen hotagantin : signe distinctif placé sur les bâtiments prestigieux.
Gozin : cérémonie où des jeunes filles vierges honorent les ancêtres.
Placard de gris-gris : dont l’un aurait permis au roi Toffa de vaincre un orage.
Objets de pouvoir et de prestige
Canapé du roi Toffa : cadeau des gouverneurs français, symbole d’amitié.
Canne à percussion utilisée pour battre le rythme adjogan.
Photographies anciennes des familles royales.
Chaîne scellée au sol avec menotte : protection contre les intrus et purification des reines adultères.
Buste en bronze du roi Toffa.
Canon colonial, vestige des affrontements.
Objets domestiques
Moule à écraser les condiments,
Moule à écraser les céréales,
Poteries,
Meubles et objets usuels.
Objets liés aux jeux royaux
Adji / Awalé, jeu stratégique très apprécié des rois.
5. Espace sacré et activités culturelles
Une partie du site reste sacrée, toujours active pour des cérémonies.
Le musée accueille également des expositions temporaires, ainsi que des ateliers culturels et artistiques.
Le temple des pythons et le temple Yoho complètent le patrimoine spirituel du site.
6. 
• MOMAA — Royal Palace Musée Honmé, https://momaa.org/directory/royal-palace-musee-honme/
• Wikipédia (FR) — Musée Honmè, https://fr.wikipedia.org/wiki/Mus%C3%A9e_Honm%C3%A8
• MyCapital229 — Tout ce qu’il faut savoir sur le Musée Honmè, https://mycapital229.net/2023/08/14/tout-ce-quil-faut-savoir-sur-le-musee-honme/","• Global Museum Guide — Musée Honmè (Porto-Novo), https://globalmuseumguide.com/museums/benin/oueme/porto-novo/musee-honme/",1,1,"Musée Honmè (Musée du Palais Royal Honmè – Porto-Novo)
Ancien palais royal du royaume de Hogbonou / Ajase – Résidence du roi Toffa Ier
1. Résumé
Le Musée Honmè, installé dans l’ancien palais royal des souverains de Hogbonou (Ajase, aujourd’hui Porto-Novo), est l’un des plus importants sites patrimoniaux du Bénin. Localisé dans le quartier Avassa, ce palais historique — autrefois résidence du roi Toffa Ier — s’étend sur 2,5 hectares et constitue un musée de site majeur, conservant l’architecture, les traditions, les rites et les objets symboliques de la royauté locale.
Honmè, ou Honmey, signifie « à l’intérieur de la porte », un terme qui désigne par extension le palais royal.
Le musée présente plus de 230 objets, des espaces rituels, des cours traditionnelles, des autels, du mobilier royal, des photographies anciennes ainsi que des lieux hautement symboliques liés au pouvoir politique, religieux et judiciaire du royaume.
Depuis 1996, le Palais Royal Honmè figure sur la Liste indicative du patrimoine mondial de l’UNESCO (catégorie Culture).
2. Histoire complète du site et du musée
Origines et fonction royale
Le musée occupe l’ancien palais des rois de Hogbonou. Cette royauté, l’une des plus durables d’Afrique de l’Ouest, s’est éteinte en 1976 à la suite d’un désaccord de succession.
Le palais fut la résidence du roi Toffa Ier, souverain de 1874 à 1908, reconnu pour :
avoir signé le premier traité d’amitié avec les puissances européennes,
avoir encouragé l’éducation occidentale,
avoir instauré la coexistence entre islam, christianisme et religions traditionnelles,
avoir créé en 1889 l’Ordre de l’Étoile Noire.
Le palais conserve encore la porte originelle, des lieux sacrés, et plusieurs espaces historiques intacts.
Évolution et création du musée
Après la fin de la royauté en 1976, le palais est progressivement transformé en musée afin de préserver :
la mémoire des souverains,
les pratiques rituelles,
les objets témoignant des relations avec les colons,
l’organisation politique ancienne.
Une partie du site demeure sacrée et continue d’accueillir des cérémonies.
3. Architecture, organisation et cours traditionnelles
Le musée couvre 2,5 hectares et comprend :
24 souverains représentés (18 rois et 6 chefs supérieurs),
de nombreuses constructions traditionnelles : temples, tribunaux, prisons, greniers, salles royales, espaces rituels,
des compartiments organisés autour de plusieurs cours royales.
Les principales cours du palais
Chaque cour servait une fonction précise dans la vie politique et rituelle :
• La cour des reines
Lieu de résidence et de célébration des reines.
• La cour du roi
Espace de pouvoir suprême, symbole de l’autorité royale.
• La cour de détente
Accessible uniquement aux reines ayant fait un pacte de sang avec le roi, garantissant sa protection.
• La cour de la reine-mère (Tanyinon)
Dignitaire élue par l’oracle à la ménopause parmi les parentes maternelles ; seconde figure la plus importante du palais.
• La cour d’initiation
Espace réservé aux rites d’intronisation du roi.
• La cour du peuple
Lieu des manifestations, cérémonies publiques et présentation des nouveaux rois.
• La cour du conseil
Siègent ici les hauts dignitaires :
le gogan,
l’akplogan,
le migan,
formant le gouvernement traditionnel et le grand conseil.
• La cour de justice
Un arbre centenaire, Awalandjè, servait de lieu où les messagers proclamaient les verdicts du tribunal. Aujourd’hui, cet espace accueille un petit village artisanal.
4. Collections et patrimoine conservé
Le musée détient environ 230 objets conservés dans ses réserves. Ceux-ci témoignent de la vie quotidienne, rituelle, militaire et politique de la royauté.
Objets cultuels et rituels
Asen / autels : symboles des défunts du royaume.
Asen hotagantin : signe distinctif placé sur les bâtiments prestigieux.
Gozin : cérémonie où des jeunes filles vierges honorent les ancêtres.
Placard de gris-gris : dont l’un aurait permis au roi Toffa de vaincre un orage.
Objets de pouvoir et de prestige
Canapé du roi Toffa : cadeau des gouverneurs français, symbole d’amitié.
Canne à percussion utilisée pour battre le rythme adjogan.
Photographies anciennes des familles royales.
Chaîne scellée au sol avec menotte : protection contre les intrus et purification des reines adultères.
Buste en bronze du roi Toffa.
Canon colonial, vestige des affrontements.
Objets domestiques
Moule à écraser les condiments,
Moule à écraser les céréales,
Poteries,
Meubles et objets usuels.
Objets liés aux jeux royaux
Adji / Awalé, jeu stratégique très apprécié des rois.
5. Espace sacré et activités culturelles
Une partie du site reste sacrée, toujours active pour des cérémonies.
Le musée accueille également des expositions temporaires, ainsi que des ateliers culturels et artistiques.
Le temple des pythons et le temple Yoho complètent le patrimoine spirituel du site.
6. 
• MOMAA — Royal Palace Musée Honmé, https://momaa.org/directory/royal-palace-musee-honme/
• Wikipédia (FR) — Musée Honmè, https://fr.wikipedia.org/wiki/Mus%C3%A9e_Honm%C3%A8
• MyCapital229 — Tout ce qu’il faut savoir sur le Musée Honmè, https://mycapital229.net/2023/08/14/tout-ce-quil-faut-savoir-sur-le-musee-honme/

=== SOURCES ===
• Global Museum Guide — Musée Honmè (Porto-Novo), https://globalmuseumguide.com/museums/benin/oueme/porto-novo/musee-honme/",5176,776,123,9,5299,785,True,True,5,Cour intérieure du musée Honmè.jpg|||Cour_extérieure_du_Musée_Honmè.jpg|||Musée Honmè.jpg|||à l'intérieur du musée Honmè_1.jpg|||à l'intérieur du musée Honmè_2.jpg,Donnees_soutenance\Porto Novo\Monuments et Musées\Musée Honmè\Musée_Honmè.docx,Donnees_soutenance\Porto Novo\Monuments et Musées\Musée Honmè,Monuments et Musées/Musée Honmè,"{'source_name': 'Global Museum Guide', 'description': 'Musée Honmè (Porto-Novo)', 'url': 'https://globalmuseumguide.com/museums/benin/oueme/porto-novo/musee-honme/', 'source_type': 'blog', 'raw_text': '• Global Museum Guide — Musée Honmè (Porto-Novo), https://globalmuseumguide.com/museums/benin/oueme/porto-novo/musee-honme/'}",https://globalmuseumguide.com/museums/benin/oueme/porto-novo/musee-honme/,Cour intérieure du musée Honmè.jpg | Cour_extérieure_du_Musée_Honmè.jpg | Musée Honmè.jpg | à l'intérieur du musée Honmè_1.jpg | à l'intérieur du musée Honmè_2.jpg
Abomey,Les Amazones du Dahomey,Amazones_du_Dahomey.docx,Amazones_du_Dahomey.docx,Amazones du Dahomey,"Amazones du Dahomey — Les Mino / Agodjié
Corps militaire féminin du Royaume du Dahomey (XVIIᵉ–XIXᵉ siècle)
1. Résumé
Les Mino — aussi appelées Agodjié, Ahosi, Agojie ou surnommées « Amazones du Dahomey » par les Européens — constituent l’un des corps militaires féminins les plus célèbres de l’histoire africaine. Originaires du royaume du Dahomey (actuel Bénin), elles ont existé du XVIIᵉ siècle jusqu’à la fin du XIXᵉ siècle. Formées, disciplinées et redoutées, elles occupaient un rôle stratégique au sein de l’armée royale, notamment sous les règnes d’Agadja, Ghézo, Glèlè et Béhanzin.
À leur apogée, elles comptent 4 000 à 6 000 guerrières, soit près d’un tiers de l’armée dahoméenne.
Elles furent dissoutes en 1894, après la défaite du Dahomey face à la France, mais leur mémoire reste puissante dans la culture béninoise contemporaine.
2. Histoire et origines
Les débuts : chasseuses et gardes royales
La formation du premier groupe féminin remonte au règne du roi Houégbadja (1645–1685), considéré comme l’initiateur du corps originel des Gbeto, femmes spécialisées dans la chasse à l’éléphant.
Ces premières guerrières sont ensuite entraînées à devenir gardes du corps royales.
La reine Tasi Hangbè : fondatrice du corps combattant
Tasi Hangbè, sœur jumelle du roi Akaba, règne de 1708 à 1711 après la mort de celui-ci.
C’est elle qui transforme les groupes féminins existants en véritable régiment armé, intégré à l’armée du royaume.
Elle mène elle-même une campagne militaire contre les Ouéménou, travestie en son frère Akaba pour galvaniser les troupes.
Effacée par les récits officiels sous Agadja, son rôle est aujourd’hui réhabilité comme central dans la création des Agodjié.
Du XVIIIᵉ au XIXᵉ siècle : ascension d’un corps d’élite
Le roi Agadja (1708–1732) développe la garde féminine en une force militaire redoutable et l’utilise dans la conquête du royaume Houéda en 1727.
Au XIXᵉ siècle, sous Ghézo (1818–1858), le Dahomey se militarise fortement.
Le roi restructure l’armée, augmente son budget et équipe les Agodjié d’armes modernes, dont des fusils danois obtenus par le commerce des esclaves.
Sous son règne, les Amazones atteignent 4 000 à 6 000 membres.
Identité et perception
Le nom Mino signifie « nos mères » en fon, un titre donné par les soldats masculins.
Les Européens, stupéfaits de rencontrer une armée féminine organisée, les surnomment « Amazones » par analogie avec la mythologie grecque.
3. Organisation, recrutement et entraînement
Recrutement
Les recrues proviennent souvent :
d’enfants d’esclaves,
de filles issues de villages sous contrôle du Dahomey,
ou de femmes volontaires.
Tous les trois ans, un conseil de révision sélectionne les jeunes filles présentées au roi.
Une fois intégrées, elles deviennent Ahosi (« femmes du roi ») et appartiennent à son harem militaire.
Règles et interdits
Elles vivent dans un camp fermé, sous autorité féminine.
Le mariage et la maternité leur sont interdits.
Beaucoup sont vierges, mais des relations sexuelles ont existé et pouvaient être punies de mort.
Certaines subissent l’excision pour diminuer leur désir sexuel ou ingèrent des liqueurs contraceptives.
Elles prononcent parfois un vœu de célibat devant la divinité Dewin.
Structure militaire
Le corps comprend deux grands ensembles :
Aligossi — défense du palais et protection rapprochée du roi.
Djadokpo — avant-garde de l’armée lors des guerres.
Les bataillons sont spécialisés :
Agbaraya — armées de tromblons
Gbeto — chasse à l’éléphant
Nyckphehthentok — équarrissage
Galamentoh — fusils Winchester
Archères — flèches empoisonnées
La hiérarchie compte :
des officières (Gahu),
des sous-officières (Awhouangan),
des soldates.
Entraînement
Intense, brutal et continu :
exercices de combat,
maniement d’armes,
traversée d’obstacles d’épines,
lutte contre un taureau à mains nues,
ingestion de substances excitantes et analgésiques avant les batailles.
Leur principe stratégique : tuer sans craindre la mort.
Razzias et guerres
Elles mènent des razzias pour capturer esclaves et nouvelles recrues.
Les prisonniers capturés sont souvent décapités.
4. Les Amazones face à la France (1890–1894)
Première et seconde guerre du Dahomey
À partir de 1890, le roi Béhanzin affronte la France.
Pendant la seconde guerre (1892), les Français sont surpris par des troupes féminines armées de carabines Winchester.
La résistance dahoméenne est féroce : attaques de guérilla, combats rapprochés, techniques de roulade pour passer sous les baïonnettes.
Supériorité française et défaite
Les Français mobilisent :
la Légion étrangère,
des mitrailleuses,
la cavalerie,
l’infanterie de marine.
→ Malgré leur courage décrit comme « incroyable » par les légionnaires, les Amazones sont décimées.
Dissolution
Après l’instauration du protectorat français en 1894, le roi Agoli-Agbo dissout officiellement le corps des Mino.
5. Héritage et mémoire
La dernière Amazone : Nawi
La dernière survivante connue, Nawi, a été rencontrée en 1978 par un historien au village de Kinta. Elle affirmait avoir combattu contre les Français en 1892 et est décédée en 1979, à plus de 100 ans.
Mémoire contemporaine
Les Amazones du Dahomey restent un symbole puissant de :
force féminine,
organisation militaire africaine,
résistance dahoméenne.
Malgré leur rôle parfois violent dans les razzias et les guerres, elles sont aujourd’hui réhabilitées comme figures d’émancipation féminine et d’exemplarité historique.
À Abomey, un musée est prévu en l’honneur de la reine Tasi Hangbè, considérée comme la créatrice du corps des Amazones.
Leur courage et leur histoire ont inspiré le film The Woman King (2022), qui raconte l’épopée des Mino et leur chef Nanisca.
Le Monument de l’Amazone à Cotonou
Située sur le Boulevard de la Marina dans le 12ᵉ arrondissement de Cotonou, la Place de l’Amazone accueille une imposante statue érigée en hommage aux Amazones du Dahomey.
La statue, appelée Monument Amazone, mesure 30 mètres de hauteur, pèse 150 tonnes et repose sur un tertre.
Réalisée en structure métallique recouverte de bronze par Li Xiangqun, elle représente une jeune guerrière armée d’un fusil et d’une épée, tête levée en signe de victoire.
Inaugurée le 30 juillet 2022 par le président de la République du Bénin, Patrice Talon, elle est la seconde statue la plus grande d’Afrique et symbolise le courage et la mémoire des Amazones.
Le projet vise également à donner une nouvelle identité visuelle au Bénin et à rendre hommage à ces femmes guerrières au cœur de l’ancien Dahomey.
6. 
• Hippotrague, Voyage au Bénin — Agoodjié, https://www.hippotrague.com/Voyage-au-Benin-blog/post/Histoire-Dahomey-Benin-amazone-femme","• Wikipédia (FR) — Amazones du Dahomey / Agodjié, https://fr.wikipedia.org/wiki/Amazones_du_Dahomey",1,1,"Amazones du Dahomey — Les Mino / Agodjié
Corps militaire féminin du Royaume du Dahomey (XVIIᵉ–XIXᵉ siècle)
1. Résumé
Les Mino — aussi appelées Agodjié, Ahosi, Agojie ou surnommées « Amazones du Dahomey » par les Européens — constituent l’un des corps militaires féminins les plus célèbres de l’histoire africaine. Originaires du royaume du Dahomey (actuel Bénin), elles ont existé du XVIIᵉ siècle jusqu’à la fin du XIXᵉ siècle. Formées, disciplinées et redoutées, elles occupaient un rôle stratégique au sein de l’armée royale, notamment sous les règnes d’Agadja, Ghézo, Glèlè et Béhanzin.
À leur apogée, elles comptent 4 000 à 6 000 guerrières, soit près d’un tiers de l’armée dahoméenne.
Elles furent dissoutes en 1894, après la défaite du Dahomey face à la France, mais leur mémoire reste puissante dans la culture béninoise contemporaine.
2. Histoire et origines
Les débuts : chasseuses et gardes royales
La formation du premier groupe féminin remonte au règne du roi Houégbadja (1645–1685), considéré comme l’initiateur du corps originel des Gbeto, femmes spécialisées dans la chasse à l’éléphant.
Ces premières guerrières sont ensuite entraînées à devenir gardes du corps royales.
La reine Tasi Hangbè : fondatrice du corps combattant
Tasi Hangbè, sœur jumelle du roi Akaba, règne de 1708 à 1711 après la mort de celui-ci.
C’est elle qui transforme les groupes féminins existants en véritable régiment armé, intégré à l’armée du royaume.
Elle mène elle-même une campagne militaire contre les Ouéménou, travestie en son frère Akaba pour galvaniser les troupes.
Effacée par les récits officiels sous Agadja, son rôle est aujourd’hui réhabilité comme central dans la création des Agodjié.
Du XVIIIᵉ au XIXᵉ siècle : ascension d’un corps d’élite
Le roi Agadja (1708–1732) développe la garde féminine en une force militaire redoutable et l’utilise dans la conquête du royaume Houéda en 1727.
Au XIXᵉ siècle, sous Ghézo (1818–1858), le Dahomey se militarise fortement.
Le roi restructure l’armée, augmente son budget et équipe les Agodjié d’armes modernes, dont des fusils danois obtenus par le commerce des esclaves.
Sous son règne, les Amazones atteignent 4 000 à 6 000 membres.
Identité et perception
Le nom Mino signifie « nos mères » en fon, un titre donné par les soldats masculins.
Les Européens, stupéfaits de rencontrer une armée féminine organisée, les surnomment « Amazones » par analogie avec la mythologie grecque.
3. Organisation, recrutement et entraînement
Recrutement
Les recrues proviennent souvent :
d’enfants d’esclaves,
de filles issues de villages sous contrôle du Dahomey,
ou de femmes volontaires.
Tous les trois ans, un conseil de révision sélectionne les jeunes filles présentées au roi.
Une fois intégrées, elles deviennent Ahosi (« femmes du roi ») et appartiennent à son harem militaire.
Règles et interdits
Elles vivent dans un camp fermé, sous autorité féminine.
Le mariage et la maternité leur sont interdits.
Beaucoup sont vierges, mais des relations sexuelles ont existé et pouvaient être punies de mort.
Certaines subissent l’excision pour diminuer leur désir sexuel ou ingèrent des liqueurs contraceptives.
Elles prononcent parfois un vœu de célibat devant la divinité Dewin.
Structure militaire
Le corps comprend deux grands ensembles :
Aligossi — défense du palais et protection rapprochée du roi.
Djadokpo — avant-garde de l’armée lors des guerres.
Les bataillons sont spécialisés :
Agbaraya — armées de tromblons
Gbeto — chasse à l’éléphant
Nyckphehthentok — équarrissage
Galamentoh — fusils Winchester
Archères — flèches empoisonnées
La hiérarchie compte :
des officières (Gahu),
des sous-officières (Awhouangan),
des soldates.
Entraînement
Intense, brutal et continu :
exercices de combat,
maniement d’armes,
traversée d’obstacles d’épines,
lutte contre un taureau à mains nues,
ingestion de substances excitantes et analgésiques avant les batailles.
Leur principe stratégique : tuer sans craindre la mort.
Razzias et guerres
Elles mènent des razzias pour capturer esclaves et nouvelles recrues.
Les prisonniers capturés sont souvent décapités.
4. Les Amazones face à la France (1890–1894)
Première et seconde guerre du Dahomey
À partir de 1890, le roi Béhanzin affronte la France.
Pendant la seconde guerre (1892), les Français sont surpris par des troupes féminines armées de carabines Winchester.
La résistance dahoméenne est féroce : attaques de guérilla, combats rapprochés, techniques de roulade pour passer sous les baïonnettes.
Supériorité française et défaite
Les Français mobilisent :
la Légion étrangère,
des mitrailleuses,
la cavalerie,
l’infanterie de marine.
→ Malgré leur courage décrit comme « incroyable » par les légionnaires, les Amazones sont décimées.
Dissolution
Après l’instauration du protectorat français en 1894, le roi Agoli-Agbo dissout officiellement le corps des Mino.
5. Héritage et mémoire
La dernière Amazone : Nawi
La dernière survivante connue, Nawi, a été rencontrée en 1978 par un historien au village de Kinta. Elle affirmait avoir combattu contre les Français en 1892 et est décédée en 1979, à plus de 100 ans.
Mémoire contemporaine
Les Amazones du Dahomey restent un symbole puissant de :
force féminine,
organisation militaire africaine,
résistance dahoméenne.
Malgré leur rôle parfois violent dans les razzias et les guerres, elles sont aujourd’hui réhabilitées comme figures d’émancipation féminine et d’exemplarité historique.
À Abomey, un musée est prévu en l’honneur de la reine Tasi Hangbè, considérée comme la créatrice du corps des Amazones.
Leur courage et leur histoire ont inspiré le film The Woman King (2022), qui raconte l’épopée des Mino et leur chef Nanisca.
Le Monument de l’Amazone à Cotonou
Située sur le Boulevard de la Marina dans le 12ᵉ arrondissement de Cotonou, la Place de l’Amazone accueille une imposante statue érigée en hommage aux Amazones du Dahomey.
La statue, appelée Monument Amazone, mesure 30 mètres de hauteur, pèse 150 tonnes et repose sur un tertre.
Réalisée en structure métallique recouverte de bronze par Li Xiangqun, elle représente une jeune guerrière armée d’un fusil et d’une épée, tête levée en signe de victoire.
Inaugurée le 30 juillet 2022 par le président de la République du Bénin, Patrice Talon, elle est la seconde statue la plus grande d’Afrique et symbolise le courage et la mémoire des Amazones.
Le projet vise également à donner une nouvelle identité visuelle au Bénin et à rendre hommage à ces femmes guerrières au cœur de l’ancien Dahomey.
6. 
• Hippotrague, Voyage au Bénin — Agoodjié, https://www.hippotrague.com/Voyage-au-Benin-blog/post/Histoire-Dahomey-Benin-amazone-femme

=== SOURCES ===
• Wikipédia (FR) — Amazones du Dahomey / Agodjié, https://fr.wikipedia.org/wiki/Amazones_du_Dahomey",6620,1010,99,10,6719,1020,True,True,5,Amazones_du_Dahomey.jpg|||Amazones_du_Dahomey_2.jpg|||La_statue_de_l_Amazone_érigée_à_Cotonou.jpg|||Une_image_des_amazones_extraite_du_film_The_Woman_King.jpg|||image_des_amazones_extraite_du_film_The_Woman_King.jpg,Donnees_soutenance\Abomey\Les Amazones du Dahomey\Amazones_du_Dahomey.docx,Donnees_soutenance\Abomey\Les Amazones du Dahomey,Les Amazones du Dahomey/Amazones_du_Dahomey.docx,"{'source_name': 'Wikipédia (FR)', 'description': 'Amazones du Dahomey / Agodjié', 'url': 'https://fr.wikipedia.org/wiki/Amazones_du_Dahomey', 'source_type': 'wikipédia', 'raw_text': '• Wikipédia (FR) — Amazones du Dahomey / Agodjié, https://fr.wikipedia.org/wiki/Amazones_du_Dahomey'}",https://fr.wikipedia.org/wiki/Amazones_du_Dahomey,Amazones_du_Dahomey.jpg | Amazones_du_Dahomey_2.jpg | La_statue_de_l_Amazone_érigée_à_Cotonou.jpg | Une_image_des_amazones_extraite_du_film_The_Woman_King.jpg | image_des_amazones_extraite_du_film_The_Woman_King.jpg
Abomey,Présentation d’Abomey,Culture_Abomey.docx,Culture_Abomey.docx,Culture Abomey,"Culture et patrimoine d’Abomey
Religions pratiquées
Sur le plateau d’Abomey, plusieurs religions coexistent, mais la principale religion endogène est le vaudou. Cette religion constitue un système cohérent et hiérarchisé de croyances, de rituels et de pratiques. Elle repose sur la reconnaissance de la diversité des hommes et sur leurs liens étroits avec les composantes fondamentales de la nature. Le vaudou assure également une continuité entre les générations par l’intermédiaire de ceux qui transmettent la tradition, même après leur mort.
Sa vocation est de maintenir l’harmonie entre individus, groupes sociaux et environnement naturel. En visualisant les forces présentes, il facilite le respect mutuel et l’équilibre entre ces forces. Les pratiques vaudou permettent d’identifier, diriger, exploiter ou neutraliser ces forces par l’intermédiaire des divinités et des ancêtres, en utilisant un art divinatoire appelé le « Fâ ».
Cette religion s’est installée à Abomey sous le règne du roi Agadja, dont une des épouses était d’origine nago, un sous-groupe des Yoruba. Le royaume d’Abomey pratiquait également des cultes ancestraux, comme le culte des Egun, typique des Yoruba mais découragé par les Fons. Par ailleurs, comme pour d’autres cultes traditionnels, le vaudou a été diabolisé par les missionnaires et les Églises chrétiennes, principalement catholiques, dans la région. Aujourd’hui encore, le culte reste au cœur de compromis et de dynamiques identitaires, en lien avec l’histoire du système esclavagiste fon.
Musée historique d’Abomey
Le musée historique d’Abomey, situé dans l’enceinte des palais royaux, a été conçu pour préserver la mémoire du royaume. Jusqu’à une date récente, ses collections n’avaient jamais fait l’objet d’un inventaire systématique. En 1995, un inventaire a recensé 1 050 objets, comprenant des autels portatifs ou assins en métal, des textiles, un siège en bois et d’autres attributs royaux. Ces collections ont été classées en quatre périodes et deux séries, permettant de mieux organiser et comprendre l’histoire matérielle du royaume.
Le musée a bénéficié du soutien de partenaires internationaux, notamment l’ICCROM (Centre international d'études pour la conservation et la restauration des biens culturels), dans le cadre du programme PREMA mené avec le ministère italien des Affaires étrangères et l’Institute Getty de Conservation (GCI) dans les années 1990-2000. Ces actions visaient à former les techniciens de musées de la sous-région, à améliorer la documentation et la conservation préventive, et à réorganiser l’exposition permanente.
Objets du royaume d’Abomey à l’international
Après la chute du roi Béhanzin, certains objets royaux ont été récupérés, dispersés et exposés dans des musées à travers le monde. Parmi eux :
Le musée du Quai Branly, qui possède des objets acquis lors de l’arrestation de Béhanzin et après sa mort, dont le trône prélevé par le général Dodds.
Le musée du Trocadéro, où Édouard Foà fit don d’objets et où Georges Waterlot exposa une collection de moulages. Ces moulages furent présentés dans l’escalier de l’aile Passy et pour partie conservés dans les murs du sous-sol du musée.
En tout, une trentaine d’objets provenant du palais du roi Béhanzin témoignent de sa suprématie et de son pouvoir à l’époque.
Palais et sites royaux
Les palais royaux d’Abomey, inscrits au patrimoine mondial de l’UNESCO en 1985, sont un lieu central de l’histoire, de la culture vivante et du tourisme au Bénin. Le site couvre 47 hectares et comprend dix palais, certains construits côte à côte, d’autres en extension de palais existants.
Les palais des rois Ghézo et Glèlè abritent aujourd’hui le musée historique, où l’on peut voir des sièges royaux, des bas-reliefs, des statuettes et des objets cultuels vaudous. L’organisation spatiale des palais témoigne de la hiérarchie et des pratiques royales : chaque palais est structuré autour de cours destinées à des cérémonies spécifiques et à des rituels d’intronisation.
Ces palais, vestiges d’un passé glorieux sur les plans politique, économique et religieux, permettent de comprendre l’importance et la puissance du royaume d’Abomey. Leur architecture, les rites et les cérémonies qui y sont encore pratiqués constituent des témoins vivants de la culture et de l’histoire de la région.","Wikipédia (FR) — Abomey, https://fr.wikipedia.org/wiki/Abomey",1,1,"Culture et patrimoine d’Abomey
Religions pratiquées
Sur le plateau d’Abomey, plusieurs religions coexistent, mais la principale religion endogène est le vaudou. Cette religion constitue un système cohérent et hiérarchisé de croyances, de rituels et de pratiques. Elle repose sur la reconnaissance de la diversité des hommes et sur leurs liens étroits avec les composantes fondamentales de la nature. Le vaudou assure également une continuité entre les générations par l’intermédiaire de ceux qui transmettent la tradition, même après leur mort.
Sa vocation est de maintenir l’harmonie entre individus, groupes sociaux et environnement naturel. En visualisant les forces présentes, il facilite le respect mutuel et l’équilibre entre ces forces. Les pratiques vaudou permettent d’identifier, diriger, exploiter ou neutraliser ces forces par l’intermédiaire des divinités et des ancêtres, en utilisant un art divinatoire appelé le « Fâ ».
Cette religion s’est installée à Abomey sous le règne du roi Agadja, dont une des épouses était d’origine nago, un sous-groupe des Yoruba. Le royaume d’Abomey pratiquait également des cultes ancestraux, comme le culte des Egun, typique des Yoruba mais découragé par les Fons. Par ailleurs, comme pour d’autres cultes traditionnels, le vaudou a été diabolisé par les missionnaires et les Églises chrétiennes, principalement catholiques, dans la région. Aujourd’hui encore, le culte reste au cœur de compromis et de dynamiques identitaires, en lien avec l’histoire du système esclavagiste fon.
Musée historique d’Abomey
Le musée historique d’Abomey, situé dans l’enceinte des palais royaux, a été conçu pour préserver la mémoire du royaume. Jusqu’à une date récente, ses collections n’avaient jamais fait l’objet d’un inventaire systématique. En 1995, un inventaire a recensé 1 050 objets, comprenant des autels portatifs ou assins en métal, des textiles, un siège en bois et d’autres attributs royaux. Ces collections ont été classées en quatre périodes et deux séries, permettant de mieux organiser et comprendre l’histoire matérielle du royaume.
Le musée a bénéficié du soutien de partenaires internationaux, notamment l’ICCROM (Centre international d'études pour la conservation et la restauration des biens culturels), dans le cadre du programme PREMA mené avec le ministère italien des Affaires étrangères et l’Institute Getty de Conservation (GCI) dans les années 1990-2000. Ces actions visaient à former les techniciens de musées de la sous-région, à améliorer la documentation et la conservation préventive, et à réorganiser l’exposition permanente.
Objets du royaume d’Abomey à l’international
Après la chute du roi Béhanzin, certains objets royaux ont été récupérés, dispersés et exposés dans des musées à travers le monde. Parmi eux :
Le musée du Quai Branly, qui possède des objets acquis lors de l’arrestation de Béhanzin et après sa mort, dont le trône prélevé par le général Dodds.
Le musée du Trocadéro, où Édouard Foà fit don d’objets et où Georges Waterlot exposa une collection de moulages. Ces moulages furent présentés dans l’escalier de l’aile Passy et pour partie conservés dans les murs du sous-sol du musée.
En tout, une trentaine d’objets provenant du palais du roi Béhanzin témoignent de sa suprématie et de son pouvoir à l’époque.
Palais et sites royaux
Les palais royaux d’Abomey, inscrits au patrimoine mondial de l’UNESCO en 1985, sont un lieu central de l’histoire, de la culture vivante et du tourisme au Bénin. Le site couvre 47 hectares et comprend dix palais, certains construits côte à côte, d’autres en extension de palais existants.
Les palais des rois Ghézo et Glèlè abritent aujourd’hui le musée historique, où l’on peut voir des sièges royaux, des bas-reliefs, des statuettes et des objets cultuels vaudous. L’organisation spatiale des palais témoigne de la hiérarchie et des pratiques royales : chaque palais est structuré autour de cours destinées à des cérémonies spécifiques et à des rituels d’intronisation.
Ces palais, vestiges d’un passé glorieux sur les plans politique, économique et religieux, permettent de comprendre l’importance et la puissance du royaume d’Abomey. Leur architecture, les rites et les cérémonies qui y sont encore pratiqués constituent des témoins vivants de la culture et de l’histoire de la région.

=== SOURCES ===
Wikipédia (FR) — Abomey, https://fr.wikipedia.org/wiki/Abomey",4307,654,61,5,4368,659,True,True,0,Aucune,Donnees_soutenance\Abomey\Présentation d’Abomey\Culture_Abomey.docx,Donnees_soutenance\Abomey\Présentation d’Abomey,Présentation d’Abomey/Culture_Abomey.docx,"{'source_name': '', 'description': 'Wikipédia (FR) — Abomey, https://fr.wikipedia.org/wiki/Abomey', 'url': '', 'source_type': 'texte', 'raw_text': 'Wikipédia (FR) — Abomey, https://fr.wikipedia.org/wiki/Abomey'}",https://fr.wikipedia.org/wiki/Abomey,
Abomey,Présentation d’Abomey,Histoire_Abomey.docx,Histoire_Abomey.docx,Histoire Abomey,"Histoire du Royaume du Dahomey
1. Origines et fondation du royaume (1625)
Selon la tradition, Abomey — appelée Danhomé en langue fon — fut fondée en 1625 et devint l’ancienne capitale du puissant royaume du Dahomey. Les origines de ce royaume restent entourées de mystère, entre histoire et légende.
L’un des récits fondateurs raconte qu’une princesse du royaume de Tado, situé dans l’actuel Togo, fut fécondée par un léopard alors qu’elle se rendait dans la brousse. De cette union hors du commun serait né Agassou, ancêtre mythique et fondateur du clan des Agassouvi.
Dès ses débuts, le royaume se distingue par son organisation militaire exceptionnelle. Il s’étend progressivement vers la côte, où s’effectuent le commerce des armes et la traite des esclaves, et finit même par conquérir le royaume d’Allada, qui se reconstitue alors à Porto-Novo.
Entre 1625 et 1900, douze rois se succèdent sur le trône. À l’exception du roi Houessou Akaba, chacun d’eux construit son palais au sein d’un enclos entouré de murs en pisé, tout en conservant fidèlement les caractéristiques architecturales héritées de ses prédécesseurs.
2. Les rivalités internes et l'affirmation du pouvoir royal
Après la fondation du royaume, de violentes querelles de succession éclatent. Rivalités entre clans, affrontements armés et exils forcés marquent ainsi l’histoire des premiers rois du Dahomey, période durant laquelle les Portugais entrent en contact avec la région dès le XVIᵉ siècle.
C’est pourtant au début du XVIIᵉ siècle que Houegbadja est reconnu comme le véritable fondateur politique du Danhomè. Il dote le royaume d’un ensemble de quarante-et-une lois, instaure une structure administrative solide à vocation politico-religieuse et établit sa capitale sur le plateau vallonné d’Abomey. Sous son règne, le Dahomey adopte une idéologie résolument expansionniste et renforce continuellement sa puissance militaire afin de dominer ses voisins.
3. Expansion territoriale et consolidation du royaume
À la mort de Houegbadja, son fils Yangodo s’intéresse au royaume du roi Dan, petit État qu’il finit par vaincre. Après lui avoir tranché la tête, il fait déposer son corps mutilé dans les fondations de son futur palais. Cette action violente donne son nom au Danhomè, qui signifie littéralement « sur le ventre de Dan ».
Yangodo devient roi sous le nom d’Akaba. Il poursuit les rituels destinés à honorer les ancêtres royaux, traditions initiées par son père. Le royaume continue alors de fasciner ou d’inquiéter, apparaissant pour certains comme farouche, et pour d'autres comme une puissance convoitée.
Son frère Agadja lui succède et mène de vastes campagnes militaires. Il conquiert plusieurs royaumes voisins, dont Ouidah, future plateforme stratégique de la traite négrière en Afrique de l’Ouest. Les souverains d’Abomey accordent alors des postes de commerce aux Européens, qui finiront pourtant par se retourner contre eux.
4. Relations avec l’Europe et tensions autour de l’esclavage
Malgré la condamnation internationale de l’esclavage, le roi Glèlè — tout comme son père Ghézo avant lui — refuse d’abandonner le commerce des esclaves et les sacrifices humains. Lorsque l’explorateur britannique Richard Burton lui demande de mettre fin à la traite, Glèlè lui rétorque que cette pratique fut instaurée par les Européens eux-mêmes.
La mort de Glèlè et l’accession de son fils Béhanzin accélèrent les tensions avec les puissances coloniales. Les Français, déterminés à soumettre le royaume, engagent une série d’offensives.
5. La chute du royaume et l’exil de Béhanzin
Face à la menace française, le roi Béhanzin tente une attaque préventive, mais la supériorité militaire française l’oblige à reculer. Contraint à l’abdication, il se replie vers le nord d’Abomey. Avant de fuir, il incendie son propre palais pour éviter qu’il ne tombe intact aux mains de l’ennemi. Les trésors royaux sont alors dispersés.
Béhanzin finit par se rendre au général Dodds le 25 janvier 1894. Destitué, il est envoyé en exil, d’abord en Martinique puis en Algérie, où il meurt une douzaine d’années plus tard.
Les palais royaux d’Abomey demeurent aujourd’hui le témoignage exceptionnel de l’un des plus grands royaumes d’Afrique de l’Ouest, dont la grandeur a marqué l’histoire jusqu’à sa chute à la fin du XIXᵉ siècle.","Wikipédia (FR) — Abomey, https://fr.wikipedia.org/wiki/Abomey",1,1,"Histoire du Royaume du Dahomey
1. Origines et fondation du royaume (1625)
Selon la tradition, Abomey — appelée Danhomé en langue fon — fut fondée en 1625 et devint l’ancienne capitale du puissant royaume du Dahomey. Les origines de ce royaume restent entourées de mystère, entre histoire et légende.
L’un des récits fondateurs raconte qu’une princesse du royaume de Tado, situé dans l’actuel Togo, fut fécondée par un léopard alors qu’elle se rendait dans la brousse. De cette union hors du commun serait né Agassou, ancêtre mythique et fondateur du clan des Agassouvi.
Dès ses débuts, le royaume se distingue par son organisation militaire exceptionnelle. Il s’étend progressivement vers la côte, où s’effectuent le commerce des armes et la traite des esclaves, et finit même par conquérir le royaume d’Allada, qui se reconstitue alors à Porto-Novo.
Entre 1625 et 1900, douze rois se succèdent sur le trône. À l’exception du roi Houessou Akaba, chacun d’eux construit son palais au sein d’un enclos entouré de murs en pisé, tout en conservant fidèlement les caractéristiques architecturales héritées de ses prédécesseurs.
2. Les rivalités internes et l'affirmation du pouvoir royal
Après la fondation du royaume, de violentes querelles de succession éclatent. Rivalités entre clans, affrontements armés et exils forcés marquent ainsi l’histoire des premiers rois du Dahomey, période durant laquelle les Portugais entrent en contact avec la région dès le XVIᵉ siècle.
C’est pourtant au début du XVIIᵉ siècle que Houegbadja est reconnu comme le véritable fondateur politique du Danhomè. Il dote le royaume d’un ensemble de quarante-et-une lois, instaure une structure administrative solide à vocation politico-religieuse et établit sa capitale sur le plateau vallonné d’Abomey. Sous son règne, le Dahomey adopte une idéologie résolument expansionniste et renforce continuellement sa puissance militaire afin de dominer ses voisins.
3. Expansion territoriale et consolidation du royaume
À la mort de Houegbadja, son fils Yangodo s’intéresse au royaume du roi Dan, petit État qu’il finit par vaincre. Après lui avoir tranché la tête, il fait déposer son corps mutilé dans les fondations de son futur palais. Cette action violente donne son nom au Danhomè, qui signifie littéralement « sur le ventre de Dan ».
Yangodo devient roi sous le nom d’Akaba. Il poursuit les rituels destinés à honorer les ancêtres royaux, traditions initiées par son père. Le royaume continue alors de fasciner ou d’inquiéter, apparaissant pour certains comme farouche, et pour d'autres comme une puissance convoitée.
Son frère Agadja lui succède et mène de vastes campagnes militaires. Il conquiert plusieurs royaumes voisins, dont Ouidah, future plateforme stratégique de la traite négrière en Afrique de l’Ouest. Les souverains d’Abomey accordent alors des postes de commerce aux Européens, qui finiront pourtant par se retourner contre eux.
4. Relations avec l’Europe et tensions autour de l’esclavage
Malgré la condamnation internationale de l’esclavage, le roi Glèlè — tout comme son père Ghézo avant lui — refuse d’abandonner le commerce des esclaves et les sacrifices humains. Lorsque l’explorateur britannique Richard Burton lui demande de mettre fin à la traite, Glèlè lui rétorque que cette pratique fut instaurée par les Européens eux-mêmes.
La mort de Glèlè et l’accession de son fils Béhanzin accélèrent les tensions avec les puissances coloniales. Les Français, déterminés à soumettre le royaume, engagent une série d’offensives.
5. La chute du royaume et l’exil de Béhanzin
Face à la menace française, le roi Béhanzin tente une attaque préventive, mais la supériorité militaire française l’oblige à reculer. Contraint à l’abdication, il se replie vers le nord d’Abomey. Avant de fuir, il incendie son propre palais pour éviter qu’il ne tombe intact aux mains de l’ennemi. Les trésors royaux sont alors dispersés.
Béhanzin finit par se rendre au général Dodds le 25 janvier 1894. Destitué, il est envoyé en exil, d’abord en Martinique puis en Algérie, où il meurt une douzaine d’années plus tard.
Les palais royaux d’Abomey demeurent aujourd’hui le témoignage exceptionnel de l’un des plus grands royaumes d’Afrique de l’Ouest, dont la grandeur a marqué l’histoire jusqu’à sa chute à la fin du XIXᵉ siècle.

=== SOURCES ===
Wikipédia (FR) — Abomey, https://fr.wikipedia.org/wiki/Abomey",4293,666,61,5,4354,671,True,True,0,Aucune,Donnees_soutenance\Abomey\Présentation d’Abomey\Histoire_Abomey.docx,Donnees_soutenance\Abomey\Présentation d’Abomey,Présentation d’Abomey/Histoire_Abomey.docx,"{'source_name': '', 'description': 'Wikipédia (FR) — Abomey, https://fr.wikipedia.org/wiki/Abomey', 'url': '', 'source_type': 'texte', 'raw_text': 'Wikipédia (FR) — Abomey, https://fr.wikipedia.org/wiki/Abomey'}",https://fr.wikipedia.org/wiki/Abomey,
Abomey,Présentation d’Abomey,Presentation_generale_Abomey.docx,Presentation_generale_Abomey.docx,Presentation generale Abomey,"Présentation générale d’Abomey
Abomey est une ville et une commune du sud de la République du Bénin, située à 145 km de Cotonou, qui est la préfecture du département du Zou, dont elle est le chef-lieu. Fondée au XVIIe siècle par le roi Houégbadja c'est la capitale historique de l'ancien royaume du Dahomey de 1625 à 1894. Cette ville a gardé de cette époque un ensemble de palais royaux inscrits au patrimoine mondial de l'humanité par l’UNESCO. Elle est située à environ une centaine de kilomètres à l'intérieur des terres. Au cœur de la cité, les Palais Royaux sont un témoin matériel majeur de cette civilisation.","Wikipédia (FR) — Abomey, https://fr.wikipedia.org/wiki/Abomey",1,1,"Présentation générale d’Abomey
Abomey est une ville et une commune du sud de la République du Bénin, située à 145 km de Cotonou, qui est la préfecture du département du Zou, dont elle est le chef-lieu. Fondée au XVIIe siècle par le roi Houégbadja c'est la capitale historique de l'ancien royaume du Dahomey de 1625 à 1894. Cette ville a gardé de cette époque un ensemble de palais royaux inscrits au patrimoine mondial de l'humanité par l’UNESCO. Elle est située à environ une centaine de kilomètres à l'intérieur des terres. Au cœur de la cité, les Palais Royaux sont un témoin matériel majeur de cette civilisation.

=== SOURCES ===
Wikipédia (FR) — Abomey, https://fr.wikipedia.org/wiki/Abomey",617,106,61,5,678,111,True,True,0,Aucune,Donnees_soutenance\Abomey\Présentation d’Abomey\Presentation_generale_Abomey.docx,Donnees_soutenance\Abomey\Présentation d’Abomey,Présentation d’Abomey/Presentation_generale_Abomey.docx,"{'source_name': '', 'description': 'Wikipédia (FR) — Abomey, https://fr.wikipedia.org/wiki/Abomey', 'url': '', 'source_type': 'texte', 'raw_text': 'Wikipédia (FR) — Abomey, https://fr.wikipedia.org/wiki/Abomey'}",https://fr.wikipedia.org/wiki/Abomey,
Abomey,Lieux historiques et monuments d'Abomey,Musée historique d’Abomey,Musée_historique_Abomey.docx,Musée historique Abomey,"Musée historique d’Abomey
Palais royaux d’Abomey — Patrimoine mondial de l’UNESCO (1985)
1. Résumé
Le Musée historique d’Abomey, installé au cœur des anciens palais royaux du Danxomè, constitue l’un des plus grands ensembles patrimoniaux du Bénin. Situé sur un site de 47,6 hectares, inscrit au patrimoine mondial de l’UNESCO depuis 1985, il conserve l’histoire politique, religieuse, militaire et artistique du royaume d’Agbomè (Dahomey).
De 1625 à 1900, douze rois se succédèrent à la tête du royaume, chacun édifiant son palais à l’intérieur de l’enceinte royale, à l’exception du roi Akaba, dont le palais est séparé par une voie principale de la ville.
Le musée s’étend actuellement sur 10 hectares et comprend deux départements, dont l’un, inauguré en 2004, est entièrement consacré au roi Béhanzin, dernier souverain indépendant du Danxomè.
Les palais de Ghézo et de Glèlè abritent les collections principales du musée, témoignages majeurs de la civilisation fon et de la symbolique royale.
2. Histoire complète du site et du musée
Origines traditionnelles du royaume
La tradition fait remonter l’origine des peuples fon à Tado, ancienne cité royale située près du fleuve Mono. À la suite de discordes internes, les descendants d’Agassou migrèrent et donnèrent naissance à plusieurs royaumes :
Allada,
Ajacè (Porto-Novo) fondé par Awesu/Tê Agbanlin,
le groupe Guédévi, vers Bohicon.
C’est dans ce contexte que Aho Houégbadja, petit-fils de Dogbali, fonde le royaume d’Agbomè et fait édifier son palais. Ses successeurs agrandissent progressivement l’ensemble palatial, qui atteint 44 ha au XIXᵉ siècle, puis 47 ha après réévaluation.
Développement du royaume et organisation palatiale
Entre 1625 et 1900, les douze rois du Danxomè bâtissent leurs palais selon les principes Aja-Fon, reprenant à chaque règne :
les matériaux traditionnels (terre de barre, bois, paille, eau),
les techniques ancestrales,
une organisation en trois cours hiérarchisées : extérieure, intérieure, privée,
des bas-reliefs polychromes à forte valeur symbolique (guerres, exploits, mythes).
Dix palais principaux composent le site, parfois côte à côte ou superposés, et forment un vaste centre politique, administratif, militaire et spirituel.
Expansion, conflits et chute du royaume
Puissant et redouté, le Danxomè affronte de nombreux adversaires, notamment les royaumes nagots de Kétou et d’Oyo.
Un conflit majeur avec la France — lié aux droits de douane et aux ambitions coloniales — aboutit en 1892 à l’incendie volontaire des palais par le roi Béhanzin, afin d’éviter leur profanation. Une grande partie des archives et trésors disparaît.
Déporté en Martinique, Béhanzin laisse place à son frère Agoli-Agbo, intronisé en 1894.
Restauration et création du musée
Après l’exil d’Agoli-Agbo, les restaurations reprennent :
premiers travaux sous Agoli-Agbo lui-même,
reconstruction à partir de 1911 sous Edmond Chaudoin,
restauration renforcée sous le gouverneur Reste et le prince Justin Aho,
formalisation du musée en 1938,
rattachement à l’IFAN en 1943, officialisé par l’arrêté de 1944,
remplacement par l’IRAD après l’indépendance en 1961.
3. Collections et organisation actuelle
Un ensemble royal unique
Le musée conserve de nombreux édifices royaux, parmi lesquels :
les palais de Kpengla et Tegbessou à Adandokpodji,
les palais d’Agonglo et de Ghézo à Gbècon,
le palais de Glèlè à Djègbé,
le palais de Béhanzin à Djimè,
le palais d’Agoli-Agbo à Gbindo.
De plus, la ville d’Abomey compte plusieurs temples vodoun, étroitement liés à l’histoire du Danxomè.
Organisation muséale actuelle
Le musée regroupe deux départements principaux :
Le département historique (palais de Ghézo et Glèlè), cœur muséal depuis 1944.
Le département Béhanzin (2004), centre d’interprétation consacré à la vie, au règne et à la résistance du dernier roi.
4. Le classement UNESCO
Année d’inscription : 1985
Extension : 2007
Type : Culturel
Critères :
(iii) Témoignage exceptionnel d’une tradition culturelle
(iv) Exemple unique d’architecture palatiale africaine
Superficie classée : 47,6 ha
Zone tampon : 181,6 ha
Numéro : 323
Organisation du site : 10 palais, deux zones séparées (Akaba d’un côté ; Houégbadja et ses successeurs de l’autre)
Intégrité
Inventaire 1995 : 184 composantes identifiées et cartographiées
Réévaluation de la superficie : de 44 à 47 ha
Plus de la moitié restaurée avec l’appui de l’UNESCO, de l’État et des familles royales
Authenticité
L’authenticité repose sur :
la continuité des fonctions rituelles,
l’usage fidèle des matériaux traditionnels (terre de barre, bois, paille, eau),
la conservation des lieux sacrés (Djexo, Adoxo, etc.),
la perpétuation des cérémonies traditionnelles qui maintiennent l’esprit du site.
5. 
• UNESCO — Palais royaux d’Abomey, https://whc.unesco.org/fr/list/323 
• Benin-Sejours.com — Musée historique d’Abomey, https://benin-sejours.com/cultural-places/9","• Wikipédia (FR) — Musée historique d’Abomey, https://fr.wikipedia.org/wiki/Mus%C3%A9e_historique_d%27Abomey",1,1,"Musée historique d’Abomey
Palais royaux d’Abomey — Patrimoine mondial de l’UNESCO (1985)
1. Résumé
Le Musée historique d’Abomey, installé au cœur des anciens palais royaux du Danxomè, constitue l’un des plus grands ensembles patrimoniaux du Bénin. Situé sur un site de 47,6 hectares, inscrit au patrimoine mondial de l’UNESCO depuis 1985, il conserve l’histoire politique, religieuse, militaire et artistique du royaume d’Agbomè (Dahomey).
De 1625 à 1900, douze rois se succédèrent à la tête du royaume, chacun édifiant son palais à l’intérieur de l’enceinte royale, à l’exception du roi Akaba, dont le palais est séparé par une voie principale de la ville.
Le musée s’étend actuellement sur 10 hectares et comprend deux départements, dont l’un, inauguré en 2004, est entièrement consacré au roi Béhanzin, dernier souverain indépendant du Danxomè.
Les palais de Ghézo et de Glèlè abritent les collections principales du musée, témoignages majeurs de la civilisation fon et de la symbolique royale.
2. Histoire complète du site et du musée
Origines traditionnelles du royaume
La tradition fait remonter l’origine des peuples fon à Tado, ancienne cité royale située près du fleuve Mono. À la suite de discordes internes, les descendants d’Agassou migrèrent et donnèrent naissance à plusieurs royaumes :
Allada,
Ajacè (Porto-Novo) fondé par Awesu/Tê Agbanlin,
le groupe Guédévi, vers Bohicon.
C’est dans ce contexte que Aho Houégbadja, petit-fils de Dogbali, fonde le royaume d’Agbomè et fait édifier son palais. Ses successeurs agrandissent progressivement l’ensemble palatial, qui atteint 44 ha au XIXᵉ siècle, puis 47 ha après réévaluation.
Développement du royaume et organisation palatiale
Entre 1625 et 1900, les douze rois du Danxomè bâtissent leurs palais selon les principes Aja-Fon, reprenant à chaque règne :
les matériaux traditionnels (terre de barre, bois, paille, eau),
les techniques ancestrales,
une organisation en trois cours hiérarchisées : extérieure, intérieure, privée,
des bas-reliefs polychromes à forte valeur symbolique (guerres, exploits, mythes).
Dix palais principaux composent le site, parfois côte à côte ou superposés, et forment un vaste centre politique, administratif, militaire et spirituel.
Expansion, conflits et chute du royaume
Puissant et redouté, le Danxomè affronte de nombreux adversaires, notamment les royaumes nagots de Kétou et d’Oyo.
Un conflit majeur avec la France — lié aux droits de douane et aux ambitions coloniales — aboutit en 1892 à l’incendie volontaire des palais par le roi Béhanzin, afin d’éviter leur profanation. Une grande partie des archives et trésors disparaît.
Déporté en Martinique, Béhanzin laisse place à son frère Agoli-Agbo, intronisé en 1894.
Restauration et création du musée
Après l’exil d’Agoli-Agbo, les restaurations reprennent :
premiers travaux sous Agoli-Agbo lui-même,
reconstruction à partir de 1911 sous Edmond Chaudoin,
restauration renforcée sous le gouverneur Reste et le prince Justin Aho,
formalisation du musée en 1938,
rattachement à l’IFAN en 1943, officialisé par l’arrêté de 1944,
remplacement par l’IRAD après l’indépendance en 1961.
3. Collections et organisation actuelle
Un ensemble royal unique
Le musée conserve de nombreux édifices royaux, parmi lesquels :
les palais de Kpengla et Tegbessou à Adandokpodji,
les palais d’Agonglo et de Ghézo à Gbècon,
le palais de Glèlè à Djègbé,
le palais de Béhanzin à Djimè,
le palais d’Agoli-Agbo à Gbindo.
De plus, la ville d’Abomey compte plusieurs temples vodoun, étroitement liés à l’histoire du Danxomè.
Organisation muséale actuelle
Le musée regroupe deux départements principaux :
Le département historique (palais de Ghézo et Glèlè), cœur muséal depuis 1944.
Le département Béhanzin (2004), centre d’interprétation consacré à la vie, au règne et à la résistance du dernier roi.
4. Le classement UNESCO
Année d’inscription : 1985
Extension : 2007
Type : Culturel
Critères :
(iii) Témoignage exceptionnel d’une tradition culturelle
(iv) Exemple unique d’architecture palatiale africaine
Superficie classée : 47,6 ha
Zone tampon : 181,6 ha
Numéro : 323
Organisation du site : 10 palais, deux zones séparées (Akaba d’un côté ; Houégbadja et ses successeurs de l’autre)
Intégrité
Inventaire 1995 : 184 composantes identifiées et cartographiées
Réévaluation de la superficie : de 44 à 47 ha
Plus de la moitié restaurée avec l’appui de l’UNESCO, de l’État et des familles royales
Authenticité
L’authenticité repose sur :
la continuité des fonctions rituelles,
l’usage fidèle des matériaux traditionnels (terre de barre, bois, paille, eau),
la conservation des lieux sacrés (Djexo, Adoxo, etc.),
la perpétuation des cérémonies traditionnelles qui maintiennent l’esprit du site.
5. 
• UNESCO — Palais royaux d’Abomey, https://whc.unesco.org/fr/list/323 
• Benin-Sejours.com — Musée historique d’Abomey, https://benin-sejours.com/cultural-places/9

=== SOURCES ===
• Wikipédia (FR) — Musée historique d’Abomey, https://fr.wikipedia.org/wiki/Mus%C3%A9e_historique_d%27Abomey",4883,721,108,8,4991,729,True,True,7,"Abomey-Intérieure Musée Historique.jpg|||Entrée Musée Historique d'Abomey.jpg|||Entrée du Musée Historique.jpg|||Intérieure du Musée historique,Palais_du_roi_Agoli-Agbo.jpg|||Intérieure du Musée historique,Palais_du_roi_Kpengla.jpg|||Musée historique,les trônes des rois.jpg|||Musée_Historique,la cour et les palais royaux.jpg",Donnees_soutenance\Abomey\Lieux historiques et monuments d'Abomey\Musée historique d’Abomey\Musée_historique_Abomey.docx,Donnees_soutenance\Abomey\Lieux historiques et monuments d'Abomey\Musée historique d’Abomey,Lieux historiques et monuments d'Abomey/Musée historique d’Abomey,"{'source_name': 'Wikipédia (FR)', 'description': 'Musée historique d’Abomey', 'url': 'https://fr.wikipedia.org/wiki/Mus%C3%A9e_historique_d%27Abomey', 'source_type': 'wikipédia', 'raw_text': '• Wikipédia (FR) — Musée historique d’Abomey, https://fr.wikipedia.org/wiki/Mus%C3%A9e_historique_d%27Abomey'}",https://fr.wikipedia.org/wiki/Mus%C3%A9e_historique_d%27Abomey,"Abomey-Intérieure Musée Historique.jpg | Entrée Musée Historique d'Abomey.jpg | Entrée du Musée Historique.jpg | Intérieure du Musée historique,Palais_du_roi_Agoli-Agbo.jpg | Intérieure du Musée historique,Palais_du_roi_Kpengla.jpg | Musée historique,les trônes des rois.jpg | Musée_Historique,la cour et les palais royaux.jpg"
Abomey,Lieux historiques et monuments d'Abomey,Palais royaux d'Abomey,Palais_royaux_Abomey.docx,Palais royaux Abomey,"Palais royaux d’Abomey
Centre historique et architectural du Royaume du Dahomey – Patrimoine mondial de l’UNESCO
1. Résumé
Les palais royaux d’Abomey sont le témoignage matériel et symbolique du puissant royaume du Dahomey, qui s’affirma sur la côte ouest-africaine entre le milieu du XVIIᵉ siècle et 1900. Douze rois s’y succédèrent, chacun édifiant son palais à l’intérieur de l’enceinte royale, à l’exception du roi Akaba qui utilisa un enclos séparé. Ces constructions constituent un ensemble architectural exceptionnel, organisé selon les principes de la culture Aja-Fon, et sont aujourd’hui inscrites au patrimoine mondial de l’UNESCO. Les palais témoignent non seulement du pouvoir et de la hiérarchie du royaume, mais aussi de son savoir-faire technique et artisanal, tout en incarnant la mémoire d’une culture et d’une identité collective encore vivante.
2. Historique et rôle du site
Origines et développement
Le Royaume du Dahomey se développe à partir du règne de son fondateur, Houegbadja, qui pose le précepte selon lequel « le royaume doit toujours être fait plus grand ». De 1625 à 1900, douze rois se succèdent à Abomey, chacun édifiant son palais dans la continuité des architectures précédentes. Les palais sont le centre de la vie politique, économique et religieuse du royaume : lieu de décisions, dépôt des trésors, centre d’élaboration artisanale et scène des cérémonies traditionnelles.
Organisation et architecture
Les palais s’étendent sur une superficie totale de 47 hectares et se composent d’un ensemble de dix palais principaux, construits côte à côte ou superposés selon l’ordre de succession royale. Chaque palais est entouré de murailles en bauge et s’articule autour de trois cours hiérarchisées : extérieure, intérieure et privée. Les portails, construits à cheval sur les murs d’enceinte, assurent la circulation entre les cours tout en maintenant un contrôle strict de l’accès. Certains palais privés et résidences leurres complètent le dispositif, renforçant la sécurité et protégeant le souverain et ses sujets des attaques extérieures ou des rivalités internes.
Symbolique et décoration
Les façades des palais sont ornées de bas-reliefs polychromes, illustrant les exploits militaires, les légendes royales et les valeurs du royaume, notamment la résistance à la colonisation. L’iconographie reflète le pouvoir, la spiritualité et le prestige des rois, contribuant à la transmission des mémoires collectives et à la cohésion sociale.
3. Authenticité et conservation
Inventaire et restauration
Un inventaire réalisé en 1995, avec l’appui du Centre du patrimoine mondial, a recensé 184 composantes du site. Plus de la moitié de ces structures ont depuis été restaurées, conformément aux normes de conservation et avec le soutien de l’UNESCO, de l’État béninois et des familles royales. L’authenticité des palais repose sur l’usage continu de matériaux traditionnels (terre, bois, paille, eau) et sur le respect des techniques ancestrales, notamment pour les Djexo (cases abritant l’esprit du roi) et Adoxo (tombes royales).
Gestion et protection
La protection du site est assurée par la loi n°2007-20 portant sur le patrimoine culturel et naturel à caractère culturel, ainsi que par un règlement d’urbanisme pour la zone tampon autour du site. La gestion participative implique les familles royales, la mairie, l’État, les spécialistes du patrimoine et les populations locales. Un plan de conservation, un suivi régulier et des mesures de protection contre les phénomènes naturels ou les actions humaines garantissent la pérennité du site.
4. Valeur culturelle et symbolique
Centre de mémoire et de fierté nationale
Les palais royaux d’Abomey incarnent la grandeur et la résistance du Dahomey, tout en servant de vecteur de cohésion sociale et de fierté nationale. Ils sont encore aujourd’hui le lieu de cérémonies commémoratives, témoignant de la vitalité des traditions royales et du rôle du pouvoir culturel dans la société béninoise.
Tourisme et développement local
Le site attire des milliers de visiteurs chaque année, contribuant au développement économique et à la valorisation de l’artisanat local. Il joue également un rôle central dans l’éducation patrimoniale et dans la transmission de l’histoire du Dahomey aux jeunes générations.
5. 
• Afrik.com — Les palais royaux d’Abomey : héritage d’un royaume disparu, : https://www.afrik.com/les-palais-royaux-d-abomey-heritage-d-un-royaume-disparu
• Craterre — Conservation des palais royaux d’Abomey, https://craterre.org/case/conservation-des-palais-royaux-dabomey/","• UNESCO — Palais royaux d’Abomey, https://whc.unesco.org/fr/list/323/",1,1,"Palais royaux d’Abomey
Centre historique et architectural du Royaume du Dahomey – Patrimoine mondial de l’UNESCO
1. Résumé
Les palais royaux d’Abomey sont le témoignage matériel et symbolique du puissant royaume du Dahomey, qui s’affirma sur la côte ouest-africaine entre le milieu du XVIIᵉ siècle et 1900. Douze rois s’y succédèrent, chacun édifiant son palais à l’intérieur de l’enceinte royale, à l’exception du roi Akaba qui utilisa un enclos séparé. Ces constructions constituent un ensemble architectural exceptionnel, organisé selon les principes de la culture Aja-Fon, et sont aujourd’hui inscrites au patrimoine mondial de l’UNESCO. Les palais témoignent non seulement du pouvoir et de la hiérarchie du royaume, mais aussi de son savoir-faire technique et artisanal, tout en incarnant la mémoire d’une culture et d’une identité collective encore vivante.
2. Historique et rôle du site
Origines et développement
Le Royaume du Dahomey se développe à partir du règne de son fondateur, Houegbadja, qui pose le précepte selon lequel « le royaume doit toujours être fait plus grand ». De 1625 à 1900, douze rois se succèdent à Abomey, chacun édifiant son palais dans la continuité des architectures précédentes. Les palais sont le centre de la vie politique, économique et religieuse du royaume : lieu de décisions, dépôt des trésors, centre d’élaboration artisanale et scène des cérémonies traditionnelles.
Organisation et architecture
Les palais s’étendent sur une superficie totale de 47 hectares et se composent d’un ensemble de dix palais principaux, construits côte à côte ou superposés selon l’ordre de succession royale. Chaque palais est entouré de murailles en bauge et s’articule autour de trois cours hiérarchisées : extérieure, intérieure et privée. Les portails, construits à cheval sur les murs d’enceinte, assurent la circulation entre les cours tout en maintenant un contrôle strict de l’accès. Certains palais privés et résidences leurres complètent le dispositif, renforçant la sécurité et protégeant le souverain et ses sujets des attaques extérieures ou des rivalités internes.
Symbolique et décoration
Les façades des palais sont ornées de bas-reliefs polychromes, illustrant les exploits militaires, les légendes royales et les valeurs du royaume, notamment la résistance à la colonisation. L’iconographie reflète le pouvoir, la spiritualité et le prestige des rois, contribuant à la transmission des mémoires collectives et à la cohésion sociale.
3. Authenticité et conservation
Inventaire et restauration
Un inventaire réalisé en 1995, avec l’appui du Centre du patrimoine mondial, a recensé 184 composantes du site. Plus de la moitié de ces structures ont depuis été restaurées, conformément aux normes de conservation et avec le soutien de l’UNESCO, de l’État béninois et des familles royales. L’authenticité des palais repose sur l’usage continu de matériaux traditionnels (terre, bois, paille, eau) et sur le respect des techniques ancestrales, notamment pour les Djexo (cases abritant l’esprit du roi) et Adoxo (tombes royales).
Gestion et protection
La protection du site est assurée par la loi n°2007-20 portant sur le patrimoine culturel et naturel à caractère culturel, ainsi que par un règlement d’urbanisme pour la zone tampon autour du site. La gestion participative implique les familles royales, la mairie, l’État, les spécialistes du patrimoine et les populations locales. Un plan de conservation, un suivi régulier et des mesures de protection contre les phénomènes naturels ou les actions humaines garantissent la pérennité du site.
4. Valeur culturelle et symbolique
Centre de mémoire et de fierté nationale
Les palais royaux d’Abomey incarnent la grandeur et la résistance du Dahomey, tout en servant de vecteur de cohésion sociale et de fierté nationale. Ils sont encore aujourd’hui le lieu de cérémonies commémoratives, témoignant de la vitalité des traditions royales et du rôle du pouvoir culturel dans la société béninoise.
Tourisme et développement local
Le site attire des milliers de visiteurs chaque année, contribuant au développement économique et à la valorisation de l’artisanat local. Il joue également un rôle central dans l’éducation patrimoniale et dans la transmission de l’histoire du Dahomey aux jeunes générations.
5. 
• Afrik.com — Les palais royaux d’Abomey : héritage d’un royaume disparu, : https://www.afrik.com/les-palais-royaux-d-abomey-heritage-d-un-royaume-disparu
• Craterre — Conservation des palais royaux d’Abomey, https://craterre.org/case/conservation-des-palais-royaux-dabomey/

=== SOURCES ===
• UNESCO — Palais royaux d’Abomey, https://whc.unesco.org/fr/list/323/",4561,668,70,7,4631,675,True,True,10,"Abomey-Palais royaux,Palais_du_roi_Agoli-Agbo.jpg|||Abomey-Palais-royaux Cour_intérieure.jpg|||Abomey-Palais_du_roi_Agadja.jpg|||Abomey-palais.jpg|||Palais royaux d'Abomey.jpg|||Palais royaux d'Abomey_2.jpg|||Palais-royaux,Abomey-Palais_du_roi_Kpengla.jpg|||Palais_d'Abomey-Cour_intérieure.jpg|||les-Palais royaux,Abomey-Palais_du_roi_Houegbadja.jpg|||palais royaux d'Abomey_1.jpg",Donnees_soutenance\Abomey\Lieux historiques et monuments d'Abomey\Palais royaux d'Abomey\Palais_royaux_Abomey.docx,Donnees_soutenance\Abomey\Lieux historiques et monuments d'Abomey\Palais royaux d'Abomey,Lieux historiques et monuments d'Abomey/Palais royaux d'Abomey,"{'source_name': 'UNESCO', 'description': 'Palais royaux d’Abomey', 'url': 'https://whc.unesco.org/fr/list/323/', 'source_type': 'autre', 'raw_text': '• UNESCO — Palais royaux d’Abomey, https://whc.unesco.org/fr/list/323/'}",https://whc.unesco.org/fr/list/323/,"Abomey-Palais royaux,Palais_du_roi_Agoli-Agbo.jpg | Abomey-Palais-royaux Cour_intérieure.jpg | Abomey-Palais_du_roi_Agadja.jpg | Abomey-palais.jpg | Palais royaux d'Abomey.jpg | Palais royaux d'Abomey_2.jpg | Palais-royaux,Abomey-Palais_du_roi_Kpengla.jpg | Palais_d'Abomey-Cour_intérieure.jpg | les-Palais royaux,Abomey-Palais_du_roi_Houegbadja.jpg | palais royaux d'Abomey_1.jpg"
Abomey,Lieux historiques et monuments d'Abomey,Place Goho abomey,Place_Goho_Abomey.docx,Place Goho Abomey,"Place Goho
Site historique et symbole de la résistance du Royaume du Dahomey – Abomey, Bénin
1. Résumé
La Place Goho est un lieu emblématique de la ville d’Abomey, associé à la résistance du royaume du Dahomey face à la colonisation française. Elle marque l’endroit où le roi Béhanzin, dernier souverain indépendant, a signé la capitulation en 1894 après plusieurs années de lutte contre l’armée française dirigée par le général Dodds. La place illustre à la fois la mémoire de la bravoure militaire et le rôle historique de Béhanzin en tant que symbole national de résistance.
2. Historique et rôle du site
Origines et développement
La place tire son nom du fameux lieu de la capitulation du roi Béhanzin. Ce dernier commandait une armée de plus de 15 000 hommes, dont 4 000 Amazones du Dahomey, et tenta de contrer la progression française jusqu’à la ville d’Abomey. Après l’ultime bataille de 1894, face aux lourdes pertes et aux dommages matériels considérables, Béhanzin décida de négocier et céder ses terres, donnant naissance à ce lieu historique devenu symbole de résistance et de mémoire collective.
Histoire post-indépendance
Après l’indépendance du Bénin, la Place Goho est devenue un site mythique et un espace public central dans la ville d’Abomey.
En 1974, elle servit de base pour le gouvernement militaire révolutionnaire, qui y proclama son programme d’idéologie marxiste-léniniste.
En 1978, une statue en bronze de Béhanzin fut érigée sur la place. Le roi est représenté portant le chapeau royal, le pagne princier, les sandales royales, et tenant le symbole de sa royauté. Sa main gauche est avancée, en signe de « stop » face aux envahisseurs, rappelant son rôle de défenseur du Dahomey.
3. Organisation et architecture
La place est ombragée, aménagée pour accueillir le public et les événements officiels. La statue de Béhanzin constitue le point focal et symbolique du site, tandis que la disposition ouverte de la place permet d’organiser cérémonies, rassemblements et manifestations culturelles. La combinaison d’espaces publics et de monuments historiques confère à la place une valeur à la fois commémorative et sociale.
4. Valeur culturelle et symbolique
Centre de mémoire et de fierté nationale
La Place Goho est le symbole de la résistance du Dahomey face à la colonisation. Elle incarne la bravoure du roi Béhanzin et de son armée, notamment des Amazones, tout en rappelant les sacrifices du peuple pour préserver son indépendance.
Tourisme et développement local
Aujourd’hui, la place attire à la fois touristes locaux et étrangers, et constitue un site central pour les événements culturels et commémoratifs. Elle contribue au développement touristique et à la valorisation du patrimoine historique d’Abomey.
5. 
Wikipedia — Béhanzin, https://fr.wikipedia.org/wiki/Béhanzin","Bénin Séjours — Place Goho, https://benin-sejours.com/cultural-places/11",1,1,"Place Goho
Site historique et symbole de la résistance du Royaume du Dahomey – Abomey, Bénin
1. Résumé
La Place Goho est un lieu emblématique de la ville d’Abomey, associé à la résistance du royaume du Dahomey face à la colonisation française. Elle marque l’endroit où le roi Béhanzin, dernier souverain indépendant, a signé la capitulation en 1894 après plusieurs années de lutte contre l’armée française dirigée par le général Dodds. La place illustre à la fois la mémoire de la bravoure militaire et le rôle historique de Béhanzin en tant que symbole national de résistance.
2. Historique et rôle du site
Origines et développement
La place tire son nom du fameux lieu de la capitulation du roi Béhanzin. Ce dernier commandait une armée de plus de 15 000 hommes, dont 4 000 Amazones du Dahomey, et tenta de contrer la progression française jusqu’à la ville d’Abomey. Après l’ultime bataille de 1894, face aux lourdes pertes et aux dommages matériels considérables, Béhanzin décida de négocier et céder ses terres, donnant naissance à ce lieu historique devenu symbole de résistance et de mémoire collective.
Histoire post-indépendance
Après l’indépendance du Bénin, la Place Goho est devenue un site mythique et un espace public central dans la ville d’Abomey.
En 1974, elle servit de base pour le gouvernement militaire révolutionnaire, qui y proclama son programme d’idéologie marxiste-léniniste.
En 1978, une statue en bronze de Béhanzin fut érigée sur la place. Le roi est représenté portant le chapeau royal, le pagne princier, les sandales royales, et tenant le symbole de sa royauté. Sa main gauche est avancée, en signe de « stop » face aux envahisseurs, rappelant son rôle de défenseur du Dahomey.
3. Organisation et architecture
La place est ombragée, aménagée pour accueillir le public et les événements officiels. La statue de Béhanzin constitue le point focal et symbolique du site, tandis que la disposition ouverte de la place permet d’organiser cérémonies, rassemblements et manifestations culturelles. La combinaison d’espaces publics et de monuments historiques confère à la place une valeur à la fois commémorative et sociale.
4. Valeur culturelle et symbolique
Centre de mémoire et de fierté nationale
La Place Goho est le symbole de la résistance du Dahomey face à la colonisation. Elle incarne la bravoure du roi Béhanzin et de son armée, notamment des Amazones, tout en rappelant les sacrifices du peuple pour préserver son indépendance.
Tourisme et développement local
Aujourd’hui, la place attire à la fois touristes locaux et étrangers, et constitue un site central pour les événements culturels et commémoratifs. Elle contribue au développement touristique et à la valorisation du patrimoine historique d’Abomey.
5. 
Wikipedia — Béhanzin, https://fr.wikipedia.org/wiki/Béhanzin

=== SOURCES ===
Bénin Séjours — Place Goho, https://benin-sejours.com/cultural-places/11",2806,439,72,6,2878,445,True,True,1,"Place Goho,statue du roi Béhanzin.jpg",Donnees_soutenance\Abomey\Lieux historiques et monuments d'Abomey\Place Goho abomey\Place_Goho_Abomey.docx,Donnees_soutenance\Abomey\Lieux historiques et monuments d'Abomey\Place Goho abomey,Lieux historiques et monuments d'Abomey/Place Goho abomey,"{'source_name': '', 'description': 'Bénin Séjours — Place Goho, https://benin-sejours.com/cultural-places/11', 'url': '', 'source_type': 'texte', 'raw_text': 'Bénin Séjours — Place Goho, https://benin-sejours.com/cultural-places/11'}",https://benin-sejours.com/cultural-places/11,"Place Goho,statue du roi Béhanzin.jpg"
Abomey,Rois du Dahomey,Adandozan,Adandozan.docx,Adandozan,"Adandozan (1797 – 1818)
Neuvième roi d’Abomey – Roi effacé des traditions orales du Danxomé
1. Résumé
Adandozan régna sur le royaume d’Abomey pendant vingt et un ans, de 1797 à 1818. Fils du roi Agonglo, il accède au trône après une longue dispute liée à l’assassinat de son père. Son règne fut marqué par une crise profonde autour de la traite négrière, comme l’attestent les correspondances diplomatiques échangées avec les autorités portugaises. Longtemps présenté comme un roi cruel, cette réputation résulte surtout d’une image façonnée après son renversement par son demi-frère Ghézo, aidé du marchand d’esclaves Francisco Félix de Sousa. Effacé de la tradition orale, Adandozan demeure un souverain controversé, souvent désigné sous le surnom « Daa Gbolometon », le roi inconnu.
2. Biographie complète
Origines et accession au trône
Adandozan est le fils du roi Agonglo. Lors de l’assassinat de ce dernier en 1789, une longue dispute éclate autour de sa succession. Il n’est finalement intronisé qu’en 1797. Une fois sur le trône, il punit sévèrement les personnes impliquées dans les événements liés à la mort de son père.
Bien que la tradition dahoméenne le décrive comme un roi cruel, cette représentation a surtout été développée après son renversement par son demi-frère Ghézo, soutenu par Francisco Félix de Sousa.
Un règne marqué par la crise de la traite négrière
Les recherches de Pierre Verger et de l’historienne Ana Lucia Araujo, basées sur la correspondance du roi avec les autorités portugaises, montrent que le Dahomey traverse sous son règne une période de crise liée à la traite négrière à la fin du XVIIIᵉ et au début du XIXᵉ siècle.
On y trouve la trace de nombreux cadeaux diplomatiques envoyés au prince régent Jean, notamment une réplique du trône royal d’Adandozan. Cette pièce historique, longtemps conservée au Musée national du Brésil à Rio de Janeiro, a été détruite lors de l’incendie du 2 septembre 2018.
Renversement et effacement de la mémoire
Adandozan est renversé en 1818. La tradition orale a supprimé son nom, son règne et ses symboles. Dans les récits aboméens, il n’apparaît jamais comme roi officiel.
Lorsqu’il est évoqué, les Aboméens l’appellent « Daa Gbolometon », qui signifie « roi inconnu, indéterminé, qui est dans la nature ».
Il meurt en 1861.
3. Symboles, mythes et héritage
Symbole royal
La natte de la colère
« La colère a étendu sa natte et personne ne peut la replier. »
Ce symbole évoque la période agitée de son règne et la situation conflictuelle ayant conduit à sa chute.
Mythes et traditions
Son nom et son règne ont été effacés des traditions officielles du Danxomé.
La perception d’un roi « cruel » relève principalement d’une construction postérieure, élaborée après son renversement.
Héritage
Adandozan laisse une trace ambiguë dans l’histoire du Dahomey :
Son règne révèle les tensions internes liées à la traite négrière.
Il entretient une correspondance diplomatique importante avec le Portugal.
Son trône, devenu un symbole historique, a disparu en 2018 dans l’incendie du Musée national du Brésil.
Son effacement volontaire des récits oraux en fait un cas unique dans la dynastie des rois d’Abomey.
4. 
Wikipédia (FR) — Rois d’Abomey, https://fr.wikipedia.org/wiki/Roi_d%27Abomey","Wikipédia (FR) — Adandozan, https://fr.wikipedia.org/wiki/Adandozan",1,1,"Adandozan (1797 – 1818)
Neuvième roi d’Abomey – Roi effacé des traditions orales du Danxomé
1. Résumé
Adandozan régna sur le royaume d’Abomey pendant vingt et un ans, de 1797 à 1818. Fils du roi Agonglo, il accède au trône après une longue dispute liée à l’assassinat de son père. Son règne fut marqué par une crise profonde autour de la traite négrière, comme l’attestent les correspondances diplomatiques échangées avec les autorités portugaises. Longtemps présenté comme un roi cruel, cette réputation résulte surtout d’une image façonnée après son renversement par son demi-frère Ghézo, aidé du marchand d’esclaves Francisco Félix de Sousa. Effacé de la tradition orale, Adandozan demeure un souverain controversé, souvent désigné sous le surnom « Daa Gbolometon », le roi inconnu.
2. Biographie complète
Origines et accession au trône
Adandozan est le fils du roi Agonglo. Lors de l’assassinat de ce dernier en 1789, une longue dispute éclate autour de sa succession. Il n’est finalement intronisé qu’en 1797. Une fois sur le trône, il punit sévèrement les personnes impliquées dans les événements liés à la mort de son père.
Bien que la tradition dahoméenne le décrive comme un roi cruel, cette représentation a surtout été développée après son renversement par son demi-frère Ghézo, soutenu par Francisco Félix de Sousa.
Un règne marqué par la crise de la traite négrière
Les recherches de Pierre Verger et de l’historienne Ana Lucia Araujo, basées sur la correspondance du roi avec les autorités portugaises, montrent que le Dahomey traverse sous son règne une période de crise liée à la traite négrière à la fin du XVIIIᵉ et au début du XIXᵉ siècle.
On y trouve la trace de nombreux cadeaux diplomatiques envoyés au prince régent Jean, notamment une réplique du trône royal d’Adandozan. Cette pièce historique, longtemps conservée au Musée national du Brésil à Rio de Janeiro, a été détruite lors de l’incendie du 2 septembre 2018.
Renversement et effacement de la mémoire
Adandozan est renversé en 1818. La tradition orale a supprimé son nom, son règne et ses symboles. Dans les récits aboméens, il n’apparaît jamais comme roi officiel.
Lorsqu’il est évoqué, les Aboméens l’appellent « Daa Gbolometon », qui signifie « roi inconnu, indéterminé, qui est dans la nature ».
Il meurt en 1861.
3. Symboles, mythes et héritage
Symbole royal
La natte de la colère
« La colère a étendu sa natte et personne ne peut la replier. »
Ce symbole évoque la période agitée de son règne et la situation conflictuelle ayant conduit à sa chute.
Mythes et traditions
Son nom et son règne ont été effacés des traditions officielles du Danxomé.
La perception d’un roi « cruel » relève principalement d’une construction postérieure, élaborée après son renversement.
Héritage
Adandozan laisse une trace ambiguë dans l’histoire du Dahomey :
Son règne révèle les tensions internes liées à la traite négrière.
Il entretient une correspondance diplomatique importante avec le Portugal.
Son trône, devenu un symbole historique, a disparu en 2018 dans l’incendie du Musée national du Brésil.
Son effacement volontaire des récits oraux en fait un cas unique dans la dynastie des rois d’Abomey.
4. 
Wikipédia (FR) — Rois d’Abomey, https://fr.wikipedia.org/wiki/Roi_d%27Abomey

=== SOURCES ===
Wikipédia (FR) — Adandozan, https://fr.wikipedia.org/wiki/Adandozan",3253,522,67,5,3320,527,True,True,0,Aucune,Donnees_soutenance\Abomey\Rois du Dahomey\Adandozan\Adandozan.docx,Donnees_soutenance\Abomey\Rois du Dahomey\Adandozan,Rois du Dahomey/Adandozan,"{'source_name': '', 'description': 'Wikipédia (FR) — Adandozan, https://fr.wikipedia.org/wiki/Adandozan', 'url': '', 'source_type': 'texte', 'raw_text': 'Wikipédia (FR) — Adandozan, https://fr.wikipedia.org/wiki/Adandozan'}",https://fr.wikipedia.org/wiki/Adandozan,
Abomey,Rois du Dahomey,Agadja,Agadja.docx,Agadja,"Agadja (1673 – 1740)
Cinquième roi d’Abomey — Surnommé « le Conquérant »
1. Résumé
Dossou Agadja, souvent appelé Agaja, régna sur le Dahomey de 1711 à 1740. Successeur de la reine Hangbè ou héritier de son frère Akaba selon les traditions, il s’impose comme l’un des rois les plus marquants de l’histoire du royaume. Conquérant du sud, vainqueur d’Allada et de Savi, il ouvre l’accès du Dahomey à la mer et développe le commerce avec les Européens. Son règne est également marqué par les guerres contre le royaume d’Oyo, qui imposèrent au Dahomey un lourd tribut. À sa mort en 1740, son fils Tegbessou lui succède.
2. Biographie complète
Origines et accession au trône
Né en 1673, Agadja est le fils du roi Akaba. À sa mort en 1708, l’héritier légitime, Agbo Sassa, n’a alors qu’une dizaine d’années. Plusieurs traditions décrivent la transition du pouvoir :
Agadja aurait succédé directement à son frère Akaba,
ou bien il aurait pris la place de la reine Hangbè, sœur jumelle d’Akaba, qui aurait assuré la régence.
Lorsque Agbo Sassa devient adulte et revendique le trône, Agadja l’écarte et le contraint à l’exil, consolidant ainsi son contrôle sur le royaume. Il monte définitivement sur le trône en 1711.
Conquêtes et expansion vers le sud
Agadja gagne son surnom de « le Conquérant » grâce à une série de campagnes militaires décisives.
En 1724, il conquiert le royaume d’Allada.
En 1727, il prend le royaume de Savi, capitale économique du royaume de Hueda (Ouidah), ouvrant ainsi au Dahomey un accès direct à la mer.
Ces victoires permettent au Dahomey de commercer avec les Européens sans intermédiaires côtiers. Le symbole choisi par Agadja — une caravelle — illustre cette nouvelle politique économique.
Les campagnes militaires s’appuient sur :
l’usage accru des Agojié, les célèbres « Amazones » du Dahomey ;
l’intégration d’armes à feu européennes dans l’armée.
Un épisode célèbre rapporte que lors de la conquête de Ouidah, la fille d’Agadja — mariée au roi Houffon — sabota la défense de la ville en humidifiant la poudre à canon.
Conflits avec Oyo et tribut imposé
Malgré sa puissance militaire, Agadja échoue à protéger le Dahomey contre le royaume yoruba d’Oyo, alors à son apogée.
En 1726, le Dahomey est vaincu.
En 1727, un traité impose au royaume un tribut annuel extrêmement lourd :
armes, textiles, perles, animaux, mais aussi une quarantaine de jeunes filles et de jeunes garçons destinés aux sacrifices ou à l’esclavage.
Ignoré durant quelques années, ce tribut entraîne de nouvelles invasions en 1728, 1729 et surtout 1730–1732, durant lesquelles Tegbessou, fils d’Agadja, est temporairement pris en otage.
En 1739, Oyo attaque encore, plaçant un représentant permanent au Dahomey, qui devient alors un royaume vassal.
Fin de règne et transfert de la capitale
Les invasions répétées laissent Abomey à plusieurs reprises en ruines. Acculé, Agadja déplace la capitale à Allada en 1730, où il résidera jusqu’à sa mort en 1740.
3. Symboles, mythes et héritage
Symboles
• Caravelle
→ Symbole de l’ouverture du Dahomey aux échanges maritimes et au commerce européen.
• Proverbe associé :
« Personne ne peut mettre le feu à un grand arbre abattu avec toutes ses branches ; il faut d’abord le couper. »
→ Évoque la stratégie, la patience et la force maîtrisée.
Mythes et récits
• Son règne est associé aux grandes conquêtes du Dahomey et à l’essor des Agojié.
• L’histoire de sa fille sabotant la défense de Ouidah est l’une des anecdotes les plus célèbres de cette époque.
Héritage
Agadja laisse une trace durable dans l’histoire du Dahomey :
il réalise l’un des plus grands agrandissements territoriaux du royaume,
donne au Dahomey un accès maritime stratégique,
structure l’armée et modernise les armes,
marque profondément la mémoire collective par ses conquêtes.
Mais son règne reste aussi associé :
à la lourde domination d’Oyo,
et au déplacement de la capitale, symbole d’une période de fragilité.
4. 
• Wikipédia (FR) — Rois d’Abomey : https://fr.wikipedia.org/wiki/Roi_d%27Abomey",• Wikipédia (FR) — Agadja : https://fr.wikipedia.org/wiki/Agadja,1,1,"Agadja (1673 – 1740)
Cinquième roi d’Abomey — Surnommé « le Conquérant »
1. Résumé
Dossou Agadja, souvent appelé Agaja, régna sur le Dahomey de 1711 à 1740. Successeur de la reine Hangbè ou héritier de son frère Akaba selon les traditions, il s’impose comme l’un des rois les plus marquants de l’histoire du royaume. Conquérant du sud, vainqueur d’Allada et de Savi, il ouvre l’accès du Dahomey à la mer et développe le commerce avec les Européens. Son règne est également marqué par les guerres contre le royaume d’Oyo, qui imposèrent au Dahomey un lourd tribut. À sa mort en 1740, son fils Tegbessou lui succède.
2. Biographie complète
Origines et accession au trône
Né en 1673, Agadja est le fils du roi Akaba. À sa mort en 1708, l’héritier légitime, Agbo Sassa, n’a alors qu’une dizaine d’années. Plusieurs traditions décrivent la transition du pouvoir :
Agadja aurait succédé directement à son frère Akaba,
ou bien il aurait pris la place de la reine Hangbè, sœur jumelle d’Akaba, qui aurait assuré la régence.
Lorsque Agbo Sassa devient adulte et revendique le trône, Agadja l’écarte et le contraint à l’exil, consolidant ainsi son contrôle sur le royaume. Il monte définitivement sur le trône en 1711.
Conquêtes et expansion vers le sud
Agadja gagne son surnom de « le Conquérant » grâce à une série de campagnes militaires décisives.
En 1724, il conquiert le royaume d’Allada.
En 1727, il prend le royaume de Savi, capitale économique du royaume de Hueda (Ouidah), ouvrant ainsi au Dahomey un accès direct à la mer.
Ces victoires permettent au Dahomey de commercer avec les Européens sans intermédiaires côtiers. Le symbole choisi par Agadja — une caravelle — illustre cette nouvelle politique économique.
Les campagnes militaires s’appuient sur :
l’usage accru des Agojié, les célèbres « Amazones » du Dahomey ;
l’intégration d’armes à feu européennes dans l’armée.
Un épisode célèbre rapporte que lors de la conquête de Ouidah, la fille d’Agadja — mariée au roi Houffon — sabota la défense de la ville en humidifiant la poudre à canon.
Conflits avec Oyo et tribut imposé
Malgré sa puissance militaire, Agadja échoue à protéger le Dahomey contre le royaume yoruba d’Oyo, alors à son apogée.
En 1726, le Dahomey est vaincu.
En 1727, un traité impose au royaume un tribut annuel extrêmement lourd :
armes, textiles, perles, animaux, mais aussi une quarantaine de jeunes filles et de jeunes garçons destinés aux sacrifices ou à l’esclavage.
Ignoré durant quelques années, ce tribut entraîne de nouvelles invasions en 1728, 1729 et surtout 1730–1732, durant lesquelles Tegbessou, fils d’Agadja, est temporairement pris en otage.
En 1739, Oyo attaque encore, plaçant un représentant permanent au Dahomey, qui devient alors un royaume vassal.
Fin de règne et transfert de la capitale
Les invasions répétées laissent Abomey à plusieurs reprises en ruines. Acculé, Agadja déplace la capitale à Allada en 1730, où il résidera jusqu’à sa mort en 1740.
3. Symboles, mythes et héritage
Symboles
• Caravelle
→ Symbole de l’ouverture du Dahomey aux échanges maritimes et au commerce européen.
• Proverbe associé :
« Personne ne peut mettre le feu à un grand arbre abattu avec toutes ses branches ; il faut d’abord le couper. »
→ Évoque la stratégie, la patience et la force maîtrisée.
Mythes et récits
• Son règne est associé aux grandes conquêtes du Dahomey et à l’essor des Agojié.
• L’histoire de sa fille sabotant la défense de Ouidah est l’une des anecdotes les plus célèbres de cette époque.
Héritage
Agadja laisse une trace durable dans l’histoire du Dahomey :
il réalise l’un des plus grands agrandissements territoriaux du royaume,
donne au Dahomey un accès maritime stratégique,
structure l’armée et modernise les armes,
marque profondément la mémoire collective par ses conquêtes.
Mais son règne reste aussi associé :
à la lourde domination d’Oyo,
et au déplacement de la capitale, symbole d’une période de fragilité.
4. 
• Wikipédia (FR) — Rois d’Abomey : https://fr.wikipedia.org/wiki/Roi_d%27Abomey

=== SOURCES ===
• Wikipédia (FR) — Agadja : https://fr.wikipedia.org/wiki/Agadja",4007,657,64,7,4071,664,True,True,2,"Abomey-Palais_du_roi_Agadja.jpg|||Symbole, emblème du roi Agadja.jpg",Donnees_soutenance\Abomey\Rois du Dahomey\Agadja\Agadja.docx,Donnees_soutenance\Abomey\Rois du Dahomey\Agadja,Rois du Dahomey/Agadja,"{'source_name': '', 'description': 'Wikipédia (FR) — Agadja : https://fr.wikipedia.org/wiki/Agadja', 'url': '', 'source_type': 'texte', 'raw_text': '• Wikipédia (FR) — Agadja : https://fr.wikipedia.org/wiki/Agadja'}",https://fr.wikipedia.org/wiki/Agadja,"Abomey-Palais_du_roi_Agadja.jpg | Symbole, emblème du roi Agadja.jpg"
Abomey,Rois du Dahomey,Agoli-Agbo,Agoli-Agbo.docx,Agoli-Agbo,"Agoli-Agbo (1894 – 1900)
Douzième roi d’Abomey – Dernier souverain officiel sous protectorat français
1. Résumé
Agoli-Agbo, né Gouthili et fils du roi Glélé, est traditionnellement considéré comme le douzième et dernier roi d’Abomey. Frère cadet de Béhanzin, il accède au trône en janvier 1894 après la reddition de ce dernier face aux forces coloniales françaises. Son règne, de six ans, se déroule sous l’autorité d’un protectorat français officiellement instauré le 29 janvier 1894, et marque la fin de l’indépendance effective du Dahomey. Agoli-Agbo est resté un symbole de continuité dynastique malgré la perte de souveraineté politique.
2. Biographie complète
Origines et accession au trône
Gouthili est le fils du roi Glélé et le frère cadet de Béhanzin, qu’il succède après la défaite de ce dernier. Le 15 janvier 1894, il est proposé et présenté comme roi à Abomey. Sa désignation est directement liée aux négociations avec les Français menées par le général Alfred Dodds, qui aboutissent à l’instauration d’un protectorat sur le royaume le 29 janvier. Agoli-Agbo règne donc en tant que roi sous supervision coloniale, avec un pouvoir symbolique mais limité.
Règne sous protectorat
Durant son règne, Agoli-Agbo doit composer avec les autorités françaises et maintenir l’administration et les traditions royales du Dahomey. Il représente la continuité dynastique et culturelle de la famille royale, tout en assumant le rôle de chef traditionnel dans un contexte de subordination politique. Son règne est moins marqué par les guerres et les conflits directs, contrairement à celui de son frère Béhanzin, mais reste important pour préserver la mémoire et les structures royales face à la colonisation.
Fin de règne et héritage
Agoli-Agbo reste sur le trône jusqu’en 1900. Bien que son règne ait été limité par le protectorat français, il est considéré comme le dernier roi d’Abomey dans la tradition royale. Sa fonction permet de maintenir l’autorité culturelle et symbolique de la dynastie royale dans un contexte où le pouvoir politique effectif est désormais aux mains des colonisateurs.
3. Symboles, mythes et héritage
Symboles et emblèmes
Totem et insignes : récade ornée d’une jambe
Emblème personnel : pied trébuchant contre un rocher, balai et arc
Signification : « Prenez garde ! la dynastie des rois du Dan-Homé a trébuché mais n’est pas tombée » ou encore « Le roi est comme un balai qui repousse ses ennemis »
Héritage
Agoli-Agbo symbolise la continuité dynastique et culturelle après la perte d’indépendance politique.
Son règne permet de préserver les traditions et la mémoire royale du Dahomey malgré la domination coloniale.
Son iconographie reste présente dans la ville d’Abomey, rappelant la résilience et la survie symbolique de la dynastie.
4. 
Wikipédia (FR) — Rois d’Abomey, https://fr.wikipedia.org/wiki/Roi_d%27Abomey","Wikipédia (FR) — Agoli-Agbo, https://fr.wikipedia.org/wiki/Agoli-Agbo",1,1,"Agoli-Agbo (1894 – 1900)
Douzième roi d’Abomey – Dernier souverain officiel sous protectorat français
1. Résumé
Agoli-Agbo, né Gouthili et fils du roi Glélé, est traditionnellement considéré comme le douzième et dernier roi d’Abomey. Frère cadet de Béhanzin, il accède au trône en janvier 1894 après la reddition de ce dernier face aux forces coloniales françaises. Son règne, de six ans, se déroule sous l’autorité d’un protectorat français officiellement instauré le 29 janvier 1894, et marque la fin de l’indépendance effective du Dahomey. Agoli-Agbo est resté un symbole de continuité dynastique malgré la perte de souveraineté politique.
2. Biographie complète
Origines et accession au trône
Gouthili est le fils du roi Glélé et le frère cadet de Béhanzin, qu’il succède après la défaite de ce dernier. Le 15 janvier 1894, il est proposé et présenté comme roi à Abomey. Sa désignation est directement liée aux négociations avec les Français menées par le général Alfred Dodds, qui aboutissent à l’instauration d’un protectorat sur le royaume le 29 janvier. Agoli-Agbo règne donc en tant que roi sous supervision coloniale, avec un pouvoir symbolique mais limité.
Règne sous protectorat
Durant son règne, Agoli-Agbo doit composer avec les autorités françaises et maintenir l’administration et les traditions royales du Dahomey. Il représente la continuité dynastique et culturelle de la famille royale, tout en assumant le rôle de chef traditionnel dans un contexte de subordination politique. Son règne est moins marqué par les guerres et les conflits directs, contrairement à celui de son frère Béhanzin, mais reste important pour préserver la mémoire et les structures royales face à la colonisation.
Fin de règne et héritage
Agoli-Agbo reste sur le trône jusqu’en 1900. Bien que son règne ait été limité par le protectorat français, il est considéré comme le dernier roi d’Abomey dans la tradition royale. Sa fonction permet de maintenir l’autorité culturelle et symbolique de la dynastie royale dans un contexte où le pouvoir politique effectif est désormais aux mains des colonisateurs.
3. Symboles, mythes et héritage
Symboles et emblèmes
Totem et insignes : récade ornée d’une jambe
Emblème personnel : pied trébuchant contre un rocher, balai et arc
Signification : « Prenez garde ! la dynastie des rois du Dan-Homé a trébuché mais n’est pas tombée » ou encore « Le roi est comme un balai qui repousse ses ennemis »
Héritage
Agoli-Agbo symbolise la continuité dynastique et culturelle après la perte d’indépendance politique.
Son règne permet de préserver les traditions et la mémoire royale du Dahomey malgré la domination coloniale.
Son iconographie reste présente dans la ville d’Abomey, rappelant la résilience et la survie symbolique de la dynastie.
4. 
Wikipédia (FR) — Rois d’Abomey, https://fr.wikipedia.org/wiki/Roi_d%27Abomey

=== SOURCES ===
Wikipédia (FR) — Agoli-Agbo, https://fr.wikipedia.org/wiki/Agoli-Agbo",2847,441,69,5,2916,446,True,True,3,"Abomey-Palais_du_roi_Agoli-Agbo_1.jpg|||Agoli-Agbo,_roi_d'Abomey_et_sa_cour_Dahomey.jpg|||Symbole_de_Agoli_Agbo_roi_du_Dahomey.jpg",Donnees_soutenance\Abomey\Rois du Dahomey\Agoli-Agbo\Agoli-Agbo.docx,Donnees_soutenance\Abomey\Rois du Dahomey\Agoli-Agbo,Rois du Dahomey/Agoli-Agbo,"{'source_name': '', 'description': 'Wikipédia (FR) — Agoli-Agbo, https://fr.wikipedia.org/wiki/Agoli-Agbo', 'url': '', 'source_type': 'texte', 'raw_text': 'Wikipédia (FR) — Agoli-Agbo, https://fr.wikipedia.org/wiki/Agoli-Agbo'}",https://fr.wikipedia.org/wiki/Agoli-Agbo,"Abomey-Palais_du_roi_Agoli-Agbo_1.jpg | Agoli-Agbo,_roi_d'Abomey_et_sa_cour_Dahomey.jpg | Symbole_de_Agoli_Agbo_roi_du_Dahomey.jpg"
Abomey,Rois du Dahomey,Agonglo,Agonglo.docx,Agonglo,"Agonglo (1789 – 1797)
Huitième roi d’Abomey — Réformateur et souverain attaché à l’équité commerciale
1. Résumé
Agonglo, fils du roi Kpengla, règne sur Abomey de 1789 à 1797. Connu comme un roi réformateur, il allège les taxes imposées aux commerçants à Ouidah et introduit des mesures destinées à améliorer les conditions de vie des esclaves. Son symbole est l’ananas, associé à un proverbe fon évoquant la manière dont il a échappé à un danger mortel. Certaines traditions, relayées notamment par Barthélemy Adoukonou, avancent qu’il aurait été assassiné pour avoir envisagé de se convertir au catholicisme.
2. Biographie complète
Origines et accession au trône
Agonglo naît au sein de la dynastie royale d’Abomey. Il est le fils du roi Kpengla, qu’il succède en 1789. À son accession, il devient le huitième souverain du royaume (si l’on exclut la reine Hangbè). Son règne, plus court que celui de ses prédécesseurs, s’étend sur huit années.
Réformes politiques et économiques
Agonglo est surtout connu comme un roi réformateur. Soucieux d’améliorer la vie économique du Dahomey, il allège les taxes sur le commerce à Ouidah, ville centrale pour les échanges avec les Européens.
Ces réformes visent à fluidifier les transactions commerciales et à réduire la pression fiscale qui pesait sur les marchands depuis les règnes précédents.
Mesures sociales et conditions des esclaves
Dans un contexte où la traite négrière représente encore un pilier économique du royaume, Agonglo prend néanmoins des mesures pour soulager la souffrance des esclaves.
Les sources que tu as fournies n’entrent pas dans les détails, mais soulignent clairement sa volonté de limiter certaines formes de brutalité ou de pression imposées aux captifs.
Cette orientation distingue son règne et lui confère une réputation de souverain sensible à la justice sociale.
Fin de règne et mort
La mort d’Agonglo en 1797 est entourée d’incertitudes. Une version de l’histoire, défendue notamment par Barthélemy Adoukonou, suggère qu’il aurait été assassiné parce qu’il souhaitait se convertir au catholicisme.
Cette hypothèse reste discutée, mais elle témoigne de l’intensité des débats religieux et politiques dans le Dahomey de la fin du XVIIIᵉ siècle.
Il laisse derrière lui un héritier direct : Adandozan, qui lui succède sur le trône.
3. Symboles, mythes et héritage
Symboles
• Ananas
« La foudre tombe sur le palmier, mais l’ananas lui échappe. »
Ce symbole est directement lié à un épisode de sa vie durant lequel il aurait échappé à un danger grave, probablement la foudre. Il représente la résilience, l’humilité et la capacité à survivre aux épreuves.
Mythes et traditions
• La symbolique de l’ananas évoque les obstacles auxquels Agonglo a dû faire face tout au long de sa vie.
• Son règne reste associé à des réformes économiques et humaines qui l’ont distingué de ses prédécesseurs.
Héritage
L’héritage d’Agonglo repose sur :
une volonté d’alléger les contraintes économiques pesant sur Ouidah,
des réformes destinées à améliorer le sort des esclaves,
un règne ouvert aux influences religieuses extérieures, au point que son intérêt pour le catholicisme aurait pu lui coûter la vie.
Ces éléments font d’Agonglo un souverain dont la mémoire est marquée par la modération, la réforme et la sensibilité aux réalités humaines.
4. 
• Wikipédia (FR) — Rois d’Abomey., https://fr.wikipedia.org/wiki/Roi_d%27Abomey","• Wikipédia (FR) — Agonglo., https://fr.wikipedia.org/wiki/Agonglo",1,1,"Agonglo (1789 – 1797)
Huitième roi d’Abomey — Réformateur et souverain attaché à l’équité commerciale
1. Résumé
Agonglo, fils du roi Kpengla, règne sur Abomey de 1789 à 1797. Connu comme un roi réformateur, il allège les taxes imposées aux commerçants à Ouidah et introduit des mesures destinées à améliorer les conditions de vie des esclaves. Son symbole est l’ananas, associé à un proverbe fon évoquant la manière dont il a échappé à un danger mortel. Certaines traditions, relayées notamment par Barthélemy Adoukonou, avancent qu’il aurait été assassiné pour avoir envisagé de se convertir au catholicisme.
2. Biographie complète
Origines et accession au trône
Agonglo naît au sein de la dynastie royale d’Abomey. Il est le fils du roi Kpengla, qu’il succède en 1789. À son accession, il devient le huitième souverain du royaume (si l’on exclut la reine Hangbè). Son règne, plus court que celui de ses prédécesseurs, s’étend sur huit années.
Réformes politiques et économiques
Agonglo est surtout connu comme un roi réformateur. Soucieux d’améliorer la vie économique du Dahomey, il allège les taxes sur le commerce à Ouidah, ville centrale pour les échanges avec les Européens.
Ces réformes visent à fluidifier les transactions commerciales et à réduire la pression fiscale qui pesait sur les marchands depuis les règnes précédents.
Mesures sociales et conditions des esclaves
Dans un contexte où la traite négrière représente encore un pilier économique du royaume, Agonglo prend néanmoins des mesures pour soulager la souffrance des esclaves.
Les sources que tu as fournies n’entrent pas dans les détails, mais soulignent clairement sa volonté de limiter certaines formes de brutalité ou de pression imposées aux captifs.
Cette orientation distingue son règne et lui confère une réputation de souverain sensible à la justice sociale.
Fin de règne et mort
La mort d’Agonglo en 1797 est entourée d’incertitudes. Une version de l’histoire, défendue notamment par Barthélemy Adoukonou, suggère qu’il aurait été assassiné parce qu’il souhaitait se convertir au catholicisme.
Cette hypothèse reste discutée, mais elle témoigne de l’intensité des débats religieux et politiques dans le Dahomey de la fin du XVIIIᵉ siècle.
Il laisse derrière lui un héritier direct : Adandozan, qui lui succède sur le trône.
3. Symboles, mythes et héritage
Symboles
• Ananas
« La foudre tombe sur le palmier, mais l’ananas lui échappe. »
Ce symbole est directement lié à un épisode de sa vie durant lequel il aurait échappé à un danger grave, probablement la foudre. Il représente la résilience, l’humilité et la capacité à survivre aux épreuves.
Mythes et traditions
• La symbolique de l’ananas évoque les obstacles auxquels Agonglo a dû faire face tout au long de sa vie.
• Son règne reste associé à des réformes économiques et humaines qui l’ont distingué de ses prédécesseurs.
Héritage
L’héritage d’Agonglo repose sur :
une volonté d’alléger les contraintes économiques pesant sur Ouidah,
des réformes destinées à améliorer le sort des esclaves,
un règne ouvert aux influences religieuses extérieures, au point que son intérêt pour le catholicisme aurait pu lui coûter la vie.
Ces éléments font d’Agonglo un souverain dont la mémoire est marquée par la modération, la réforme et la sensibilité aux réalités humaines.
4. 
• Wikipédia (FR) — Rois d’Abomey., https://fr.wikipedia.org/wiki/Roi_d%27Abomey

=== SOURCES ===
• Wikipédia (FR) — Agonglo., https://fr.wikipedia.org/wiki/Agonglo",3385,530,66,6,3451,536,True,True,1,Symbole_de_Agonglo_roi_du_Dahomey.jpg,Donnees_soutenance\Abomey\Rois du Dahomey\Agonglo\Agonglo.docx,Donnees_soutenance\Abomey\Rois du Dahomey\Agonglo,Rois du Dahomey/Agonglo,"{'source_name': 'Wikipédia (FR)', 'description': 'Agonglo.', 'url': 'https://fr.wikipedia.org/wiki/Agonglo', 'source_type': 'wikipédia', 'raw_text': '• Wikipédia (FR) — Agonglo., https://fr.wikipedia.org/wiki/Agonglo'}",https://fr.wikipedia.org/wiki/Agonglo,Symbole_de_Agonglo_roi_du_Dahomey.jpg
Abomey,Rois du Dahomey,Akaba,Akaba.docx,Akaba,"Houessou Akaba (1685 – 1708)
Quatrième roi d’Abomey – Continuateur des institutions du Dahomey
1. Résumé
Houessou Akaba, fils du roi fondateur Aho Houégbadja, régna sur Abomey de 1685 à 1708. Il consolida l’organisation politique et rituelle mise en place par son père, notamment en fixant les institutions royales et les cérémonies d’intronisation. Son règne, marqué par la continuité et la structuration, fut brutalement interrompu lorsqu’il succomba à une épidémie de variole. Il est traditionnellement associé à plusieurs symboles, dont le phacochère, le couteau et le caméléon. À sa mort, son frère Agadja lui succède.
2. Biographie complète
Origines et accession au trône
Houessou Akaba est né au sein de la dynastie royale fon, fils d’Aho Houégbadja, considéré comme le fondateur du royaume du Dahomey. Héritier légitime du trône, il succède à son père en 1685, après un règne long et structurant de ce dernier.
Son accession au pouvoir s’inscrit dans une continuité dynastique clairement établie : Aho Houégbadja l’avait désigné comme son successeur officiel, garantissant ainsi une transition stable au sein du jeune royaume.
Consolidation du royaume
Dès le début de son règne, Akaba s’attache à poursuivre l’œuvre administrative commencée par Houégbadja.
Il joue un rôle majeur dans la mise en place définitive des structures politiques du Dahomey :
il fixe les institutions du pouvoir royal, en clarifiant les fonctions, titres et responsabilités attribués aux dignitaires ;
il formalise les rituels d’intronisation des rois d’Abomey, qui deviendront des traditions centrales et seront observés par tous ses successeurs ;
il renforce la centralisation du royaume et la stabilité interne, assurant la continuité de l’autorité monarchique.
Bien que moins expansif militairement que certains rois à venir, Akaba maintient l’unité du royaume et conforte la légitimité de la dynastie.
Fin de règne
En 1708, Houessou Akaba meurt soudainement à Lissèzoun, frappé par une violente épidémie de variole, une maladie qui ravage régulièrement la région à l’époque.
Sa disparition laisse le trône vacant, et son frère Agadja, figure majeure de l’histoire dahoméenne, lui succède.
3. Symboles, mythes et héritage
Symboles
Les rois d’Abomey sont traditionnellement associés à des symboles représentant leurs qualités, leur vision du pouvoir ou leur légende personnelle.
Pour Akaba, on retient :
Phacochère (sanglier)
→ « Quand le phacochère regarde vers le ciel, il se fait égorger. »
Symbole d’audace, mais aussi de vulnérabilité face à l’imprudence.
Couteau / sabre
Symbole d’autorité, de puissance et de capacité à trancher les décisions importantes.
Caméléon
→ « Lentement, doucement, le caméléon atteint la cime du fromager. »
Incarnation de la patience, de la stratégie et de la progression maîtrisée.
Ces symboles sont visibles aujourd’hui sur les bas-reliefs historiques d’Abomey, notamment à la place Goho.
Mythes et traditions
Akaba est honoré dans les grandes cérémonies royales du Dahomey, notamment lors des Coutumes, qui rendent hommage aux ancêtres et aux lignées régnantes.
Sa figure est associée aux débuts de la formalisation du pouvoir, et il est perçu comme celui qui a fait passer le Dahomey d’un cadre naissant à une monarchie pleinement instituée.
Héritage
L’héritage d’Akaba se distingue par son rôle de consolidateur :
Il stabilise les institutions fondatrices du royaume.
Il instaure les rituels qui définiront la monarchie dahoméenne durant des siècles.
Sa mort ouvre ensuite la voie au règne d’Agadja, l’un des rois les plus conquérants du Dahomey.
Ainsi, Houessou Akaba apparaît comme une figure essentielle du passage d’un royaume en formation à une monarchie dotée de traditions et d’une organisation solide.
4. 
Wikipédia (FR) — Liste des rois d’Abomey, https://fr.wikipedia.org/wiki/Roi_d%27Abomey","Wikipédia (FR) — Houessou Akaba, https://fr.wikipedia.org/wiki/Houessou_Akaba",1,1,"Houessou Akaba (1685 – 1708)
Quatrième roi d’Abomey – Continuateur des institutions du Dahomey
1. Résumé
Houessou Akaba, fils du roi fondateur Aho Houégbadja, régna sur Abomey de 1685 à 1708. Il consolida l’organisation politique et rituelle mise en place par son père, notamment en fixant les institutions royales et les cérémonies d’intronisation. Son règne, marqué par la continuité et la structuration, fut brutalement interrompu lorsqu’il succomba à une épidémie de variole. Il est traditionnellement associé à plusieurs symboles, dont le phacochère, le couteau et le caméléon. À sa mort, son frère Agadja lui succède.
2. Biographie complète
Origines et accession au trône
Houessou Akaba est né au sein de la dynastie royale fon, fils d’Aho Houégbadja, considéré comme le fondateur du royaume du Dahomey. Héritier légitime du trône, il succède à son père en 1685, après un règne long et structurant de ce dernier.
Son accession au pouvoir s’inscrit dans une continuité dynastique clairement établie : Aho Houégbadja l’avait désigné comme son successeur officiel, garantissant ainsi une transition stable au sein du jeune royaume.
Consolidation du royaume
Dès le début de son règne, Akaba s’attache à poursuivre l’œuvre administrative commencée par Houégbadja.
Il joue un rôle majeur dans la mise en place définitive des structures politiques du Dahomey :
il fixe les institutions du pouvoir royal, en clarifiant les fonctions, titres et responsabilités attribués aux dignitaires ;
il formalise les rituels d’intronisation des rois d’Abomey, qui deviendront des traditions centrales et seront observés par tous ses successeurs ;
il renforce la centralisation du royaume et la stabilité interne, assurant la continuité de l’autorité monarchique.
Bien que moins expansif militairement que certains rois à venir, Akaba maintient l’unité du royaume et conforte la légitimité de la dynastie.
Fin de règne
En 1708, Houessou Akaba meurt soudainement à Lissèzoun, frappé par une violente épidémie de variole, une maladie qui ravage régulièrement la région à l’époque.
Sa disparition laisse le trône vacant, et son frère Agadja, figure majeure de l’histoire dahoméenne, lui succède.
3. Symboles, mythes et héritage
Symboles
Les rois d’Abomey sont traditionnellement associés à des symboles représentant leurs qualités, leur vision du pouvoir ou leur légende personnelle.
Pour Akaba, on retient :
Phacochère (sanglier)
→ « Quand le phacochère regarde vers le ciel, il se fait égorger. »
Symbole d’audace, mais aussi de vulnérabilité face à l’imprudence.
Couteau / sabre
Symbole d’autorité, de puissance et de capacité à trancher les décisions importantes.
Caméléon
→ « Lentement, doucement, le caméléon atteint la cime du fromager. »
Incarnation de la patience, de la stratégie et de la progression maîtrisée.
Ces symboles sont visibles aujourd’hui sur les bas-reliefs historiques d’Abomey, notamment à la place Goho.
Mythes et traditions
Akaba est honoré dans les grandes cérémonies royales du Dahomey, notamment lors des Coutumes, qui rendent hommage aux ancêtres et aux lignées régnantes.
Sa figure est associée aux débuts de la formalisation du pouvoir, et il est perçu comme celui qui a fait passer le Dahomey d’un cadre naissant à une monarchie pleinement instituée.
Héritage
L’héritage d’Akaba se distingue par son rôle de consolidateur :
Il stabilise les institutions fondatrices du royaume.
Il instaure les rituels qui définiront la monarchie dahoméenne durant des siècles.
Sa mort ouvre ensuite la voie au règne d’Agadja, l’un des rois les plus conquérants du Dahomey.
Ainsi, Houessou Akaba apparaît comme une figure essentielle du passage d’un royaume en formation à une monarchie dotée de traditions et d’une organisation solide.
4. 
Wikipédia (FR) — Liste des rois d’Abomey, https://fr.wikipedia.org/wiki/Roi_d%27Abomey

=== SOURCES ===
Wikipédia (FR) — Houessou Akaba, https://fr.wikipedia.org/wiki/Houessou_Akaba",3826,579,77,6,3903,585,True,True,4,"Caméléon,Symbole_de_Akaba_roi_du_Dahomey_.jpg|||Phacochère,Symbole_de_Akaba_roi_du_Dahomey.jpg|||forge du roi Akaba.jpg|||palais du roi Akaba.jpg",Donnees_soutenance\Abomey\Rois du Dahomey\Akaba\Akaba.docx,Donnees_soutenance\Abomey\Rois du Dahomey\Akaba,Rois du Dahomey/Akaba,"{'source_name': '', 'description': 'Wikipédia (FR) — Houessou Akaba, https://fr.wikipedia.org/wiki/Houessou_Akaba', 'url': '', 'source_type': 'texte', 'raw_text': 'Wikipédia (FR) — Houessou Akaba, https://fr.wikipedia.org/wiki/Houessou_Akaba'}",https://fr.wikipedia.org/wiki/Houessou_Akaba,"Caméléon,Symbole_de_Akaba_roi_du_Dahomey_.jpg | Phacochère,Symbole_de_Akaba_roi_du_Dahomey.jpg | forge du roi Akaba.jpg | palais du roi Akaba.jpg"
Abomey,Rois du Dahomey,Béhanzin,Béhanzin.docx,Béhanzin,"Béhanzin (1890 – 1894)
Onzième roi d’Abomey – Dernier souverain indépendant du Dahomey et symbole de la résistance anti-coloniale
1. Résumé
Béhanzin, né Ahokponou en 1845 et fils du roi Glélé, régna sur le Dahomey de janvier 1890 à janvier 1894. Connu d’abord sous le nom de prince Kondo, il devint roi après la mort de son père et le décès mystérieux de son demi-frère héritier. Son règne fut marqué par la résistance acharnée à la colonisation française, la défense de l’intégrité de son royaume et l’organisation militaire de son armée, incluant les célèbres Amazones du Dahomey. Défait, il fut exilé en Martinique puis en Algérie, où il mourut en 1906. Béhanzin demeure un héros national au Bénin, symbole de courage et de refus de la soumission coloniale.
2. Biographie complète
Origines et accession au trône
Béhanzin naît en 1845 sous le nom d’Ahokponou. Fils du roi Glélé, il est désigné en 1875 comme héritier du trône et prend le nom de prince Kondo. Il grandit dans un environnement de conflits permanents, se préparant très tôt à gouverner et à défendre son royaume. À la mort de Glélé le 28 décembre 1889, et après le décès mystérieux de son demi-frère Ahanhanzo, Ahokponou est couronné roi le 6 janvier 1890 sous le nom de Béhanzin. Son couronnement est marqué par des sacrifices humains, conformément aux traditions royales.
Début de règne et premières confrontations
Dès son accession, Béhanzin doit faire face aux tensions avec la France. Il conteste les accords antérieurs, notamment l’attribution des droits de douane de Cotonou aux Français, et prend la relève pour diriger les opérations militaires contre eux après que son père devient incapable. Dès février 1890, les troupes françaises débarquent à Cotonou, mais sont repoussées grâce à l’organisation militaire rigoureuse de Béhanzin. Il détient même des otages français et négocie directement avec eux, tout en renforçant son armée avec des armes modernes fournies par les Allemands et des conseillers militaires européens.
Guerres et défaites
Malgré sa préparation et la bravoure de ses troupes, dont les Amazones du Dahomey, Béhanzin subit plusieurs revers. Le 19 septembre 1892, les Français remportent la bataille de Dogba et, le 4 novembre 1892, ils prennent le palais royal d’Abomey, incendié volontairement par le roi avant sa fuite. La chute de Cana en novembre 1892 marque l’échec définitif de sa résistance organisée contre l’armée coloniale.
Fuite et résistance
Béhanzin se réfugie à Atchérigbé et organise un système d’espionnage pour échapper aux Français. Il est soutenu par des croyances mystiques et l’amulette du Dahomey, mais la population locale est divisée, et les maladies, désertions et pressions françaises isolent peu à peu le roi. Son frère, le prince Goutchili, est nommé roi sous le nom d’Agoli-Agbo, contribuant à trahir sa cachette. Après des négociations infructueuses et une résistance acharnée, Béhanzin signe sa reddition le 15 janvier 1894.
Exil en Martinique
Déporté en Martinique le 30 mars 1894, Béhanzin y réside avec sa famille sous surveillance. D’abord au Fort Tartenson puis à la Villa des Bosquets près de Fort-de-France, il est progressivement oublié du public, malgré sa célébrité initiale. Il s’attache à l’éducation de son fils Ouanilo et maintient des correspondances régulières avec le gouvernement français pour obtenir le droit de rentrer au Dahomey, sans succès.
Exil en Algérie et mort
En 1906, Béhanzin quitte enfin la Martinique pour la France, puis est conduit en Algérie, jugé indésirable au Dahomey. Il réside à Blida, puis à Alger, où il meurt le 10 décembre 1906 d’une maladie pulmonaire. Ses cendres sont ramenées à Abomey en 1928, grâce aux démarches de son fils Ouanilo, et inhumées solennellement à Djimé.
3. Symboles, mythes et héritage
Symboles et emblèmes
Totem : léopard
Insignes royaux : kataklè (tabouret tripode), afokpa (sandales), avotita (pagne décoré), awè (parasol), mankpo (récade), so (fusil), hwi (sabre)
Emblème personnel : œuf, requin et deux cocotiers – symbole de son nom signifiant « l'œuf du monde ou le fils du requin »
Noms et surnoms : « axósú gbôwélé » (« roi requin »), prince Kondo (« vipère bien installée dans l’argile »)
Mythes et traditions
Sa résistance est entourée de mystères, notamment ses pouvoirs magiques et l’amulette du Dahomey.
Sa lutte contre les colonisateurs, les sacrifices humains et la discipline de ses armées ont alimenté la mémoire nationale et la presse française de l’époque.
Héritage
Symbolise la résistance à la colonisation et le refus de céder son royaume.
Statue sur la place Goho à Abomey : drapé dans son pagne royal, la main tendue, symbole de courage et de détermination, accompagnée de la phrase : « Le Requin se rend. Mais, les fils du Requin ne trahiront pas ».
Son trône monoxyle figure parmi les collections historiques restituées au Bénin en 2021.
4. 
Wikipédia (FR) — Rois d’Abomey, https://fr.wikipedia.org/wiki/Roi_d%27Abomey","Wikipédia (FR) —Béhanzin, https://fr.wikipedia.org/wiki/B%C3%A9hanzin",1,1,"Béhanzin (1890 – 1894)
Onzième roi d’Abomey – Dernier souverain indépendant du Dahomey et symbole de la résistance anti-coloniale
1. Résumé
Béhanzin, né Ahokponou en 1845 et fils du roi Glélé, régna sur le Dahomey de janvier 1890 à janvier 1894. Connu d’abord sous le nom de prince Kondo, il devint roi après la mort de son père et le décès mystérieux de son demi-frère héritier. Son règne fut marqué par la résistance acharnée à la colonisation française, la défense de l’intégrité de son royaume et l’organisation militaire de son armée, incluant les célèbres Amazones du Dahomey. Défait, il fut exilé en Martinique puis en Algérie, où il mourut en 1906. Béhanzin demeure un héros national au Bénin, symbole de courage et de refus de la soumission coloniale.
2. Biographie complète
Origines et accession au trône
Béhanzin naît en 1845 sous le nom d’Ahokponou. Fils du roi Glélé, il est désigné en 1875 comme héritier du trône et prend le nom de prince Kondo. Il grandit dans un environnement de conflits permanents, se préparant très tôt à gouverner et à défendre son royaume. À la mort de Glélé le 28 décembre 1889, et après le décès mystérieux de son demi-frère Ahanhanzo, Ahokponou est couronné roi le 6 janvier 1890 sous le nom de Béhanzin. Son couronnement est marqué par des sacrifices humains, conformément aux traditions royales.
Début de règne et premières confrontations
Dès son accession, Béhanzin doit faire face aux tensions avec la France. Il conteste les accords antérieurs, notamment l’attribution des droits de douane de Cotonou aux Français, et prend la relève pour diriger les opérations militaires contre eux après que son père devient incapable. Dès février 1890, les troupes françaises débarquent à Cotonou, mais sont repoussées grâce à l’organisation militaire rigoureuse de Béhanzin. Il détient même des otages français et négocie directement avec eux, tout en renforçant son armée avec des armes modernes fournies par les Allemands et des conseillers militaires européens.
Guerres et défaites
Malgré sa préparation et la bravoure de ses troupes, dont les Amazones du Dahomey, Béhanzin subit plusieurs revers. Le 19 septembre 1892, les Français remportent la bataille de Dogba et, le 4 novembre 1892, ils prennent le palais royal d’Abomey, incendié volontairement par le roi avant sa fuite. La chute de Cana en novembre 1892 marque l’échec définitif de sa résistance organisée contre l’armée coloniale.
Fuite et résistance
Béhanzin se réfugie à Atchérigbé et organise un système d’espionnage pour échapper aux Français. Il est soutenu par des croyances mystiques et l’amulette du Dahomey, mais la population locale est divisée, et les maladies, désertions et pressions françaises isolent peu à peu le roi. Son frère, le prince Goutchili, est nommé roi sous le nom d’Agoli-Agbo, contribuant à trahir sa cachette. Après des négociations infructueuses et une résistance acharnée, Béhanzin signe sa reddition le 15 janvier 1894.
Exil en Martinique
Déporté en Martinique le 30 mars 1894, Béhanzin y réside avec sa famille sous surveillance. D’abord au Fort Tartenson puis à la Villa des Bosquets près de Fort-de-France, il est progressivement oublié du public, malgré sa célébrité initiale. Il s’attache à l’éducation de son fils Ouanilo et maintient des correspondances régulières avec le gouvernement français pour obtenir le droit de rentrer au Dahomey, sans succès.
Exil en Algérie et mort
En 1906, Béhanzin quitte enfin la Martinique pour la France, puis est conduit en Algérie, jugé indésirable au Dahomey. Il réside à Blida, puis à Alger, où il meurt le 10 décembre 1906 d’une maladie pulmonaire. Ses cendres sont ramenées à Abomey en 1928, grâce aux démarches de son fils Ouanilo, et inhumées solennellement à Djimé.
3. Symboles, mythes et héritage
Symboles et emblèmes
Totem : léopard
Insignes royaux : kataklè (tabouret tripode), afokpa (sandales), avotita (pagne décoré), awè (parasol), mankpo (récade), so (fusil), hwi (sabre)
Emblème personnel : œuf, requin et deux cocotiers – symbole de son nom signifiant « l'œuf du monde ou le fils du requin »
Noms et surnoms : « axósú gbôwélé » (« roi requin »), prince Kondo (« vipère bien installée dans l’argile »)
Mythes et traditions
Sa résistance est entourée de mystères, notamment ses pouvoirs magiques et l’amulette du Dahomey.
Sa lutte contre les colonisateurs, les sacrifices humains et la discipline de ses armées ont alimenté la mémoire nationale et la presse française de l’époque.
Héritage
Symbolise la résistance à la colonisation et le refus de céder son royaume.
Statue sur la place Goho à Abomey : drapé dans son pagne royal, la main tendue, symbole de courage et de détermination, accompagnée de la phrase : « Le Requin se rend. Mais, les fils du Requin ne trahiront pas ».
Son trône monoxyle figure parmi les collections historiques restituées au Bénin en 2021.
4. 
Wikipédia (FR) — Rois d’Abomey, https://fr.wikipedia.org/wiki/Roi_d%27Abomey

=== SOURCES ===
Wikipédia (FR) —Béhanzin, https://fr.wikipedia.org/wiki/B%C3%A9hanzin",4936,793,69,4,5005,797,True,True,5,Armes_de_Behanzin.jpg|||Palais privé de Béhanzin.jpg|||Symbole_de_Behanzin_roi_du_Dahomey_au_mur_de_la_place_Goho_à_Abomey_au_Bénin.jpg|||entrée du palais privé de Béhanzin.jpg|||palais privé du roi Béhanzin.jpg,Donnees_soutenance\Abomey\Rois du Dahomey\Béhanzin\Béhanzin.docx,Donnees_soutenance\Abomey\Rois du Dahomey\Béhanzin,Rois du Dahomey/Béhanzin,"{'source_name': '', 'description': 'Wikipédia (FR) —Béhanzin, https://fr.wikipedia.org/wiki/B%C3%A9hanzin', 'url': '', 'source_type': 'texte', 'raw_text': 'Wikipédia (FR) —Béhanzin, https://fr.wikipedia.org/wiki/B%C3%A9hanzin'}",https://fr.wikipedia.org/wiki/B%C3%A9hanzin,Armes_de_Behanzin.jpg | Palais privé de Béhanzin.jpg | Symbole_de_Behanzin_roi_du_Dahomey_au_mur_de_la_place_Goho_à_Abomey_au_Bénin.jpg | entrée du palais privé de Béhanzin.jpg | palais privé du roi Béhanzin.jpg
Abomey,Rois du Dahomey,Glèlè,Glèlè.docx,Glèlè,"Glèlè (1858 – 1889)
Dixième roi d’Abomey – Fils et successeur du roi Ghézo
1. Résumé
Badohoun, plus connu sous le nom de règne Glèlè, dirigea le royaume d’Abomey de 1858 à 1889. Héritier du roi Ghézo, il poursuivit les expéditions militaires initiées par son père, notamment dans un esprit de vengeance. Son règne est marqué par un tournant majeur : en 1868, il signe un traité par lequel il cède Cotonou aux Français. À sa mort en 1889, son fils Kondo lui succède sous le nom de Behanzin. Son symbole royal est le lion, image de puissance et d’intimidation.
2. Biographie complète
Origines et accession au trône
Né sous le nom de Badohoun, Glèlè est le fils du roi Ghézo. Il monte sur le trône en 1858, après la mort de son père, et devient traditionnellement — si l’on exclut la reine Hangbè et Adandozan — le dixième roi d’Abomey.
Règne et actions politiques
Le règne de Glèlè s’inscrit dans la continuité des conflits militaires menés par Ghézo. Il mène plusieurs expéditions militaires, notamment dans une volonté affichée de venger son père.
Le moment le plus marquant de son règne survient le 19 mai 1868, lorsqu’il signe un traité avec les Français cédant Cotonou. Cet acte ouvre la voie à une présence française plus profonde dans la région.
Relations avec la France
La fin de son règne et la transition vers celui de son fils Behanzin sont marquées par la montée des tensions avec les troupes coloniales. Les négociations avec les Français sont assurées, entre autres, par Yaya Migansi, l’une des filles du roi Glèlè.
Fin de règne
Glèlè meurt le 29 décembre 1889. Son fils Kondo, devenu roi sous le nom de Behanzin, lui succède. Ce dernier devra affronter l’armée coloniale française avant de s’enfuir puis de se rendre et être exilé.
3. Symboles, mythes et héritage
Symbole
Le lion
« Le lionceau sème la terreur parmi ses ennemis dès que ses dents ont poussé. »
Ce symbole souligne la force, la férocité et l’autorité dont Glèlè voulait entourer son règne.
Héritage
Il laisse un royaume engagé dans des rapports diplomatiques complexes avec la France.
Son règne prépare, malgré lui, la période de confrontation coloniale qui culminera sous son fils Behanzin.
Son adoption du lion comme emblème reste l’un des symboles les plus puissants du panthéon iconographique d’Abomey.
4. 
Wikipédia (FR) — Rois d’Abomey : https://fr.wikipedia.org/wiki/Roi_d%27Abomey",Wikipédia (FR) — Glèlè : https://fr.wikipedia.org/wiki/Gl%C3%A9l%C3%A9,1,1,"Glèlè (1858 – 1889)
Dixième roi d’Abomey – Fils et successeur du roi Ghézo
1. Résumé
Badohoun, plus connu sous le nom de règne Glèlè, dirigea le royaume d’Abomey de 1858 à 1889. Héritier du roi Ghézo, il poursuivit les expéditions militaires initiées par son père, notamment dans un esprit de vengeance. Son règne est marqué par un tournant majeur : en 1868, il signe un traité par lequel il cède Cotonou aux Français. À sa mort en 1889, son fils Kondo lui succède sous le nom de Behanzin. Son symbole royal est le lion, image de puissance et d’intimidation.
2. Biographie complète
Origines et accession au trône
Né sous le nom de Badohoun, Glèlè est le fils du roi Ghézo. Il monte sur le trône en 1858, après la mort de son père, et devient traditionnellement — si l’on exclut la reine Hangbè et Adandozan — le dixième roi d’Abomey.
Règne et actions politiques
Le règne de Glèlè s’inscrit dans la continuité des conflits militaires menés par Ghézo. Il mène plusieurs expéditions militaires, notamment dans une volonté affichée de venger son père.
Le moment le plus marquant de son règne survient le 19 mai 1868, lorsqu’il signe un traité avec les Français cédant Cotonou. Cet acte ouvre la voie à une présence française plus profonde dans la région.
Relations avec la France
La fin de son règne et la transition vers celui de son fils Behanzin sont marquées par la montée des tensions avec les troupes coloniales. Les négociations avec les Français sont assurées, entre autres, par Yaya Migansi, l’une des filles du roi Glèlè.
Fin de règne
Glèlè meurt le 29 décembre 1889. Son fils Kondo, devenu roi sous le nom de Behanzin, lui succède. Ce dernier devra affronter l’armée coloniale française avant de s’enfuir puis de se rendre et être exilé.
3. Symboles, mythes et héritage
Symbole
Le lion
« Le lionceau sème la terreur parmi ses ennemis dès que ses dents ont poussé. »
Ce symbole souligne la force, la férocité et l’autorité dont Glèlè voulait entourer son règne.
Héritage
Il laisse un royaume engagé dans des rapports diplomatiques complexes avec la France.
Son règne prépare, malgré lui, la période de confrontation coloniale qui culminera sous son fils Behanzin.
Son adoption du lion comme emblème reste l’un des symboles les plus puissants du panthéon iconographique d’Abomey.
4. 
Wikipédia (FR) — Rois d’Abomey : https://fr.wikipedia.org/wiki/Roi_d%27Abomey

=== SOURCES ===
Wikipédia (FR) — Glèlè : https://fr.wikipedia.org/wiki/Gl%C3%A9l%C3%A9",2366,398,70,6,2436,404,True,True,2,Symbole_de_Glèlè_roi_du_Dahomey.jpg|||palais du roi Glèlè.jpg,Donnees_soutenance\Abomey\Rois du Dahomey\Glèlè\Glèlè.docx,Donnees_soutenance\Abomey\Rois du Dahomey\Glèlè,Rois du Dahomey/Glèlè,"{'source_name': '', 'description': 'Wikipédia (FR) — Glèlè : https://fr.wikipedia.org/wiki/Gl%C3%A9l%C3%A9', 'url': '', 'source_type': 'texte', 'raw_text': 'Wikipédia (FR) — Glèlè : https://fr.wikipedia.org/wiki/Gl%C3%A9l%C3%A9'}",https://fr.wikipedia.org/wiki/Gl%C3%A9l%C3%A9,Symbole_de_Glèlè_roi_du_Dahomey.jpg | palais du roi Glèlè.jpg
Abomey,Rois du Dahomey,Guézo,Ghézo.docx,Ghézo,"Ghézo (1818 – 1858)
Neuvième roi d’Abomey (si l’on exclut Adandozan et la reine Hangbè)
1. Résumé
Ghézo, né prince Gakpe, régna sur Abomey pendant quarante ans, de 1818 à 1858. Il arrive au pouvoir après le renversement d’Adandozan, son demi-frère. Réformateur majeur, il réorganise le royaume, restaure la paix interne, renforce l’armée — notamment le célèbre corps des Amazones — et affranchit le Dahomey du tribut imposé par l’État d’Oyo. Acteur clé de la traite négrière, il capture de nombreux Africains pour les vendre sur la côte, tout en introduisant de nouvelles cultures agricoles pour anticiper le déclin annoncé du commerce des esclaves. Son règne est marqué par l’influence du marchand brésilien Francisco Félix de Souza, qui l’a aidé à prendre le pouvoir et devient l’un des plus puissants dignitaires du royaume.
2. Biographie complète
Origines et accession au trône
Ghézo — orthographié aussi Guézo ou Gezo — est le fils du roi Agonglo et, selon certaines sources, de Na Agontimé (parfois identifiée à Maria Jesuina). Il est le demi-frère d’Adandozan.
Il accède au trône en 1818, après la chute d’Adandozan, dans un contexte politique où intervient le commerçant « brésilien » Francisco Félix de Souza. Ce dernier, enrichi par la traite des esclaves depuis 1788, joue un rôle déterminant dans la prise de pouvoir de Ghézo.
Réformes, organisation et transformations du royaume
Dès le début de son règne, Ghézo réorganise profondément le Dahomey :
Rétablissement de la paix civile après les tensions autour de la succession.
Réforme de l’armée, avec un corps d’Amazones puissant et discipliné.
Attaques contre les Yorouba, qui lui permet de s’affranchir du tribut dû à l’État d’Oyo.
Implication dans la traite négrière, avec la capture et la vente de nombreux Africains sur la Côte des Esclaves.
Introduction de nouvelles cultures agricoles afin de préparer une économie post-traite, percevant la menace qui pèse sur le commerce des esclaves.
Francisco Félix de Souza devient sous son règne l’un des dignitaires les plus influents du royaume. À sa mort en 1858, ses fils héritent de sa charge.
Fin de règne
Ghézo meurt en 1858, après quarante ans de règne. Il est succédé par son fils Glélé.
3. Symboles, mythes et héritage
Symboles
Jarre trouée
« Si chacun de vous, fils de cette nation, peut boucher un trou avec son doigt, la jarre retiendra l’eau. »
Ce symbole renvoie à l’idée d’unité nationale et d’action collective.
Buffle puissant
« Le buffle puissant traverse le pays et rien ne peut l’arrêter ou s’opposer à lui. »
Une métaphore de la force militaire et de la puissance du royaume sous Ghézo.
Héritage
Restauration de la paix interne après les crises de succession.
Renforcement et prestige de l’armée, notamment les Amazones.
Libération du Dahomey de l’influence d’Oyo.
Marque durable sur l’organisation militaire, politique et économique du royaume.
Influence importante du réseau commercial de Francisco Félix de Souza.
4. 
Wikipédia (FR) — Rois d’Abomey, https://fr.wikipedia.org/wiki/Roi_d%27Abomey","Wikipédia (FR) — Ghézo, https://fr.wikipedia.org/wiki/Gh%C3%A9zo",1,1,"Ghézo (1818 – 1858)
Neuvième roi d’Abomey (si l’on exclut Adandozan et la reine Hangbè)
1. Résumé
Ghézo, né prince Gakpe, régna sur Abomey pendant quarante ans, de 1818 à 1858. Il arrive au pouvoir après le renversement d’Adandozan, son demi-frère. Réformateur majeur, il réorganise le royaume, restaure la paix interne, renforce l’armée — notamment le célèbre corps des Amazones — et affranchit le Dahomey du tribut imposé par l’État d’Oyo. Acteur clé de la traite négrière, il capture de nombreux Africains pour les vendre sur la côte, tout en introduisant de nouvelles cultures agricoles pour anticiper le déclin annoncé du commerce des esclaves. Son règne est marqué par l’influence du marchand brésilien Francisco Félix de Souza, qui l’a aidé à prendre le pouvoir et devient l’un des plus puissants dignitaires du royaume.
2. Biographie complète
Origines et accession au trône
Ghézo — orthographié aussi Guézo ou Gezo — est le fils du roi Agonglo et, selon certaines sources, de Na Agontimé (parfois identifiée à Maria Jesuina). Il est le demi-frère d’Adandozan.
Il accède au trône en 1818, après la chute d’Adandozan, dans un contexte politique où intervient le commerçant « brésilien » Francisco Félix de Souza. Ce dernier, enrichi par la traite des esclaves depuis 1788, joue un rôle déterminant dans la prise de pouvoir de Ghézo.
Réformes, organisation et transformations du royaume
Dès le début de son règne, Ghézo réorganise profondément le Dahomey :
Rétablissement de la paix civile après les tensions autour de la succession.
Réforme de l’armée, avec un corps d’Amazones puissant et discipliné.
Attaques contre les Yorouba, qui lui permet de s’affranchir du tribut dû à l’État d’Oyo.
Implication dans la traite négrière, avec la capture et la vente de nombreux Africains sur la Côte des Esclaves.
Introduction de nouvelles cultures agricoles afin de préparer une économie post-traite, percevant la menace qui pèse sur le commerce des esclaves.
Francisco Félix de Souza devient sous son règne l’un des dignitaires les plus influents du royaume. À sa mort en 1858, ses fils héritent de sa charge.
Fin de règne
Ghézo meurt en 1858, après quarante ans de règne. Il est succédé par son fils Glélé.
3. Symboles, mythes et héritage
Symboles
Jarre trouée
« Si chacun de vous, fils de cette nation, peut boucher un trou avec son doigt, la jarre retiendra l’eau. »
Ce symbole renvoie à l’idée d’unité nationale et d’action collective.
Buffle puissant
« Le buffle puissant traverse le pays et rien ne peut l’arrêter ou s’opposer à lui. »
Une métaphore de la force militaire et de la puissance du royaume sous Ghézo.
Héritage
Restauration de la paix interne après les crises de succession.
Renforcement et prestige de l’armée, notamment les Amazones.
Libération du Dahomey de l’influence d’Oyo.
Marque durable sur l’organisation militaire, politique et économique du royaume.
Influence importante du réseau commercial de Francisco Félix de Souza.
4. 
Wikipédia (FR) — Rois d’Abomey, https://fr.wikipedia.org/wiki/Roi_d%27Abomey

=== SOURCES ===
Wikipédia (FR) — Ghézo, https://fr.wikipedia.org/wiki/Gh%C3%A9zo",3028,483,64,5,3092,488,True,True,2,Symbole_de_Ghézo_roi_du_Dahomey.jpg|||palais du roi Ghézo.jpg,Donnees_soutenance\Abomey\Rois du Dahomey\Guézo\Ghézo.docx,Donnees_soutenance\Abomey\Rois du Dahomey\Guézo,Rois du Dahomey/Guézo,"{'source_name': '', 'description': 'Wikipédia (FR) — Ghézo, https://fr.wikipedia.org/wiki/Gh%C3%A9zo', 'url': '', 'source_type': 'texte', 'raw_text': 'Wikipédia (FR) — Ghézo, https://fr.wikipedia.org/wiki/Gh%C3%A9zo'}",https://fr.wikipedia.org/wiki/Gh%C3%A9zo,Symbole_de_Ghézo_roi_du_Dahomey.jpg | palais du roi Ghézo.jpg
Abomey,Rois du Dahomey,Houégbadja,Houégbadja.docx,Houégbadja,"Aho Houégbadja (1645 – 1685)
Troisième roi d’Abomey – Considéré comme le fondateur du royaume du Dahomey
1. Résumé
Aho Houégbadja — aussi appelé Wegbaja ou Aho — régna sur le Dahomey pendant près de quarante ans. Héritier de Dakodonu, il posa les bases administratives, religieuses et politiques du futur royaume. Fondateur de la cité d’Abomey et organisateur de ses institutions, il est perçu dans les traditions comme le premier véritable roi du Dahomey. À sa mort, son fils Houessou Akaba lui succède.
2. Biographie complète
Origines et accession au trône
L’histoire d’Houégbadja est profondément ancrée dans la tradition orale. Selon la version la plus répandue, il serait le fils — ou dans certaines versions, le fils adoptif — du roi Dakodonu. Une femme Gedevi, Adonon, promise à Dakodonu, tomba enceinte de Houégbadja, ce qui provoqua sa déshéritation.
Ce n’est qu’après avoir éliminé un puissant rival de Dakodonu que le jeune prince fut réhabilité et finalement reconnu comme héritier présomptif. À la mort de Dakodonu, il accède au trône, sous le nom de Houégbadja.
Fondation d’Abomey et expansion
À son arrivée au pouvoir, il fait construire son palais nommé Agbome — « au milieu des remparts » — près de Guedevi, posant ainsi les fondations de la future capitale royale.
Il annexe les petites chefferies de la région, étendant son influence par un savant mélange d’alliances, de stratégies militaires et de ruse. Certaines traditions lui attribuent même les premières expansions du royaume hors du plateau d’Abomey.
Réformes et organisation du royaume
Houégbadja laisse une empreinte profonde sur la structure du royaume. Il établit les palais royaux d’Abomey, met en place une administration hiérarchisée, crée des impôts par tête, des droits de succession et développe les rituels religieux destinés aux ancêtres.
Il nomme des ministres, promulgue des lois et façonne ainsi les fondations politiques, culturelles et religieuses du Dahomey.
Il est parfois cité comme fondateur des Amazones du Dahomey, bien que cette affirmation demeure peu probable.
Fin de règne
À la fin de sa vie, Houégbadja désigne son fils aîné Akaba comme héritier. À sa mort, vers 1685, Akaba monte sur le trône.
3. Symboles, mythes et héritage
Symboles
Poisson et nasse
« Le poisson échappé de la nasse fuit la nasse ».
Ce symbole reflète à la fois la ruse, l’agilité politique et les stratégies subtiles qui ont marqué son règne.
Mythes et traditions
Il est le premier roi honoré lors des grandes cérémonies annuelles du Dahomey, les Coutumes, centrées sur le culte des ancêtres royaux.
Son histoire est intimement liée aux peuples autochtones Gedevi et aux récits fon.
Héritage
Houégbadja est considéré par de nombreux historiens et par la tradition comme le véritable fondateur du Dahomey :
il établit la capitale,
pose les bases de l’administration,
organise la religion d’État,
et amorce l’expansion du royaume.
En 2018, un ouvrage lui est dédié :
Arthur Vido, Une étude sur l'histoire du Danhomè : Biographie du roi Houégbadja (1645–1685).
4. 
Wikipédia (EN) — Houegbadja., https://en.wikipedia.org/wiki/Houegbadja","Wikipédia (FR) — Aho Houégbadja., https://fr.wikipedia.org/wiki/Aho_Houegbadja",1,1,"Aho Houégbadja (1645 – 1685)
Troisième roi d’Abomey – Considéré comme le fondateur du royaume du Dahomey
1. Résumé
Aho Houégbadja — aussi appelé Wegbaja ou Aho — régna sur le Dahomey pendant près de quarante ans. Héritier de Dakodonu, il posa les bases administratives, religieuses et politiques du futur royaume. Fondateur de la cité d’Abomey et organisateur de ses institutions, il est perçu dans les traditions comme le premier véritable roi du Dahomey. À sa mort, son fils Houessou Akaba lui succède.
2. Biographie complète
Origines et accession au trône
L’histoire d’Houégbadja est profondément ancrée dans la tradition orale. Selon la version la plus répandue, il serait le fils — ou dans certaines versions, le fils adoptif — du roi Dakodonu. Une femme Gedevi, Adonon, promise à Dakodonu, tomba enceinte de Houégbadja, ce qui provoqua sa déshéritation.
Ce n’est qu’après avoir éliminé un puissant rival de Dakodonu que le jeune prince fut réhabilité et finalement reconnu comme héritier présomptif. À la mort de Dakodonu, il accède au trône, sous le nom de Houégbadja.
Fondation d’Abomey et expansion
À son arrivée au pouvoir, il fait construire son palais nommé Agbome — « au milieu des remparts » — près de Guedevi, posant ainsi les fondations de la future capitale royale.
Il annexe les petites chefferies de la région, étendant son influence par un savant mélange d’alliances, de stratégies militaires et de ruse. Certaines traditions lui attribuent même les premières expansions du royaume hors du plateau d’Abomey.
Réformes et organisation du royaume
Houégbadja laisse une empreinte profonde sur la structure du royaume. Il établit les palais royaux d’Abomey, met en place une administration hiérarchisée, crée des impôts par tête, des droits de succession et développe les rituels religieux destinés aux ancêtres.
Il nomme des ministres, promulgue des lois et façonne ainsi les fondations politiques, culturelles et religieuses du Dahomey.
Il est parfois cité comme fondateur des Amazones du Dahomey, bien que cette affirmation demeure peu probable.
Fin de règne
À la fin de sa vie, Houégbadja désigne son fils aîné Akaba comme héritier. À sa mort, vers 1685, Akaba monte sur le trône.
3. Symboles, mythes et héritage
Symboles
Poisson et nasse
« Le poisson échappé de la nasse fuit la nasse ».
Ce symbole reflète à la fois la ruse, l’agilité politique et les stratégies subtiles qui ont marqué son règne.
Mythes et traditions
Il est le premier roi honoré lors des grandes cérémonies annuelles du Dahomey, les Coutumes, centrées sur le culte des ancêtres royaux.
Son histoire est intimement liée aux peuples autochtones Gedevi et aux récits fon.
Héritage
Houégbadja est considéré par de nombreux historiens et par la tradition comme le véritable fondateur du Dahomey :
il établit la capitale,
pose les bases de l’administration,
organise la religion d’État,
et amorce l’expansion du royaume.
En 2018, un ouvrage lui est dédié :
Arthur Vido, Une étude sur l'histoire du Danhomè : Biographie du roi Houégbadja (1645–1685).
4. 
Wikipédia (EN) — Houegbadja., https://en.wikipedia.org/wiki/Houegbadja

=== SOURCES ===
Wikipédia (FR) — Aho Houégbadja., https://fr.wikipedia.org/wiki/Aho_Houegbadja",3108,494,78,6,3186,500,True,True,2,Abomey-Palais_du_roi_Houegbadja.jpg|||Symbole_de_Houégbadja_roi_du_Dahomey.jpg,Donnees_soutenance\Abomey\Rois du Dahomey\Houégbadja\Houégbadja.docx,Donnees_soutenance\Abomey\Rois du Dahomey\Houégbadja,Rois du Dahomey/Houégbadja,"{'source_name': '', 'description': 'Wikipédia (FR) — Aho Houégbadja., https://fr.wikipedia.org/wiki/Aho_Houegbadja', 'url': '', 'source_type': 'texte', 'raw_text': 'Wikipédia (FR) — Aho Houégbadja., https://fr.wikipedia.org/wiki/Aho_Houegbadja'}",https://fr.wikipedia.org/wiki/Aho_Houegbadja,Abomey-Palais_du_roi_Houegbadja.jpg | Symbole_de_Houégbadja_roi_du_Dahomey.jpg
Abomey,Rois du Dahomey,Kpengla,Kpengla.docx,Kpengla,"Kpengla (1774 – 1789)
Septième roi d’Abomey — Centralisateur du pouvoir et architecte du monopole royal de la traite
1. Résumé
Kpengla — également orthographié Pengla ou Kpingla — est le septième roi d’Abomey. Né vers 1735, il succède à son frère Tegbessou en 1774 et règne jusqu’à sa mort en 1789. Son règne est marqué par des conflits militaires avec l’Empire d’Oyo, une réorganisation profonde du commerce atlantique centrée sur la traite négrière, ainsi qu’un développement économique fondé sur l’agriculture. Il impose un monopole royal sur la traite, structure le rôle du yovogan à Ouidah et gouverne un royaume où cohabitent harmonieusement les traditions fon, le christianisme et l’islam. Son symbole est l’oiseau accompagné d’un fusil.
2. Biographie complète
Origines et accession au trône
Kpengla est né vers 1735 et appartient à la dynastie des rois d’Abomey. Il est le fils du roi Tegbessou. À la mort de ce dernier en 1774, il accède au trône, devenant le souverain du Dahomey pour une quinzaine d’années. Contrairement à d’autres successions parfois contestées dans l’histoire dahoméenne, son accession se fait dans la continuité de la lignée royale.
Conflits militaires et politique extérieure
Le règne de Kpengla s’inscrit dans un contexte militaire particulièrement agité. Le Dahomey est attaqué par les guerriers de l’alaafin d’Oyo, puissance dominante de la région. Face à ces offensives, Kpengla se voit contraint de s’allier à Oyo pour maintenir la stabilité du royaume.
Son règne reste donc marqué par une diplomatie complexe, oscillant entre résistance et alliances stratégiques.
Monopole royal et commerce atlantique
Kpengla joue un rôle majeur dans l’organisation économique du Dahomey. En relation avec les Européens, il fait de la traite négrière un monopole royal.
Dès lors :
le roi devient l’unique propriétaire et marchand d’esclaves,
Ouidah est placé sous l’autorité d’un représentant royal, le yovogan,
la ville se transforme en port spécialisé dans la traite.
Cette centralisation renforce considérablement le pouvoir économique du roi et consolide la place du Dahomey dans le commerce atlantique.
Économie agricole et vie quotidienne
Selon des travaux historiques récents (Arthur Vido, 2019), le règne de Kpengla se caractérise par :
une activité économique dominée par l’agriculture,
la culture et la commercialisation de nombreux produits : mil, maïs, sorgho, ignames, haricots, patates, palmier à huile, orangers, riz africain, etc.
Cette diversité agricole témoigne d’un royaume structuré, productif et tourné vers la stabilité économique.
Tolérance religieuse et vie sociale
Sous Kpengla, le royaume d’Abomey est décrit comme un espace de tolérance religieuse.
On y trouve alors :
des chrétiens,
des musulmans,
et les adeptes des religions traditionnelles fon,
vivant ensemble « en harmonie ».
Ce syncrétisme illustre la capacité d’intégration culturelle du Dahomey au XVIIIᵉ siècle.
3. Symboles, mythes et héritage
Symboles
• Oiseau et fusil
« L’oiseau agité attaque les autres oiseaux. »
Ce symbole évoque l’agitation combative et l’affirmation de puissance du règne de Kpengla.
Mythes, représentations et culture populaire
• Sa figure apparaît dans la bande dessinée historique Les Passagers du vent, preuve de son importance dans la mémoire culturelle.
• Son règne est largement étudié dans l’historiographie contemporaine, notamment dans l’ouvrage d’Arthur Vido (2019).
Héritage
Kpengla laisse un héritage profondément structurant :
il instaure un monopole royal déterminant sur la traite négrière,
renforce le contrôle du Dahomey sur Ouidah,
développe une économie agricole robuste,
et maintient un climat de cohabitation religieuse pacifique.
Il prépare ainsi le terrain pour son fils Agonglo, qui lui succède en 1789.
4. 
• Wikipédia (FR) — Rois d’Abomey., https://fr.wikipedia.org/wiki/Roi_d%27Abomey","• Wikipédia (FR) — Kpengla., https://fr.wikipedia.org/wiki/Kpengla",1,1,"Kpengla (1774 – 1789)
Septième roi d’Abomey — Centralisateur du pouvoir et architecte du monopole royal de la traite
1. Résumé
Kpengla — également orthographié Pengla ou Kpingla — est le septième roi d’Abomey. Né vers 1735, il succède à son frère Tegbessou en 1774 et règne jusqu’à sa mort en 1789. Son règne est marqué par des conflits militaires avec l’Empire d’Oyo, une réorganisation profonde du commerce atlantique centrée sur la traite négrière, ainsi qu’un développement économique fondé sur l’agriculture. Il impose un monopole royal sur la traite, structure le rôle du yovogan à Ouidah et gouverne un royaume où cohabitent harmonieusement les traditions fon, le christianisme et l’islam. Son symbole est l’oiseau accompagné d’un fusil.
2. Biographie complète
Origines et accession au trône
Kpengla est né vers 1735 et appartient à la dynastie des rois d’Abomey. Il est le fils du roi Tegbessou. À la mort de ce dernier en 1774, il accède au trône, devenant le souverain du Dahomey pour une quinzaine d’années. Contrairement à d’autres successions parfois contestées dans l’histoire dahoméenne, son accession se fait dans la continuité de la lignée royale.
Conflits militaires et politique extérieure
Le règne de Kpengla s’inscrit dans un contexte militaire particulièrement agité. Le Dahomey est attaqué par les guerriers de l’alaafin d’Oyo, puissance dominante de la région. Face à ces offensives, Kpengla se voit contraint de s’allier à Oyo pour maintenir la stabilité du royaume.
Son règne reste donc marqué par une diplomatie complexe, oscillant entre résistance et alliances stratégiques.
Monopole royal et commerce atlantique
Kpengla joue un rôle majeur dans l’organisation économique du Dahomey. En relation avec les Européens, il fait de la traite négrière un monopole royal.
Dès lors :
le roi devient l’unique propriétaire et marchand d’esclaves,
Ouidah est placé sous l’autorité d’un représentant royal, le yovogan,
la ville se transforme en port spécialisé dans la traite.
Cette centralisation renforce considérablement le pouvoir économique du roi et consolide la place du Dahomey dans le commerce atlantique.
Économie agricole et vie quotidienne
Selon des travaux historiques récents (Arthur Vido, 2019), le règne de Kpengla se caractérise par :
une activité économique dominée par l’agriculture,
la culture et la commercialisation de nombreux produits : mil, maïs, sorgho, ignames, haricots, patates, palmier à huile, orangers, riz africain, etc.
Cette diversité agricole témoigne d’un royaume structuré, productif et tourné vers la stabilité économique.
Tolérance religieuse et vie sociale
Sous Kpengla, le royaume d’Abomey est décrit comme un espace de tolérance religieuse.
On y trouve alors :
des chrétiens,
des musulmans,
et les adeptes des religions traditionnelles fon,
vivant ensemble « en harmonie ».
Ce syncrétisme illustre la capacité d’intégration culturelle du Dahomey au XVIIIᵉ siècle.
3. Symboles, mythes et héritage
Symboles
• Oiseau et fusil
« L’oiseau agité attaque les autres oiseaux. »
Ce symbole évoque l’agitation combative et l’affirmation de puissance du règne de Kpengla.
Mythes, représentations et culture populaire
• Sa figure apparaît dans la bande dessinée historique Les Passagers du vent, preuve de son importance dans la mémoire culturelle.
• Son règne est largement étudié dans l’historiographie contemporaine, notamment dans l’ouvrage d’Arthur Vido (2019).
Héritage
Kpengla laisse un héritage profondément structurant :
il instaure un monopole royal déterminant sur la traite négrière,
renforce le contrôle du Dahomey sur Ouidah,
développe une économie agricole robuste,
et maintient un climat de cohabitation religieuse pacifique.
Il prépare ainsi le terrain pour son fils Agonglo, qui lui succède en 1789.
4. 
• Wikipédia (FR) — Rois d’Abomey., https://fr.wikipedia.org/wiki/Roi_d%27Abomey

=== SOURCES ===
• Wikipédia (FR) — Kpengla., https://fr.wikipedia.org/wiki/Kpengla",3848,576,66,6,3914,582,True,True,3,Abomey-Palais_du_roi_Kpengla.jpg|||Symbole_de_Kpengla_roi_du_Dahomey.jpg|||palais du roi Kpengla.jpg,Donnees_soutenance\Abomey\Rois du Dahomey\Kpengla\Kpengla.docx,Donnees_soutenance\Abomey\Rois du Dahomey\Kpengla,Rois du Dahomey/Kpengla,"{'source_name': 'Wikipédia (FR)', 'description': 'Kpengla.', 'url': 'https://fr.wikipedia.org/wiki/Kpengla', 'source_type': 'wikipédia', 'raw_text': '• Wikipédia (FR) — Kpengla., https://fr.wikipedia.org/wiki/Kpengla'}",https://fr.wikipedia.org/wiki/Kpengla,Abomey-Palais_du_roi_Kpengla.jpg | Symbole_de_Kpengla_roi_du_Dahomey.jpg | palais du roi Kpengla.jpg
Abomey,Rois du Dahomey,Tegbessou,Tegbessou.docx,Tegbessou,"Tegbessou (1732/1740 – 1774)
Sixième roi d’Abomey — Consolidateur du pouvoir royal sur la côte
1. Résumé
Tegbessou — parfois orthographié Tegbesu — est traditionnellement considéré comme le sixième roi d’Abomey, successeur du roi Agadja. Il accède au trône soit en 1732, soit plus probablement en 1740, et règne jusqu’à sa mort en 1774. Héritier d’un royaume récemment étendu vers la côte, il consolide le contrôle du Dahomey sur cette zone stratégique. Son règne est également marqué par des traditions funéraires impressionnantes : à sa mort, des centaines de ses épouses se seraient sacrifiées pour l’accompagner dans l’au-delà. Son symbole est le buffle paré d’une tunique, associé au proverbe : « Un buffle habillé est difficile à déshabiller ».
2. Biographie complète
Origines et accession au trône
Tegbessou est le fils du roi Agadja. Il accède au trône après la mort de son père, même si les sources varient concernant la date exacte du début de son règne : certaines traditions évoquent 1732, tandis que d’autres retiennent 1740. Il succède directement à Agadja, dans un contexte marqué par l’expansion militaire vers le sud et par la domination persistante de l’Empire d’Oyo.
Consolidation du royaume
Contrairement à ses prédécesseurs engagés dans de vastes conquêtes, Tegbessou concentre ses efforts sur la stabilisation du territoire. Il renforce l’autorité du pouvoir d’Abomey sur la côte, une région récemment soumise par Agadja et devenue essentielle au commerce avec les Européens. Cette consolidation participe à la structuration durable du royaume et à l’affermissement de son administration.
Traditions funéraires et fin de règne
Tegbessou meurt le 17 mai 1774, après plus de trois décennies de règne. Sa mort donne lieu à des rituels funéraires d’une extrême intensité :
285 de ses femmes se seraient entretuées pour l’accompagner dans l’au-delà.
6 autres se seraient fait enterrer avec lui, perpétuant la règle traditionnelle du Dahomey selon laquelle les épouses royales suivent le souverain dans la mort.
Cette coutume témoigne de l’importance du roi dans la société dahoméenne, où la continuité entre le monde des vivants et celui des ancêtres est au cœur de la culture royale.
3. Symboles, mythes et héritage
Symboles
• Buffle paré d’une tunique
« Un buffle habillé est difficile à déshabiller. »
Ce symbole évoque la force, la stabilité et l’autorité difficile à renverser, qualités associées au règne de Tegbessou.
Mythes et traditions
• Les traditions autour de sa mort, notamment le suicide rituel et le sacrifice de ses épouses, marquent profondément l’imaginaire royal du Dahomey.
• Son règne participe à la période charnière où Abomey consolide son contrôle sur la côte et renforce sa présence dans les réseaux commerciaux atlantiques.
Héritage
Tegbessou laisse un héritage de stabilité politique et de structuration du territoire. Son règne est vu comme une phase de consolidation après les grandes conquêtes du Sud initiées par Agadja. Il garantit la continuité de l’autorité royale et prépare le terrain pour son successeur, Kpengla.
4. 
• Wikipédia (FR) — Rois d’Abomey., https://fr.wikipedia.org/wiki/Roi_d%27Abomey","• Wikipédia (FR) — Tegbessou., https://fr.wikipedia.org/wiki/Tegbessou",1,1,"Tegbessou (1732/1740 – 1774)
Sixième roi d’Abomey — Consolidateur du pouvoir royal sur la côte
1. Résumé
Tegbessou — parfois orthographié Tegbesu — est traditionnellement considéré comme le sixième roi d’Abomey, successeur du roi Agadja. Il accède au trône soit en 1732, soit plus probablement en 1740, et règne jusqu’à sa mort en 1774. Héritier d’un royaume récemment étendu vers la côte, il consolide le contrôle du Dahomey sur cette zone stratégique. Son règne est également marqué par des traditions funéraires impressionnantes : à sa mort, des centaines de ses épouses se seraient sacrifiées pour l’accompagner dans l’au-delà. Son symbole est le buffle paré d’une tunique, associé au proverbe : « Un buffle habillé est difficile à déshabiller ».
2. Biographie complète
Origines et accession au trône
Tegbessou est le fils du roi Agadja. Il accède au trône après la mort de son père, même si les sources varient concernant la date exacte du début de son règne : certaines traditions évoquent 1732, tandis que d’autres retiennent 1740. Il succède directement à Agadja, dans un contexte marqué par l’expansion militaire vers le sud et par la domination persistante de l’Empire d’Oyo.
Consolidation du royaume
Contrairement à ses prédécesseurs engagés dans de vastes conquêtes, Tegbessou concentre ses efforts sur la stabilisation du territoire. Il renforce l’autorité du pouvoir d’Abomey sur la côte, une région récemment soumise par Agadja et devenue essentielle au commerce avec les Européens. Cette consolidation participe à la structuration durable du royaume et à l’affermissement de son administration.
Traditions funéraires et fin de règne
Tegbessou meurt le 17 mai 1774, après plus de trois décennies de règne. Sa mort donne lieu à des rituels funéraires d’une extrême intensité :
285 de ses femmes se seraient entretuées pour l’accompagner dans l’au-delà.
6 autres se seraient fait enterrer avec lui, perpétuant la règle traditionnelle du Dahomey selon laquelle les épouses royales suivent le souverain dans la mort.
Cette coutume témoigne de l’importance du roi dans la société dahoméenne, où la continuité entre le monde des vivants et celui des ancêtres est au cœur de la culture royale.
3. Symboles, mythes et héritage
Symboles
• Buffle paré d’une tunique
« Un buffle habillé est difficile à déshabiller. »
Ce symbole évoque la force, la stabilité et l’autorité difficile à renverser, qualités associées au règne de Tegbessou.
Mythes et traditions
• Les traditions autour de sa mort, notamment le suicide rituel et le sacrifice de ses épouses, marquent profondément l’imaginaire royal du Dahomey.
• Son règne participe à la période charnière où Abomey consolide son contrôle sur la côte et renforce sa présence dans les réseaux commerciaux atlantiques.
Héritage
Tegbessou laisse un héritage de stabilité politique et de structuration du territoire. Son règne est vu comme une phase de consolidation après les grandes conquêtes du Sud initiées par Agadja. Il garantit la continuité de l’autorité royale et prépare le terrain pour son successeur, Kpengla.
4. 
• Wikipédia (FR) — Rois d’Abomey., https://fr.wikipedia.org/wiki/Roi_d%27Abomey

=== SOURCES ===
• Wikipédia (FR) — Tegbessou., https://fr.wikipedia.org/wiki/Tegbessou",3152,490,70,6,3222,496,True,True,2,Symbole_de_Tegbessou_roi_du_Dahomey.jpg|||palais de Tegbessou.jpg,Donnees_soutenance\Abomey\Rois du Dahomey\Tegbessou\Tegbessou.docx,Donnees_soutenance\Abomey\Rois du Dahomey\Tegbessou,Rois du Dahomey/Tegbessou,"{'source_name': 'Wikipédia (FR)', 'description': 'Tegbessou.', 'url': 'https://fr.wikipedia.org/wiki/Tegbessou', 'source_type': 'wikipédia', 'raw_text': '• Wikipédia (FR) — Tegbessou., https://fr.wikipedia.org/wiki/Tegbessou'}",https://fr.wikipedia.org/wiki/Tegbessou,Symbole_de_Tegbessou_roi_du_Dahomey.jpg | palais de Tegbessou.jpg
Ganvié,Légende du roi Agbogdobé,Légende_du_Roi_Agbogdobé.docx,Légende_du_Roi_Agbogdobé.docx,Légende du Roi Agbogdobé,"La Légende du Roi Agbogdobé — Origine de Ganvié
1. Présentation générale
La légende du roi Agbogdobé est l’un des récits fondateurs les plus emblématiques de Ganvié, le village lacustre situé au cœur du lac Nokoué. Transmise par la tradition orale, cette histoire explique non seulement la naissance de Ganvié, mais aussi le destin singulier du peuple Toffinou, réfugié sur l’eau pour échapper aux razzias esclavagistes au XVIIIᵉ siècle.
Elle fait partie intégrante de l'identité culturelle du village et est racontée encore aujourd’hui comme un témoignage de courage, de résistance et de spiritualité.
2. La légende du roi Agbogdobé
Il y a un peu plus de trois siècles, au XVIIIᵉ siècle, les Toffinous vivaient paisiblement sur les terres de l’actuel Togo. Mais cette tranquillité fut bouleversée lorsque les razzias esclavagistes commencèrent à s’abattre sur les villages de la région. Pour échapper aux enlèvements, aux violences et à l’emprise des marchands d’esclaves, le peuple Toffinou, dirigé par leur souverain Agbogdobé, entreprit une longue fuite vers l’ouest.
Ils marchèrent jusqu’aux rives du lac Nokoué, un vaste étendue d’eau marécageuse. Mais un obstacle de taille les attendait : ils n’avaient aucun moyen de traverser le lac. Les soldats esclavagistes, eux, continuaient de se rapprocher.
Face à cette menace, le roi Agbogdobé fit appel à ses puissances mystiques — un savoir issu du vaudou et de sa relation privilégiée avec les esprits de la nature.
Selon la tradition orale, il se transforma alors en épervier. Sous la forme de cet oiseau, il s’éleva dans les airs, survola la lagune et explora les recoins du lac Nokoué à la recherche d’un lieu sûr. De là-haut, il aperçut une île, un espace protégé par l’eau, inaccessible aux chasseurs d’esclaves.
Revenu vers son peuple, Agbogdobé prit une nouvelle forme : celle du crocodile, animal sacré dans cette région. Sur son dos puissant, il fit traverser les marécages à ses villageois, voyage après voyage, jusqu'à les conduire vers cette nouvelle terre d’accueil.
C’est ainsi que naquit Ganvié, dont le nom signifie « Sauver la collectivité » :
Gan : sauver
Vié : la communauté (en fongbé)
Ganvié devint un refuge sur l’eau, un village invisible et inaccessible pour les esclavagistes : leurs croyances leur interdisaient de capturer les personnes vivant au-dessus ou au milieu de l’eau.
Depuis lors, le crocodile est resté un animal sacré à Ganvié, symbole de protection et de survie. Une statue du roi Agbogdobé surplombe encore aujourd’hui le village, rappelant le rôle crucial qu’il a joué dans ce sauvetage légendaire.
3. Importance culturelle et symbolique
La légende explique la création du plus grand village lacustre d’Afrique de l’Ouest.
Elle met en lumière l’ingéniosité du peuple Toffinou face à l’esclavage.
Le crocodile et l’épervier sont devenus des symboles spirituels très forts.
Ganvié demeure un lieu de mémoire, de résistance et d’identité culturelle.
4. 
• Magazine de l’Afrique — Ganvié, village lacustre et refuge d’esclaves, https://magazinedelafrique.com/reportage/ganvie-village-lacustre-ex-refuge-desclaves/
• Ayiffa Tourisme — Blog : Tout sur Ganvié, https://ayiffatourisme.com/blog-tout-sur-ganvie.php
• Drach Travel — Ganvié, village lacustre et historique du Bénin, https://drachtravel.com/ganvie-village-lacustre-et-historique-du-benin/","• Ayiffa Tourisme — Visiter Ganvié, https://ayiffatourisme.com/visiter-ganvie.php",1,1,"La Légende du Roi Agbogdobé — Origine de Ganvié
1. Présentation générale
La légende du roi Agbogdobé est l’un des récits fondateurs les plus emblématiques de Ganvié, le village lacustre situé au cœur du lac Nokoué. Transmise par la tradition orale, cette histoire explique non seulement la naissance de Ganvié, mais aussi le destin singulier du peuple Toffinou, réfugié sur l’eau pour échapper aux razzias esclavagistes au XVIIIᵉ siècle.
Elle fait partie intégrante de l'identité culturelle du village et est racontée encore aujourd’hui comme un témoignage de courage, de résistance et de spiritualité.
2. La légende du roi Agbogdobé
Il y a un peu plus de trois siècles, au XVIIIᵉ siècle, les Toffinous vivaient paisiblement sur les terres de l’actuel Togo. Mais cette tranquillité fut bouleversée lorsque les razzias esclavagistes commencèrent à s’abattre sur les villages de la région. Pour échapper aux enlèvements, aux violences et à l’emprise des marchands d’esclaves, le peuple Toffinou, dirigé par leur souverain Agbogdobé, entreprit une longue fuite vers l’ouest.
Ils marchèrent jusqu’aux rives du lac Nokoué, un vaste étendue d’eau marécageuse. Mais un obstacle de taille les attendait : ils n’avaient aucun moyen de traverser le lac. Les soldats esclavagistes, eux, continuaient de se rapprocher.
Face à cette menace, le roi Agbogdobé fit appel à ses puissances mystiques — un savoir issu du vaudou et de sa relation privilégiée avec les esprits de la nature.
Selon la tradition orale, il se transforma alors en épervier. Sous la forme de cet oiseau, il s’éleva dans les airs, survola la lagune et explora les recoins du lac Nokoué à la recherche d’un lieu sûr. De là-haut, il aperçut une île, un espace protégé par l’eau, inaccessible aux chasseurs d’esclaves.
Revenu vers son peuple, Agbogdobé prit une nouvelle forme : celle du crocodile, animal sacré dans cette région. Sur son dos puissant, il fit traverser les marécages à ses villageois, voyage après voyage, jusqu'à les conduire vers cette nouvelle terre d’accueil.
C’est ainsi que naquit Ganvié, dont le nom signifie « Sauver la collectivité » :
Gan : sauver
Vié : la communauté (en fongbé)
Ganvié devint un refuge sur l’eau, un village invisible et inaccessible pour les esclavagistes : leurs croyances leur interdisaient de capturer les personnes vivant au-dessus ou au milieu de l’eau.
Depuis lors, le crocodile est resté un animal sacré à Ganvié, symbole de protection et de survie. Une statue du roi Agbogdobé surplombe encore aujourd’hui le village, rappelant le rôle crucial qu’il a joué dans ce sauvetage légendaire.
3. Importance culturelle et symbolique
La légende explique la création du plus grand village lacustre d’Afrique de l’Ouest.
Elle met en lumière l’ingéniosité du peuple Toffinou face à l’esclavage.
Le crocodile et l’épervier sont devenus des symboles spirituels très forts.
Ganvié demeure un lieu de mémoire, de résistance et d’identité culturelle.
4. 
• Magazine de l’Afrique — Ganvié, village lacustre et refuge d’esclaves, https://magazinedelafrique.com/reportage/ganvie-village-lacustre-ex-refuge-desclaves/
• Ayiffa Tourisme — Blog : Tout sur Ganvié, https://ayiffatourisme.com/blog-tout-sur-ganvie.php
• Drach Travel — Ganvié, village lacustre et historique du Bénin, https://drachtravel.com/ganvie-village-lacustre-et-historique-du-benin/

=== SOURCES ===
• Ayiffa Tourisme — Visiter Ganvié, https://ayiffatourisme.com/visiter-ganvie.php",3338,502,81,7,3419,509,True,True,0,Aucune,Donnees_soutenance\Ganvié\Légende du roi Agbogdobé\Légende_du_Roi_Agbogdobé.docx,Donnees_soutenance\Ganvié\Légende du roi Agbogdobé,Légende du roi Agbogdobé/Légende_du_Roi_Agbogdobé.docx,"{'source_name': 'Ayiffa Tourisme', 'description': 'Visiter Ganvié', 'url': 'https://ayiffatourisme.com/visiter-ganvie.php', 'source_type': 'blog', 'raw_text': '• Ayiffa Tourisme — Visiter Ganvié, https://ayiffatourisme.com/visiter-ganvie.php'}",https://ayiffatourisme.com/visiter-ganvie.php,
Ganvié,Mode de vie des habitants de Ganvié et marché flottant,Mode_de_vie_des_habitants_de_Ganvié_et_marché_flottant.docx,Mode_de_vie_des_habitants_de_Ganvié_et_marché_flottant.docx,Mode de vie des habitants de Ganvié et marché flottant,"Mode de vie des habitants de Ganvié et marché flottant
1. Introduction
Ganvié, surnommée la « Venise de l’Afrique », est une cité lacustre unique où toute la vie se déroule sur l’eau. Ici, les maisons flottent sur des pilotis, les enfants apprennent à naviguer dès leur plus jeune âge et le marché ne connaît pas de rues mais des canaux animés par des pirogues.
Le village offre une immersion fascinante dans le quotidien des Toffinous, habitants de Ganvié, dont le mode de vie est intimement lié au lac Nokoué.
2. Le village aquatique et le mode de vie
Maisons sur pilotis :
Les habitations sont construites en bois, bambou, paille et matériaux naturels. Malgré leur apparence fragile, elles résistent aux intempéries et aux aléas climatiques depuis des décennies.
Accès à l’eau potable :
L’eau du lac n’est pas potable. La population se rend aux bornes fontaines installées par les autorités, en pirogue, pour remplir leurs bidons.
Électricité :
L’alimentation électrique reste limitée. Les habitants utilisent soit des groupes électrogènes, soit des panneaux photovoltaïques.
Religions :
La laïcité est respectée. On observe des pratiques endogènes et quelques églises sur pilotis au sein du village.
Pisciculture :
Le lac Nokoué, peu pollué, est exploité pour la pêche. Les habitants entretiennent leurs acadjas (zones de pêche clôturées) pour assurer un approvisionnement en poissons suffisant pour plusieurs mois.
3. La pêche : cœur de l’économie
La pêche est la première ressource du village :
Transmise de père en fils, elle repose sur des techniques traditionnelles précises.
Les pêcheurs lancent leurs filets avec un mouvement quasi mécanique, fruit d’années d’expérience.
La pêche fournit l’alimentation des familles et alimente les marchés environnants, notamment le grand marché de Dantokpa.
4. Le marché flottant : un ballet sur l’eau
Dès l’aube, les femmes installent leurs marchandises dans les pirogues : fruits, légumes, poissons, épices et artisanat.
Les pirogues circulent entre les maisons sur pilotis, se croisent et se dépassent dans un ballet ininterrompu.
Le marchandage commence : négociations, échanges et discussions transforment les canaux en une véritable scène vivante.
Ce marché sur l’eau est un spectacle magique : il reflète l’harmonie entre les habitants et le lac.
5. Initiation des enfants à l’eau
Les enfants apprennent très tôt à nager et à manœuvrer les pirogues.
Vers 10 ans, beaucoup se déplacent seuls, aussi habiles qu’un enfant sur une bicyclette.
Cette pratique leur permet de s’intégrer pleinement à la vie lacustre et de perpétuer la culture et les traditions des Toffinous.
6. Le commerce et la vie quotidienne
Les femmes sont au cœur du commerce local.
Les produits vendus viennent principalement de la pêche, mais aussi de l’agriculture et de l’artisanat.
Les marchés sur la terre ferme, comme celui de l’embarcadère, complètent l’offre lorsque certaines denrées ne sont pas disponibles sur l’eau.

• Wikipédia — Ganvié, https://fr.wikipedia.org/wiki/Ganvi%C3%A9
• Magazine de l’Afrique — Ganvié, village lacustre, https://magazinedelafrique.com/reportage/ganvie-village-lacustre-ex-refuge-desclaves/
• Ayiffa Tourisme — Tout sur Ganvié, https://ayiffatourisme.com/blog-tout-sur-ganvie.php","• Ayiffa Tourisme — Visiter Ganvié, https://ayiffatourisme.com/visiter-ganvie.php",1,1,"Mode de vie des habitants de Ganvié et marché flottant
1. Introduction
Ganvié, surnommée la « Venise de l’Afrique », est une cité lacustre unique où toute la vie se déroule sur l’eau. Ici, les maisons flottent sur des pilotis, les enfants apprennent à naviguer dès leur plus jeune âge et le marché ne connaît pas de rues mais des canaux animés par des pirogues.
Le village offre une immersion fascinante dans le quotidien des Toffinous, habitants de Ganvié, dont le mode de vie est intimement lié au lac Nokoué.
2. Le village aquatique et le mode de vie
Maisons sur pilotis :
Les habitations sont construites en bois, bambou, paille et matériaux naturels. Malgré leur apparence fragile, elles résistent aux intempéries et aux aléas climatiques depuis des décennies.
Accès à l’eau potable :
L’eau du lac n’est pas potable. La population se rend aux bornes fontaines installées par les autorités, en pirogue, pour remplir leurs bidons.
Électricité :
L’alimentation électrique reste limitée. Les habitants utilisent soit des groupes électrogènes, soit des panneaux photovoltaïques.
Religions :
La laïcité est respectée. On observe des pratiques endogènes et quelques églises sur pilotis au sein du village.
Pisciculture :
Le lac Nokoué, peu pollué, est exploité pour la pêche. Les habitants entretiennent leurs acadjas (zones de pêche clôturées) pour assurer un approvisionnement en poissons suffisant pour plusieurs mois.
3. La pêche : cœur de l’économie
La pêche est la première ressource du village :
Transmise de père en fils, elle repose sur des techniques traditionnelles précises.
Les pêcheurs lancent leurs filets avec un mouvement quasi mécanique, fruit d’années d’expérience.
La pêche fournit l’alimentation des familles et alimente les marchés environnants, notamment le grand marché de Dantokpa.
4. Le marché flottant : un ballet sur l’eau
Dès l’aube, les femmes installent leurs marchandises dans les pirogues : fruits, légumes, poissons, épices et artisanat.
Les pirogues circulent entre les maisons sur pilotis, se croisent et se dépassent dans un ballet ininterrompu.
Le marchandage commence : négociations, échanges et discussions transforment les canaux en une véritable scène vivante.
Ce marché sur l’eau est un spectacle magique : il reflète l’harmonie entre les habitants et le lac.
5. Initiation des enfants à l’eau
Les enfants apprennent très tôt à nager et à manœuvrer les pirogues.
Vers 10 ans, beaucoup se déplacent seuls, aussi habiles qu’un enfant sur une bicyclette.
Cette pratique leur permet de s’intégrer pleinement à la vie lacustre et de perpétuer la culture et les traditions des Toffinous.
6. Le commerce et la vie quotidienne
Les femmes sont au cœur du commerce local.
Les produits vendus viennent principalement de la pêche, mais aussi de l’agriculture et de l’artisanat.
Les marchés sur la terre ferme, comme celui de l’embarcadère, complètent l’offre lorsque certaines denrées ne sont pas disponibles sur l’eau.

• Wikipédia — Ganvié, https://fr.wikipedia.org/wiki/Ganvi%C3%A9
• Magazine de l’Afrique — Ganvié, village lacustre, https://magazinedelafrique.com/reportage/ganvie-village-lacustre-ex-refuge-desclaves/
• Ayiffa Tourisme — Tout sur Ganvié, https://ayiffatourisme.com/blog-tout-sur-ganvie.php

=== SOURCES ===
• Ayiffa Tourisme — Visiter Ganvié, https://ayiffatourisme.com/visiter-ganvie.php",3240,486,81,7,3321,493,True,True,9,"Cité lacustre de Ganvié, Bénin.jpg|||Ganvié,Bénin.jpg|||Ganvié_1.jpg|||Marché lacustre de Ganvié.jpg|||au village lacustre de Ganvié, sur le lac Nokoué.jpg|||maison de Ganvié.jpg|||maison sur pilotis de ganvié.jpg|||pirogues et maisons de ganvié.jpg|||église de Ganvié.jpg",Donnees_soutenance\Ganvié\Mode de vie des habitants de Ganvié et marché flottant\Mode_de_vie_des_habitants_de_Ganvié_et_marché_flottant.docx,Donnees_soutenance\Ganvié\Mode de vie des habitants de Ganvié et marché flottant,Mode de vie des habitants de Ganvié et marché flottant/Mode_de_vie_des_habitants_de_Ganvié_et_marché_flottant.docx,"{'source_name': 'Ayiffa Tourisme', 'description': 'Visiter Ganvié', 'url': 'https://ayiffatourisme.com/visiter-ganvie.php', 'source_type': 'blog', 'raw_text': '• Ayiffa Tourisme — Visiter Ganvié, https://ayiffatourisme.com/visiter-ganvie.php'}",https://ayiffatourisme.com/visiter-ganvie.php,"Cité lacustre de Ganvié, Bénin.jpg | Ganvié,Bénin.jpg | Ganvié_1.jpg | Marché lacustre de Ganvié.jpg | au village lacustre de Ganvié, sur le lac Nokoué.jpg | maison de Ganvié.jpg | maison sur pilotis de ganvié.jpg | pirogues et maisons de ganvié.jpg | église de Ganvié.jpg"
Ganvié,Présentation de Ganvié,Présentation_Ganvié.docx,Présentation_Ganvié.docx,Présentation Ganvié,"Ganvié – La Cité Lacustre des Hommes de l’Eau
Introduction
Si l’on devait résumer Ganvié en une image, ce serait celle d’un village flottant où les maisons semblent danser avec les vagues, où les pirogues remplacent les routes, et où la vie toute entière s’écoule au rythme de l’eau. Située au cœur du lac Nokoué, au nord de Cotonou, cette cité lacustre vieille de trois siècles est l’un des lieux les plus emblématiques du Bénin. On la surnomme la « Venise de l’Afrique », mais elle est bien plus que cela : Ganvié est un symbole de résistance, de refuge et d’identité culturelle.
1. Histoire et Origine : un refuge devenu cité
Ganvié doit sa naissance à un épisode tragique de l’histoire : les razzias esclavagistes du XVIIIᵉ siècle. Fuyant les enlèvements et la violence, le peuple Toffinou, originaire du territoire de l’actuel Togo, trouva refuge dans les marécages du lac Nokoué.
Leur histoire mêle survie, croyances et légende :
La légende du roi Agbogdobé
Face à l’impossibilité de traverser le lac, le roi Agbogdobé fit appel à ses pouvoirs mystiques :
Il se transforma d’abord en épervier pour repérer un endroit sûr.
Puis en crocodile, pour transporter son peuple sur son dos jusqu’à l’île où serait bâtie Ganvié.
C’est de là que vient son nom en fongbé :
« Gan » (sauver) + « vié » (la collectivité) → « communauté sauvée ».
Depuis 1996, la cité figure sur la liste indicative de l’UNESCO, qui reconnaît son importance culturelle et historique.
Signification du nom ""Ganvié""
Le mot Ganvié vient du fongbé :
“Gan” = sauver
“vié” = la collectivité
Ganvié signifie donc : “Sauver la collectivité”.
Une référence directe à l’exode et au salut apporté par Agbogdobé.
2. Une cité vivante construite sur l’eau
Ganvié n’est pas un simple village touristique : c’est une ville entière, avec près de 30 000 habitants, une vie sociale complète et des infrastructures essentielles (églises, écoles, marché, cimetière…).
Architecture et habitat
Les maisons sont construites :
sur pilotis en bois ou bambou,
recouvertes de pailles ou tôles,
solidement ancrées pour résister au vent, à la pluie et aux crues.
Le lac Nokoué, souvent peu profond (≈2 m), façonne entièrement l’organisation de l’espace.
Il arrive que les crues montent jusqu’aux pilotis, forçant même les éleveurs à ramener leur bétail des îlots aménagés.
3. Mode de vie : tout se passe sur l’eau
Ici, la pirogue est l’équivalent de la voiture, du taxi, ou même du vélo.
Enfants et navigation
Les enfants apprennent très tôt à ramer, si bien qu’à seulement dix ans certains se déplacent déjà seuls en embarcation, aussi naturellement que d’autres sur une bicyclette.
Le marché flottant
À l’aube :
Les femmes installent leurs paniers de marchandises dans leurs pirogues,
Les marchandises telles que : poissons frais ou fumés, épices, fruits, légumes, objets artisanaux.
Un ballet aquatique s’organise,
Les cris, les négociations et les déplacements créent un marché vivant qui flotte littéralement sur l’eau.
C’est l’une des scènes les plus enchantées que les voyageurs découvrent à Ganvié.
4. Activités économiques
La vie économique repose essentiellement sur l’eau :
Pêche et pisciculture
Activité principale pratiquée par plus de 70 % des Toffinous.
Techniques transmises de père en fils.
Entretien des acadjas, structures de branchages servant de nurseries à poissons.
Récoltes généralement abondantes, permettant de subvenir à toute la famille.
Commerce flottant
Les produits de la pêche sont vendus :
au marché flottant,
au marché de l’embarcadère,
ou encore au grand marché Dantokpa de Cotonou.
Autres activités
Guidage touristique,
Agriculture saisonnière,
Dragage du sable lagunaire.
5. Culture, religion et traditions
Ganvié est un carrefour spirituel.
Diversité religieuse
Religions traditionnelles fortement ancrées,
Présence de temples vaudous,
Mais aussi plusieurs églises bâties sur pilotis.
Fêtes et traditions
La plus emblématique est le Toffin-xwé, la grande fête identitaire qui rassemble chaque année les descendants des Hommes de l’Eau.
6. Conditions de vie et défis actuels
Malgré son charme, Ganvié fait face à plusieurs défis :
Eau potable
Deux bornes installées par l’État,
Accessible uniquement en pirogue,
L’eau du lac n’est pas potable (salinité + pollution organique).
Électricité
Pas de réseau électrique complet,
Usage de groupes électrogènes et panneaux solaires.
Environnement
Croissance démographique rapide,
Pression sur le lac,
Problèmes saisonniers : crues, tempêtes, érosion des poteaux.
7. Ganvié aujourd’hui : un joyau touristique vivant
La cité attire de plus en plus de voyageurs venus admirer :
ses maisons sur pilotis,
ses rues d’eau bordées de jacinthes,
son marché flottant,
sa culture harmonieuse et préservée.
Les visiteurs peuvent profiter :
d’une balade en pirogue,
de l'observation des oiseaux et de la faune lacustre,
de la dégustation du poisson frais et des plats locaux,
de l’achat d’artisanat conçu en bambou ou en bois.
Ganvié est un lieu authentique où l’on vient chercher l’essence profonde du Bénin, son identité lacustre, sa créativité, et surtout, la résilience d’un peuple qui a choisi l’eau pour survivre et se reconstruire.

• Wikipédia — Ganvié, https://fr.wikipedia.org/wiki/Ganvi%C3%A9
• Magazine de l’Afrique — Ganvié, village lacustre, https://magazinedelafrique.com/reportage/ganvie-village-lacustre-ex-refuge-desclaves/
• Ayiffa Tourisme — Tout sur Ganvié, https://ayiffatourisme.com/blog-tout-sur-ganvie.php
• Drach Travel — Ganvié, village lacustre et historique du Bénin, https://drachtravel.com/ganvie-village-lacustre-et-historique-du-benin/","• Ayiffa Tourisme — Visiter Ganvié, https://ayiffatourisme.com/visiter-ganvie.php",1,1,"Ganvié – La Cité Lacustre des Hommes de l’Eau
Introduction
Si l’on devait résumer Ganvié en une image, ce serait celle d’un village flottant où les maisons semblent danser avec les vagues, où les pirogues remplacent les routes, et où la vie toute entière s’écoule au rythme de l’eau. Située au cœur du lac Nokoué, au nord de Cotonou, cette cité lacustre vieille de trois siècles est l’un des lieux les plus emblématiques du Bénin. On la surnomme la « Venise de l’Afrique », mais elle est bien plus que cela : Ganvié est un symbole de résistance, de refuge et d’identité culturelle.
1. Histoire et Origine : un refuge devenu cité
Ganvié doit sa naissance à un épisode tragique de l’histoire : les razzias esclavagistes du XVIIIᵉ siècle. Fuyant les enlèvements et la violence, le peuple Toffinou, originaire du territoire de l’actuel Togo, trouva refuge dans les marécages du lac Nokoué.
Leur histoire mêle survie, croyances et légende :
La légende du roi Agbogdobé
Face à l’impossibilité de traverser le lac, le roi Agbogdobé fit appel à ses pouvoirs mystiques :
Il se transforma d’abord en épervier pour repérer un endroit sûr.
Puis en crocodile, pour transporter son peuple sur son dos jusqu’à l’île où serait bâtie Ganvié.
C’est de là que vient son nom en fongbé :
« Gan » (sauver) + « vié » (la collectivité) → « communauté sauvée ».
Depuis 1996, la cité figure sur la liste indicative de l’UNESCO, qui reconnaît son importance culturelle et historique.
Signification du nom ""Ganvié""
Le mot Ganvié vient du fongbé :
“Gan” = sauver
“vié” = la collectivité
Ganvié signifie donc : “Sauver la collectivité”.
Une référence directe à l’exode et au salut apporté par Agbogdobé.
2. Une cité vivante construite sur l’eau
Ganvié n’est pas un simple village touristique : c’est une ville entière, avec près de 30 000 habitants, une vie sociale complète et des infrastructures essentielles (églises, écoles, marché, cimetière…).
Architecture et habitat
Les maisons sont construites :
sur pilotis en bois ou bambou,
recouvertes de pailles ou tôles,
solidement ancrées pour résister au vent, à la pluie et aux crues.
Le lac Nokoué, souvent peu profond (≈2 m), façonne entièrement l’organisation de l’espace.
Il arrive que les crues montent jusqu’aux pilotis, forçant même les éleveurs à ramener leur bétail des îlots aménagés.
3. Mode de vie : tout se passe sur l’eau
Ici, la pirogue est l’équivalent de la voiture, du taxi, ou même du vélo.
Enfants et navigation
Les enfants apprennent très tôt à ramer, si bien qu’à seulement dix ans certains se déplacent déjà seuls en embarcation, aussi naturellement que d’autres sur une bicyclette.
Le marché flottant
À l’aube :
Les femmes installent leurs paniers de marchandises dans leurs pirogues,
Les marchandises telles que : poissons frais ou fumés, épices, fruits, légumes, objets artisanaux.
Un ballet aquatique s’organise,
Les cris, les négociations et les déplacements créent un marché vivant qui flotte littéralement sur l’eau.
C’est l’une des scènes les plus enchantées que les voyageurs découvrent à Ganvié.
4. Activités économiques
La vie économique repose essentiellement sur l’eau :
Pêche et pisciculture
Activité principale pratiquée par plus de 70 % des Toffinous.
Techniques transmises de père en fils.
Entretien des acadjas, structures de branchages servant de nurseries à poissons.
Récoltes généralement abondantes, permettant de subvenir à toute la famille.
Commerce flottant
Les produits de la pêche sont vendus :
au marché flottant,
au marché de l’embarcadère,
ou encore au grand marché Dantokpa de Cotonou.
Autres activités
Guidage touristique,
Agriculture saisonnière,
Dragage du sable lagunaire.
5. Culture, religion et traditions
Ganvié est un carrefour spirituel.
Diversité religieuse
Religions traditionnelles fortement ancrées,
Présence de temples vaudous,
Mais aussi plusieurs églises bâties sur pilotis.
Fêtes et traditions
La plus emblématique est le Toffin-xwé, la grande fête identitaire qui rassemble chaque année les descendants des Hommes de l’Eau.
6. Conditions de vie et défis actuels
Malgré son charme, Ganvié fait face à plusieurs défis :
Eau potable
Deux bornes installées par l’État,
Accessible uniquement en pirogue,
L’eau du lac n’est pas potable (salinité + pollution organique).
Électricité
Pas de réseau électrique complet,
Usage de groupes électrogènes et panneaux solaires.
Environnement
Croissance démographique rapide,
Pression sur le lac,
Problèmes saisonniers : crues, tempêtes, érosion des poteaux.
7. Ganvié aujourd’hui : un joyau touristique vivant
La cité attire de plus en plus de voyageurs venus admirer :
ses maisons sur pilotis,
ses rues d’eau bordées de jacinthes,
son marché flottant,
sa culture harmonieuse et préservée.
Les visiteurs peuvent profiter :
d’une balade en pirogue,
de l'observation des oiseaux et de la faune lacustre,
de la dégustation du poisson frais et des plats locaux,
de l’achat d’artisanat conçu en bambou ou en bois.
Ganvié est un lieu authentique où l’on vient chercher l’essence profonde du Bénin, son identité lacustre, sa créativité, et surtout, la résilience d’un peuple qui a choisi l’eau pour survivre et se reconstruire.

• Wikipédia — Ganvié, https://fr.wikipedia.org/wiki/Ganvi%C3%A9
• Magazine de l’Afrique — Ganvié, village lacustre, https://magazinedelafrique.com/reportage/ganvie-village-lacustre-ex-refuge-desclaves/
• Ayiffa Tourisme — Tout sur Ganvié, https://ayiffatourisme.com/blog-tout-sur-ganvie.php
• Drach Travel — Ganvié, village lacustre et historique du Bénin, https://drachtravel.com/ganvie-village-lacustre-et-historique-du-benin/

=== SOURCES ===
• Ayiffa Tourisme — Visiter Ganvié, https://ayiffatourisme.com/visiter-ganvie.php",5577,850,81,7,5658,857,True,True,3,"Ganvié,cité qui vit sur l'eau .jpg|||Ganvié.jpg|||cité de Ganvié.jpg",Donnees_soutenance\Ganvié\Présentation de Ganvié\Présentation_Ganvié.docx,Donnees_soutenance\Ganvié\Présentation de Ganvié,Présentation de Ganvié/Présentation_Ganvié.docx,"{'source_name': 'Ayiffa Tourisme', 'description': 'Visiter Ganvié', 'url': 'https://ayiffatourisme.com/visiter-ganvie.php', 'source_type': 'blog', 'raw_text': '• Ayiffa Tourisme — Visiter Ganvié, https://ayiffatourisme.com/visiter-ganvie.php'}",https://ayiffatourisme.com/visiter-ganvie.php,"Ganvié,cité qui vit sur l'eau .jpg | Ganvié.jpg | cité de Ganvié.jpg"
Ouidah,Présentation de Ouidah,Presentation_Ouidah.docx,Presentation_Ouidah.docx,Presentation Ouidah,"Ouidah
Ville historique et culturelle – Côte du Bénin
1. Résumé
Ouidah est une ville côtière et commune du Bénin, située à 42 kilomètres à l’ouest de Cotonou, sur la côte Atlantique. Historiquement appelée Huéda, elle fut le centre d’un royaume puis l’un des principaux ports d’embarquement de la traite négrière occidentale aux XVIIIᵉ et XIXᵉ siècles. Bien que la ville se trouve à 3,5 kilomètres de la mer, séparée par une lagune et des bancs de sable, elle devint un carrefour stratégique pour le commerce, notamment celui des esclaves et, plus tard, de l’huile de palme.
Aujourd’hui, Ouidah est une cité culturellement riche, connue pour son patrimoine historique, ses monuments liés à la traite des esclaves, ses sites religieux et spirituels, ainsi que pour son rôle dans la mémoire et la culture du Bénin.
2. Historique et rôle du site
Origines et fondation
Les plus anciennes mentions de Gléhoué remontent au XVIᵉ siècle. La tradition orale raconte que la naissance du hameau est liée à la personne du roi Kpassè, dans une période allant de 1550 à 1670. Les écrits européens antérieurs au XVIᵉ siècle sont rares et n’évoquent pas directement le site. Selon M. Gavoy (1955), vers 1580, les Portugais firent cadeau au roi et à ses proches de tissus, en échange de vivres et de chèvres. Étonnés de ces animaux, les Européens apprirent qu’une ville existait un peu plus au nord, appelée Sahè (C. Merlo, 1940).
Il est probable que cette rencontre se soit déroulée dans une ferme d’habitation, fondée par Kpassè, successeur d’Aholo, qu’il appela Gléhoué (« maison des champs »), donnant plus tard son nom à la ville actuelle, encore appelée localement Gléhoué Kpassè-Tomè. D’autres récits attribuent la fondation à un certain Glé, ou à des populations xwla, Guin et Aïzo antérieures aux Houéda. L’explication toponymique liée à Kpassè reste la plus probable, bien que le nom soit en langue fongbé, surprenant pour un site Hxwéda.
Les Européens désignaient la localité selon les populations qui l’avaient fondée : Juda (Portugais), Fida (Hollandais), Ouidah (Français), Whidah (Anglais).
Développement du hameau
Fondé au XVIᵉ siècle, le hameau de Gléhoué était constitué du tala du roi Kpassè, comprenant sa propre habitation, celles de sa suite et de ses serviteurs, ainsi que des greniers. Une partie de la ferme servait également à parquer les esclaves destinés à la vente. Dans cet espace protégé, le roi aurait reçu les premiers visiteurs portugais en 1580 et les Capucins venus évangéliser le royaume d’Allada en 1664 et 1699.
Aujourd’hui, le site historique est probablement situé au nord-est de la ville, entre le lieu-dit Gléhoué (près de la cathédrale) et la forêt sacrée de Kpassè, où des cultes continuent de perpétuer la mémoire du roi déifié.
Formation des quartiers et population
Tovè : plusieurs familles de souche Houéda, notamment les Adjovi, descendent du fondateur de la ville.
Docomè : fondé par Kpatè, lié à l’arrivée des Portugais ; son domaine fut le noyau du quartier.
Adamè : fondé par un successeur de Kpassè, probablement le roi Agbangla (1670-1703).
Gléhoué Bedji / Agoli : site proche du Temple des Pythons, habité initialement par Zossoungbo, un dignitaire Houéda qui fonda ensuite Sogbadji.
Ces quartiers ne formaient pas une agglomération compacte et accueillaient également des familles de pêcheurs et de piroguiers Hula et Guin. Des négociants portugais et français s’y installèrent ponctuellement au XVIIᵉ siècle, comme Olivier Nicolas (vers 1620), ou un aventurier prussien selon E. Dunglas (1958).
Conquête et administration fon
Le roi du Dahomey mit en place une administration fon à Gléhoué dans les années 1740.
Yovogan : chef chargé des relations avec les Européens, installé pour superviser le commerce et réduire la résistance Houéda.
Koussougan : responsable de la sécurité, assisté par soldats, espions (Lèguèdè) et douaniers (Dégan).
L’administration contrôlait la ville et ses relations avec les comptoirs européens, mais restait soumise à l’autorité du roi. Les Yovogan pouvaient expulser des directeurs de forts en cas de conflit, comme en 1742 et 1747, et subir eux-mêmes des sanctions, comme en 1744 lors de l’attaque du fort anglais (C.W. Newbury, 1961).
De nouveaux quartiers fon furent créés autour de la ville : Fonsramè (le plus ancien, pour les dignitaires), Kaosramè (chef militaire), Boyasramè (conseiller du roi), ainsi que Quenumsramè, fondé par un cabécère du roi Ghézo (V.S. Quenum, 1982). Ces quartiers accueillaient également des familles fon dans les zones xwéda, telles que Tovè et Ahouandjigo.
Population et économie
Après la conquête aboméenne, la majorité de la population était fon, les xwéda ayant en grande partie fui. Vers 1772, Ouidah comptait environ 10 000 habitants. La traite, bien que fluctuant, rapportait d’importants profits. Gléhoué devint le centre économique du Dahomey, mais l’excès de zèle des fonctionnaires fon provoqua parfois le déclin du commerce : de 10 150 esclaves exportés en 1776, il ne restait plus que 3 065 en 1787 (D. Juhe-Beaulaton, 1994). Sous le règne d’Agonglo (1789-1797), la situation s’améliora grâce à la réduction des taxes et des tribus.
La domination fon s’imposa également sur les plans religieux et culturel, expliquant la diffusion du culte asɛn et d’autres pratiques fon à Ouidah, adoptées aussi par des groupes xwéda.
Contacts européens et commerce
Ouidah attira plusieurs puissances européennes : Portugal, France, Grande-Bretagne, Pays-Bas, Danemark.
Fort William (britannique), Fort portugais São João Baptista de Ajudá, et autres forts documentent la vie sociale et économique et témoignent du syncrétisme culturel.
La ville fut un centre majeur de commerce des esclaves au XVIIIᵉ siècle, avec le marché quotidien de Zobè.
À partir des années 1830, la ville participa au commerce légal de l’huile de palme, supplantant progressivement la traite.
3. Organisation et patrimoine architectural
Monuments historiques et culturels
Fort portugais de São João Baptista de Ajudá → musée d’histoire
Place Chacha → ancien marché aux esclaves
Porte du Non-Retour → mémoire de la traite (1995)
Forêt sacrée de Kpassè → mémoire du roi Kpassè
Temple des Pythons → sanctuaire vodoun
Basilique de l’Immaculée-Conception
Musée d’art contemporain de Ouidah (Fondation Zinsou)
Mémorial du Souvenir et sculptures le long de la route des esclaves
Culture et traditions vivantes
Fête du Vodoun ou Vodun Days chaque 10 janvier (depuis 1998)
Tambours du Bénin, Festival Kaléta et des Arts Agouda
Influence brésilienne et cubaine perceptible dans les quartiers Agoudà, l’architecture, la gastronomie et le langage
4. Valeur culturelle et symbolique
Centre de mémoire et identité
Ouidah représente la mémoire de la traite négrière, des migrations de retour, et du syncrétisme culturel et religieux entre Africains et Européens.
Tourisme et développement local
La ville attire des visiteurs pour ses monuments, musées et manifestations culturelles, contribuant à l’économie locale et à la valorisation du patrimoine béninois.
5. 
Mairie de Ouidah — Histoire de Ouidah, https://ouidah.mairie.bj/node/28","Wikipédia — Ouidah, https://fr.wikipedia.org/wiki/Ouidah",1,1,"Ouidah
Ville historique et culturelle – Côte du Bénin
1. Résumé
Ouidah est une ville côtière et commune du Bénin, située à 42 kilomètres à l’ouest de Cotonou, sur la côte Atlantique. Historiquement appelée Huéda, elle fut le centre d’un royaume puis l’un des principaux ports d’embarquement de la traite négrière occidentale aux XVIIIᵉ et XIXᵉ siècles. Bien que la ville se trouve à 3,5 kilomètres de la mer, séparée par une lagune et des bancs de sable, elle devint un carrefour stratégique pour le commerce, notamment celui des esclaves et, plus tard, de l’huile de palme.
Aujourd’hui, Ouidah est une cité culturellement riche, connue pour son patrimoine historique, ses monuments liés à la traite des esclaves, ses sites religieux et spirituels, ainsi que pour son rôle dans la mémoire et la culture du Bénin.
2. Historique et rôle du site
Origines et fondation
Les plus anciennes mentions de Gléhoué remontent au XVIᵉ siècle. La tradition orale raconte que la naissance du hameau est liée à la personne du roi Kpassè, dans une période allant de 1550 à 1670. Les écrits européens antérieurs au XVIᵉ siècle sont rares et n’évoquent pas directement le site. Selon M. Gavoy (1955), vers 1580, les Portugais firent cadeau au roi et à ses proches de tissus, en échange de vivres et de chèvres. Étonnés de ces animaux, les Européens apprirent qu’une ville existait un peu plus au nord, appelée Sahè (C. Merlo, 1940).
Il est probable que cette rencontre se soit déroulée dans une ferme d’habitation, fondée par Kpassè, successeur d’Aholo, qu’il appela Gléhoué (« maison des champs »), donnant plus tard son nom à la ville actuelle, encore appelée localement Gléhoué Kpassè-Tomè. D’autres récits attribuent la fondation à un certain Glé, ou à des populations xwla, Guin et Aïzo antérieures aux Houéda. L’explication toponymique liée à Kpassè reste la plus probable, bien que le nom soit en langue fongbé, surprenant pour un site Hxwéda.
Les Européens désignaient la localité selon les populations qui l’avaient fondée : Juda (Portugais), Fida (Hollandais), Ouidah (Français), Whidah (Anglais).
Développement du hameau
Fondé au XVIᵉ siècle, le hameau de Gléhoué était constitué du tala du roi Kpassè, comprenant sa propre habitation, celles de sa suite et de ses serviteurs, ainsi que des greniers. Une partie de la ferme servait également à parquer les esclaves destinés à la vente. Dans cet espace protégé, le roi aurait reçu les premiers visiteurs portugais en 1580 et les Capucins venus évangéliser le royaume d’Allada en 1664 et 1699.
Aujourd’hui, le site historique est probablement situé au nord-est de la ville, entre le lieu-dit Gléhoué (près de la cathédrale) et la forêt sacrée de Kpassè, où des cultes continuent de perpétuer la mémoire du roi déifié.
Formation des quartiers et population
Tovè : plusieurs familles de souche Houéda, notamment les Adjovi, descendent du fondateur de la ville.
Docomè : fondé par Kpatè, lié à l’arrivée des Portugais ; son domaine fut le noyau du quartier.
Adamè : fondé par un successeur de Kpassè, probablement le roi Agbangla (1670-1703).
Gléhoué Bedji / Agoli : site proche du Temple des Pythons, habité initialement par Zossoungbo, un dignitaire Houéda qui fonda ensuite Sogbadji.
Ces quartiers ne formaient pas une agglomération compacte et accueillaient également des familles de pêcheurs et de piroguiers Hula et Guin. Des négociants portugais et français s’y installèrent ponctuellement au XVIIᵉ siècle, comme Olivier Nicolas (vers 1620), ou un aventurier prussien selon E. Dunglas (1958).
Conquête et administration fon
Le roi du Dahomey mit en place une administration fon à Gléhoué dans les années 1740.
Yovogan : chef chargé des relations avec les Européens, installé pour superviser le commerce et réduire la résistance Houéda.
Koussougan : responsable de la sécurité, assisté par soldats, espions (Lèguèdè) et douaniers (Dégan).
L’administration contrôlait la ville et ses relations avec les comptoirs européens, mais restait soumise à l’autorité du roi. Les Yovogan pouvaient expulser des directeurs de forts en cas de conflit, comme en 1742 et 1747, et subir eux-mêmes des sanctions, comme en 1744 lors de l’attaque du fort anglais (C.W. Newbury, 1961).
De nouveaux quartiers fon furent créés autour de la ville : Fonsramè (le plus ancien, pour les dignitaires), Kaosramè (chef militaire), Boyasramè (conseiller du roi), ainsi que Quenumsramè, fondé par un cabécère du roi Ghézo (V.S. Quenum, 1982). Ces quartiers accueillaient également des familles fon dans les zones xwéda, telles que Tovè et Ahouandjigo.
Population et économie
Après la conquête aboméenne, la majorité de la population était fon, les xwéda ayant en grande partie fui. Vers 1772, Ouidah comptait environ 10 000 habitants. La traite, bien que fluctuant, rapportait d’importants profits. Gléhoué devint le centre économique du Dahomey, mais l’excès de zèle des fonctionnaires fon provoqua parfois le déclin du commerce : de 10 150 esclaves exportés en 1776, il ne restait plus que 3 065 en 1787 (D. Juhe-Beaulaton, 1994). Sous le règne d’Agonglo (1789-1797), la situation s’améliora grâce à la réduction des taxes et des tribus.
La domination fon s’imposa également sur les plans religieux et culturel, expliquant la diffusion du culte asɛn et d’autres pratiques fon à Ouidah, adoptées aussi par des groupes xwéda.
Contacts européens et commerce
Ouidah attira plusieurs puissances européennes : Portugal, France, Grande-Bretagne, Pays-Bas, Danemark.
Fort William (britannique), Fort portugais São João Baptista de Ajudá, et autres forts documentent la vie sociale et économique et témoignent du syncrétisme culturel.
La ville fut un centre majeur de commerce des esclaves au XVIIIᵉ siècle, avec le marché quotidien de Zobè.
À partir des années 1830, la ville participa au commerce légal de l’huile de palme, supplantant progressivement la traite.
3. Organisation et patrimoine architectural
Monuments historiques et culturels
Fort portugais de São João Baptista de Ajudá → musée d’histoire
Place Chacha → ancien marché aux esclaves
Porte du Non-Retour → mémoire de la traite (1995)
Forêt sacrée de Kpassè → mémoire du roi Kpassè
Temple des Pythons → sanctuaire vodoun
Basilique de l’Immaculée-Conception
Musée d’art contemporain de Ouidah (Fondation Zinsou)
Mémorial du Souvenir et sculptures le long de la route des esclaves
Culture et traditions vivantes
Fête du Vodoun ou Vodun Days chaque 10 janvier (depuis 1998)
Tambours du Bénin, Festival Kaléta et des Arts Agouda
Influence brésilienne et cubaine perceptible dans les quartiers Agoudà, l’architecture, la gastronomie et le langage
4. Valeur culturelle et symbolique
Centre de mémoire et identité
Ouidah représente la mémoire de la traite négrière, des migrations de retour, et du syncrétisme culturel et religieux entre Africains et Européens.
Tourisme et développement local
La ville attire des visiteurs pour ses monuments, musées et manifestations culturelles, contribuant à l’économie locale et à la valorisation du patrimoine béninois.
5. 
Mairie de Ouidah — Histoire de Ouidah, https://ouidah.mairie.bj/node/28

=== SOURCES ===
Wikipédia — Ouidah, https://fr.wikipedia.org/wiki/Ouidah",7097,1111,56,4,7153,1115,True,True,0,Aucune,Donnees_soutenance\Ouidah\Présentation de Ouidah\Presentation_Ouidah.docx,Donnees_soutenance\Ouidah\Présentation de Ouidah,Présentation de Ouidah/Presentation_Ouidah.docx,"{'source_name': '', 'description': 'Wikipédia — Ouidah, https://fr.wikipedia.org/wiki/Ouidah', 'url': '', 'source_type': 'texte', 'raw_text': 'Wikipédia — Ouidah, https://fr.wikipedia.org/wiki/Ouidah'}",https://fr.wikipedia.org/wiki/Ouidah,
Ouidah,Route des Esclaves,Route_des_Esclaves.docx,Route_des_Esclaves.docx,Route des Esclaves,"Route des Esclaves – Ouidah
Parcours mémoriel et historique – Côte du Bénin
1. Résumé
La Route des Esclaves retrace les derniers pas de milliers d’Africains déportés vers les Amériques entre les XVIIᵉ et XIXᵉ siècles. Cette route est ponctuée de 7 étapes clés. Elle commence « place Chacha », sur le lieu de l’ancien marché des esclaves, et se termine à la porte de Non-Retour au bord de la plage. Elle fait 4 km de long
Aujourd’hui jalonné de monuments, sculptures, places symboliques et mémoriaux, ce chemin est l’un des plus puissants lieux de mémoire de la traite négrière transatlantique en Afrique de l’Ouest.
Reconnu par l’UNESCO et devenu un haut lieu de tourisme mémoriel, il témoigne à la fois d’une douleur historique, d’une profonde spiritualité et d’un devoir de transmission.
Le circuit débute à la Place Chacha, où les esclaves étaient vendus aux enchères, avant de passer par l’Arbre de l’Oubli, rituel imposé pour effacer symboliquement leurs origines. À la Case Zomaï, les captifs étaient enfermés dans l’obscurité avant d’être conduits au Mémorial de Zoungbodji, fosse commune pour ceux qui n’ont pas survécu. L’Arbre du Retour symbolise quant à lui la possibilité spirituelle du retour des âmes, menant enfin à la majestueuse Porte du Non-Retour, point final de la terre africaine.
2. Historique et rôle du site
Origines et contexte historique
Ouidah fut l’un des ports les plus actifs de la traite négrière.
Au XVIIIᵉ et XIXᵉ siècles, la ville, d'abord contrôlée par les Houéda puis annexée par le royaume du Dahomey sous les règnes d’Agadja, Té Agbanlin, Kpengla, Agonglo et Ghézo, devint un carrefour commercial stratégique.
La Place Chacha, les maisons de traite, les forts européens et les espaces rituels formaient un réseau organisé où les captifs étaient vendus, contrôlés, préparés puis acheminés jusqu’à la mer.
Le processus de déportation
Les captifs arrivaient à Ouidah après de longues marches forcées depuis l’actuel Bénin, Togo, Nigéria, Niger ou encore les territoires yoruba ou dahoméens.
Une fois vendus, ils parcouraient un itinéraire précis, ponctué d’étapes marquantes :
Place Chacha – centre des ventes aux négociants européens.
Maison du Brésil (Casa do Brasil) – lieu d’évangélisation et résidence de négociants afro-brésiliens.
Case Zomaï – espace d’enfermement dans une obscurité totale (“zomaï” = “ne voit pas”).
Arbre de l’Oubli – rituel d’effacement symbolique de la mémoire.
Arbre du Retour – promesse spirituelle d’un retour posthume.
Cimetière des esclaves – sépulture des captifs morts avant l’embarquement.
Plage – Porte du Non-Retour – lieu d’embarquement final vers les Amériques.
Symboles et représentations
Les haltes de la route sont aujourd’hui matérialisées par :
des sculptures et monuments commémoratifs,
des installations artistiques inspirées du vodun et de l’héritage afro-brésilien,
des fresques, bas-reliefs et œuvres contemporaines.
L’ensemble forme un parcours où se croisent histoire, spiritualité, art et mémoire collective.
3. Organisation et patrimoine architectural
Monuments et lieux mémoriels
• Place Chacha ou place des Enchères – ancien marché aux esclaves ; associé à Francisco Félix de Souza.
• Case Zomaï – reconstitution symbolique de l’enfermement dans l’obscurité.
• Arbre de l’Oubli – sculptures et panneaux expliquant le rite.
• Arbre du Retour – sculptures symbolisant la promesse d’un retour spirituel.
• Monument des Chaînes Brisées – symbole de libération.
• Cimetière des Esclaves – mémorial des captifs morts avant la traversée.
• Porte du Non-Retour (1995) – monument central du parcours, inscrit au programme UNESCO.
• Mémorial de Zoungbodji – sculptures évoquant le départ vers la mer et l’arrachement final.
Architecture et aménagements
• Sculptures contemporaines d’artistes béninois et internationaux
• Œuvres d’inspiration afro-brésilienne et vodun
• Fresques, bas-reliefs, arcades symboliques
• Matériaux : pierre, métal forgé, ciment décoré, éléments traditionnels
4. Valeur culturelle et symbolique
Mémoire historique
La Route des Esclaves est l’un des rares itinéraires authentifiés retraçant physiquement le trajet final des captifs avant la traversée de l’Atlantique.
Elle sert aujourd’hui de support pédagogique, de lieu de réparation symbolique et de commémoration internationale.
Symbolique spirituelle
Les rites liés aux arbres, les pratiques vodun, les œuvres contemporaines et la charge émotionnelle du lieu en font un espace où mémoire, sacré et identité se rencontrent.
Tourisme et développement local
Le site accueille :
tourisme mémoriel et diasporique,
pèlerinages afro-descendants,
festivals culturels (Vodun Days, cérémonies UNESCO),
activités artisanales et initiatives locales.
Il contribue fortement à la valorisation et à la reconnaissance du patrimoine historique béninois.
5. Les grandes étapes de la Route des Esclaves
La Place Chacha ou Place des Enchères — Le lieu des décisions irréversibles, du tri et de la sélection
Sous le soleil brûlant, les captifs arrivaient ici, où se réglaient négociations, enchères et transactions.Les captifs étaient examinés, classés, séparés parfois de leurs proches.
Une étape brève mais cruelle, marquée par l’incertitude.
C’est là que les destins basculaient, sous l'autorité de Francisco Félix de Souza.
La Maison du Brésil — L’ombre des négociants
Édifice afro-brésilien où vivaient les commerçants venus du Brésil.
Certains captifs y étaient gardés pour un temps, dans un entre-deux inquiétant entre terre natale et horizon inconnu.
La Case Zomaï — Le noir total
Dans cette case sans ouverture, les captifs étaient enfermés dans l’obscurité la plus absolue.
Le “zomaï” symbolise la coupure brutale d’avec le monde extérieur.
L’Arbre de l’Oubli — Effacer pour mieux contrôler
Les hommes devaient tourner neuf fois autour de l’arbre, les femmes sept fois.
Le but : leur faire “oublier” leurs racines, leur identité, leur histoire.
Le Cimetière des Esclaves — La dernière halte pour les plus faibles
Ceux qui mouraient d’épuisement, de maladie ou de mauvais traitements reposaient ici.
Un lieu silencieux, chargé d'émotions.
L’Arbre du Retour — La promesse d’un retour spirituel
On y faisait faire trois tours aux captifs : une symbolique forte, celle du retour de l’âme au pays après la mort.
Zoungbodji — Le dernier passage
Lieu des cérémonies finales, où les captifs franchissaient une frontière invisible entre vie ancienne et destin forcé.
La Plage — La Porte du Non-Retour
Au bord de l’océan, le vent salé, la lumière blanche, les silhouettes des navires.
C’est ici que les corps s’embarquaient… et que les regards se perdaient vers un horizon sans retour.
6. 
•  Le voyage du calao — Route des esclaves, https://levoyageducalao.com/route-des-esclaves-de-ouidah/","• Ayiffa Tourisme — Histoire de la porte du non-retour, https://ayiffatourisme.com/en/blog-lhistoire-de-la-porte-du-non-retour-a-ouidah",1,1,"Route des Esclaves – Ouidah
Parcours mémoriel et historique – Côte du Bénin
1. Résumé
La Route des Esclaves retrace les derniers pas de milliers d’Africains déportés vers les Amériques entre les XVIIᵉ et XIXᵉ siècles. Cette route est ponctuée de 7 étapes clés. Elle commence « place Chacha », sur le lieu de l’ancien marché des esclaves, et se termine à la porte de Non-Retour au bord de la plage. Elle fait 4 km de long
Aujourd’hui jalonné de monuments, sculptures, places symboliques et mémoriaux, ce chemin est l’un des plus puissants lieux de mémoire de la traite négrière transatlantique en Afrique de l’Ouest.
Reconnu par l’UNESCO et devenu un haut lieu de tourisme mémoriel, il témoigne à la fois d’une douleur historique, d’une profonde spiritualité et d’un devoir de transmission.
Le circuit débute à la Place Chacha, où les esclaves étaient vendus aux enchères, avant de passer par l’Arbre de l’Oubli, rituel imposé pour effacer symboliquement leurs origines. À la Case Zomaï, les captifs étaient enfermés dans l’obscurité avant d’être conduits au Mémorial de Zoungbodji, fosse commune pour ceux qui n’ont pas survécu. L’Arbre du Retour symbolise quant à lui la possibilité spirituelle du retour des âmes, menant enfin à la majestueuse Porte du Non-Retour, point final de la terre africaine.
2. Historique et rôle du site
Origines et contexte historique
Ouidah fut l’un des ports les plus actifs de la traite négrière.
Au XVIIIᵉ et XIXᵉ siècles, la ville, d'abord contrôlée par les Houéda puis annexée par le royaume du Dahomey sous les règnes d’Agadja, Té Agbanlin, Kpengla, Agonglo et Ghézo, devint un carrefour commercial stratégique.
La Place Chacha, les maisons de traite, les forts européens et les espaces rituels formaient un réseau organisé où les captifs étaient vendus, contrôlés, préparés puis acheminés jusqu’à la mer.
Le processus de déportation
Les captifs arrivaient à Ouidah après de longues marches forcées depuis l’actuel Bénin, Togo, Nigéria, Niger ou encore les territoires yoruba ou dahoméens.
Une fois vendus, ils parcouraient un itinéraire précis, ponctué d’étapes marquantes :
Place Chacha – centre des ventes aux négociants européens.
Maison du Brésil (Casa do Brasil) – lieu d’évangélisation et résidence de négociants afro-brésiliens.
Case Zomaï – espace d’enfermement dans une obscurité totale (“zomaï” = “ne voit pas”).
Arbre de l’Oubli – rituel d’effacement symbolique de la mémoire.
Arbre du Retour – promesse spirituelle d’un retour posthume.
Cimetière des esclaves – sépulture des captifs morts avant l’embarquement.
Plage – Porte du Non-Retour – lieu d’embarquement final vers les Amériques.
Symboles et représentations
Les haltes de la route sont aujourd’hui matérialisées par :
des sculptures et monuments commémoratifs,
des installations artistiques inspirées du vodun et de l’héritage afro-brésilien,
des fresques, bas-reliefs et œuvres contemporaines.
L’ensemble forme un parcours où se croisent histoire, spiritualité, art et mémoire collective.
3. Organisation et patrimoine architectural
Monuments et lieux mémoriels
• Place Chacha ou place des Enchères – ancien marché aux esclaves ; associé à Francisco Félix de Souza.
• Case Zomaï – reconstitution symbolique de l’enfermement dans l’obscurité.
• Arbre de l’Oubli – sculptures et panneaux expliquant le rite.
• Arbre du Retour – sculptures symbolisant la promesse d’un retour spirituel.
• Monument des Chaînes Brisées – symbole de libération.
• Cimetière des Esclaves – mémorial des captifs morts avant la traversée.
• Porte du Non-Retour (1995) – monument central du parcours, inscrit au programme UNESCO.
• Mémorial de Zoungbodji – sculptures évoquant le départ vers la mer et l’arrachement final.
Architecture et aménagements
• Sculptures contemporaines d’artistes béninois et internationaux
• Œuvres d’inspiration afro-brésilienne et vodun
• Fresques, bas-reliefs, arcades symboliques
• Matériaux : pierre, métal forgé, ciment décoré, éléments traditionnels
4. Valeur culturelle et symbolique
Mémoire historique
La Route des Esclaves est l’un des rares itinéraires authentifiés retraçant physiquement le trajet final des captifs avant la traversée de l’Atlantique.
Elle sert aujourd’hui de support pédagogique, de lieu de réparation symbolique et de commémoration internationale.
Symbolique spirituelle
Les rites liés aux arbres, les pratiques vodun, les œuvres contemporaines et la charge émotionnelle du lieu en font un espace où mémoire, sacré et identité se rencontrent.
Tourisme et développement local
Le site accueille :
tourisme mémoriel et diasporique,
pèlerinages afro-descendants,
festivals culturels (Vodun Days, cérémonies UNESCO),
activités artisanales et initiatives locales.
Il contribue fortement à la valorisation et à la reconnaissance du patrimoine historique béninois.
5. Les grandes étapes de la Route des Esclaves
La Place Chacha ou Place des Enchères — Le lieu des décisions irréversibles, du tri et de la sélection
Sous le soleil brûlant, les captifs arrivaient ici, où se réglaient négociations, enchères et transactions.Les captifs étaient examinés, classés, séparés parfois de leurs proches.
Une étape brève mais cruelle, marquée par l’incertitude.
C’est là que les destins basculaient, sous l'autorité de Francisco Félix de Souza.
La Maison du Brésil — L’ombre des négociants
Édifice afro-brésilien où vivaient les commerçants venus du Brésil.
Certains captifs y étaient gardés pour un temps, dans un entre-deux inquiétant entre terre natale et horizon inconnu.
La Case Zomaï — Le noir total
Dans cette case sans ouverture, les captifs étaient enfermés dans l’obscurité la plus absolue.
Le “zomaï” symbolise la coupure brutale d’avec le monde extérieur.
L’Arbre de l’Oubli — Effacer pour mieux contrôler
Les hommes devaient tourner neuf fois autour de l’arbre, les femmes sept fois.
Le but : leur faire “oublier” leurs racines, leur identité, leur histoire.
Le Cimetière des Esclaves — La dernière halte pour les plus faibles
Ceux qui mouraient d’épuisement, de maladie ou de mauvais traitements reposaient ici.
Un lieu silencieux, chargé d'émotions.
L’Arbre du Retour — La promesse d’un retour spirituel
On y faisait faire trois tours aux captifs : une symbolique forte, celle du retour de l’âme au pays après la mort.
Zoungbodji — Le dernier passage
Lieu des cérémonies finales, où les captifs franchissaient une frontière invisible entre vie ancienne et destin forcé.
La Plage — La Porte du Non-Retour
Au bord de l’océan, le vent salé, la lumière blanche, les silhouettes des navires.
C’est ici que les corps s’embarquaient… et que les regards se perdaient vers un horizon sans retour.
6. 
•  Le voyage du calao — Route des esclaves, https://levoyageducalao.com/route-des-esclaves-de-ouidah/

=== SOURCES ===
• Ayiffa Tourisme — Histoire de la porte du non-retour, https://ayiffatourisme.com/en/blog-lhistoire-de-la-porte-du-non-retour-a-ouidah",6731,1021,135,11,6866,1032,True,True,0,Aucune,Donnees_soutenance\Ouidah\Route des Esclaves\Route_des_Esclaves.docx,Donnees_soutenance\Ouidah\Route des Esclaves,Route des Esclaves/Route_des_Esclaves.docx,"{'source_name': 'Ayiffa Tourisme', 'description': 'Histoire de la porte du non-retour', 'url': 'https://ayiffatourisme.com/en/blog-lhistoire-de-la-porte-du-non-retour-a-ouidah', 'source_type': 'blog', 'raw_text': '• Ayiffa Tourisme — Histoire de la porte du non-retour, https://ayiffatourisme.com/en/blog-lhistoire-de-la-porte-du-non-retour-a-ouidah'}",https://ayiffatourisme.com/en/blog-lhistoire-de-la-porte-du-non-retour-a-ouidah,
Ouidah,Monuments et Spiritualité,Basilique de l’Immaculée Conception,Basilique_de_l_Immaculée_Conception.docx,Basilique de l Immaculée Conception,"Basilique de l’Immaculée Conception
Principal sanctuaire catholique de Ouidah – Sud Bénin
1. Résumé
La Basilique de l’Immaculée Conception, anciennement cathédrale de Ouidah, est l’un des lieux religieux les plus emblématiques du Bénin. Construite entre 1903 et 1909 par les missionnaires de la Société des Missions Africaines, elle s’élève face au Temple des Pythons, sur un ancien site royal où furent autrefois détenus des chrétiens.
Élevée au rang de basilique mineure en 1989 par le pape Jean-Paul II, elle porte l’héritage d’une ville marquée par la traite négrière, l’évangélisation, les persécutions religieuses et un syncrétisme profond entre catholicisme et Vodun.
Son architecture néo-gothique mêlant briques locales et vitraux européens, son histoire coloniale et spirituelle, ainsi que les récits populaires qui l’entourent, en font un site majeur de la mémoire béninoise. Aujourd’hui encore, la basilique demeure un lieu de pèlerinage, de réconciliation et de dialogue interreligieux.
2. Historique et rôle du site
Les origines missionnaires (1861 – 1903)
L’histoire du sanctuaire commence avec l’arrivée, en avril 1861, de trois missionnaires SMA partis de Toulon. Leur installation marque le début de l’évangélisation du Dahomey, alors centré à Ouidah. Les premières messes furent célébrées dans la chapelle du Fort portugais.
Au fil des décennies, les conversions augmentent :
2 500 fidèles recensés en 1898
Offices tenus dans une simple chapelle de mission
Manque criant d’un lieu de culte digne de l’importance croissante de la communauté
La création du vicariat apostolique du Dahomey en 1901 donne une impulsion décisive : Mgr Louis Dartois fait dessiner les plans de la future cathédrale.
Construction de la cathédrale (1903 – 1909)
Pose de la première pierre : 30 août 1903
Travaux dirigés successivement par Mgr Dartois puis Mgr Steinmetz
Participation active des chrétiens et des adeptes Vodun, venus aider leurs proches malgré les différences religieuses
Découverte de restes humains lors du creusement des fondations, à l’emplacement exact de l’actuel maître-autel
Consécration : 9 mai 1909, devant près de 4 000 personnes (chrétiens et vodounsi)
Initialement dédiée au Sacré-Cœur, elle devient finalement Église de l’Immaculée Conception, rappelant l’ancien culte marial portugais.
Un site symbolique et chargé de mémoire
Son emplacement est hautement symbolique :
Ancien siège du représentant des rois du Dahomey (Agore)
Lieu de détention de chrétiens quelques décennies plus tôt
Aujourd’hui situé face au Temple des Pythons, symbole du Vodun
Rôle religieux et évolutions
Siège du vicariat apostolique jusqu’en 1954, avant son transfert à Cotonou
Élévation au rang de basilique mineure le 9 novembre 1989
Dépôt des dépouilles de Mgr Dartois et Mgr Steinmetz dans la basilique
Célébration du centenaire en 2009
Visite du pape Benoît XVI en 2011
La basilique durant la période marxiste (1975 – 1990)
Sous le régime marxiste-léniniste :
Églises fermées
Messes clandestines célébrées à la bougie
Fidèles cachant bibles et hosties
Des récits locaux évoquent des résistances discrètes et courageuses portées par la communauté chrétienne.
Syncrétisme et coexistence religieuse
À Ouidah, beaucoup de croyants pratiquent à la fois le catholicisme et le Vodun, une réalité ancienne et toujours vivante.
La basilique demeure un lieu de :
Pèlerinage marial
Réconciliation historique (notamment après l’appel de Jean-Paul II en 1993 à la « guérison des mémoires »)
Dialogue interreligieux
Notamment lors de la Tabaski, où paroissiens et familles musulmanes échangent dattes, repas et gestes de fraternité.
3. Organisation et patrimoine architectural
Architecture générale
Pure expression du style néo-gothique européen, la basilique se distingue par :
Une nef unique de 58 m de long et 14 m de large
Cinq travées lumineuses
Des baies géminées surmontées d’oculi
Une voûte lambrissée culminant à 17,5 m
La façade en briques rouges, fabriquées avec la terre de Ouidah, donne à l’édifice une identité locale forte.
Intérieur et inculturation
Vitraux européens représentant des scènes bibliques
Visages africains sur certaines figures saintes
Statue de la Vierge Marie drapée en pagne africain lors des célébrations
Maître-autel érigé sur l’emplacement où les ossements ont été découverts
Croix monumentale au fond du chœur
Une urne discrète permet des dons volontaires pour l’entretien.
Clocher et extérieurs
Clocher séparé et inachevé (la flèche prévue n’a jamais été construite)
Petit jardin attenant
Grotte de Lourdes, édifiée dans les années 1950, lieu de prière où se mêlent bougies, fleurs, coquillages et parfois colliers vodun
Légendes et traditions populaires
Plusieurs récits populaires animent la mémoire du lieu :
La cloche miraculeuse, qui aurait sonné seule durant la construction
Des murmures nocturnes entendus dans la grotte, selon la tradition locale
Des pèlerins venant y méditer pendant des heures
4. Valeur culturelle et symbolique
Un espace de mémoire spirituelle
La basilique représente :
La rencontre entre missionnaires européens et cultures fon
La capacité des populations à intégrer la foi chrétienne dans leurs traditions
Le passage d’une histoire douloureuse (esclavage, persécutions) à un chemin de résilience
Un symbole du Bénin contemporain
Elle incarne :
Le syncrétisme religieux béninois
La coexistence du catholicisme, du Vodun et de l’islam
La dynamique culturelle entre héritage colonial et identité locale
Lieu de célébrations majeures, de visites papales et de cérémonies symboliques, elle demeure un repère central de la foi et de la mémoire à Ouidah.
5. 
• Le Voyage du Calao — 5 sites incontournables à Ouidah, , https://levoyageducalao.com/5-sites-incontournables-a-ouidah/
• Wikipédia — Basilique de l’Immaculée-Conception de Ouidah, https://fr.wikipedia.org/wiki/Basilique_de_l%27Immacul%C3%A9e-Conception_de_Ouidah","• Voyage Avec Nous — Ouidah, Région Atlantique, Bénin, https://voyageavecnous.com/ouidah-region-atlantique-benin/",1,1,"Basilique de l’Immaculée Conception
Principal sanctuaire catholique de Ouidah – Sud Bénin
1. Résumé
La Basilique de l’Immaculée Conception, anciennement cathédrale de Ouidah, est l’un des lieux religieux les plus emblématiques du Bénin. Construite entre 1903 et 1909 par les missionnaires de la Société des Missions Africaines, elle s’élève face au Temple des Pythons, sur un ancien site royal où furent autrefois détenus des chrétiens.
Élevée au rang de basilique mineure en 1989 par le pape Jean-Paul II, elle porte l’héritage d’une ville marquée par la traite négrière, l’évangélisation, les persécutions religieuses et un syncrétisme profond entre catholicisme et Vodun.
Son architecture néo-gothique mêlant briques locales et vitraux européens, son histoire coloniale et spirituelle, ainsi que les récits populaires qui l’entourent, en font un site majeur de la mémoire béninoise. Aujourd’hui encore, la basilique demeure un lieu de pèlerinage, de réconciliation et de dialogue interreligieux.
2. Historique et rôle du site
Les origines missionnaires (1861 – 1903)
L’histoire du sanctuaire commence avec l’arrivée, en avril 1861, de trois missionnaires SMA partis de Toulon. Leur installation marque le début de l’évangélisation du Dahomey, alors centré à Ouidah. Les premières messes furent célébrées dans la chapelle du Fort portugais.
Au fil des décennies, les conversions augmentent :
2 500 fidèles recensés en 1898
Offices tenus dans une simple chapelle de mission
Manque criant d’un lieu de culte digne de l’importance croissante de la communauté
La création du vicariat apostolique du Dahomey en 1901 donne une impulsion décisive : Mgr Louis Dartois fait dessiner les plans de la future cathédrale.
Construction de la cathédrale (1903 – 1909)
Pose de la première pierre : 30 août 1903
Travaux dirigés successivement par Mgr Dartois puis Mgr Steinmetz
Participation active des chrétiens et des adeptes Vodun, venus aider leurs proches malgré les différences religieuses
Découverte de restes humains lors du creusement des fondations, à l’emplacement exact de l’actuel maître-autel
Consécration : 9 mai 1909, devant près de 4 000 personnes (chrétiens et vodounsi)
Initialement dédiée au Sacré-Cœur, elle devient finalement Église de l’Immaculée Conception, rappelant l’ancien culte marial portugais.
Un site symbolique et chargé de mémoire
Son emplacement est hautement symbolique :
Ancien siège du représentant des rois du Dahomey (Agore)
Lieu de détention de chrétiens quelques décennies plus tôt
Aujourd’hui situé face au Temple des Pythons, symbole du Vodun
Rôle religieux et évolutions
Siège du vicariat apostolique jusqu’en 1954, avant son transfert à Cotonou
Élévation au rang de basilique mineure le 9 novembre 1989
Dépôt des dépouilles de Mgr Dartois et Mgr Steinmetz dans la basilique
Célébration du centenaire en 2009
Visite du pape Benoît XVI en 2011
La basilique durant la période marxiste (1975 – 1990)
Sous le régime marxiste-léniniste :
Églises fermées
Messes clandestines célébrées à la bougie
Fidèles cachant bibles et hosties
Des récits locaux évoquent des résistances discrètes et courageuses portées par la communauté chrétienne.
Syncrétisme et coexistence religieuse
À Ouidah, beaucoup de croyants pratiquent à la fois le catholicisme et le Vodun, une réalité ancienne et toujours vivante.
La basilique demeure un lieu de :
Pèlerinage marial
Réconciliation historique (notamment après l’appel de Jean-Paul II en 1993 à la « guérison des mémoires »)
Dialogue interreligieux
Notamment lors de la Tabaski, où paroissiens et familles musulmanes échangent dattes, repas et gestes de fraternité.
3. Organisation et patrimoine architectural
Architecture générale
Pure expression du style néo-gothique européen, la basilique se distingue par :
Une nef unique de 58 m de long et 14 m de large
Cinq travées lumineuses
Des baies géminées surmontées d’oculi
Une voûte lambrissée culminant à 17,5 m
La façade en briques rouges, fabriquées avec la terre de Ouidah, donne à l’édifice une identité locale forte.
Intérieur et inculturation
Vitraux européens représentant des scènes bibliques
Visages africains sur certaines figures saintes
Statue de la Vierge Marie drapée en pagne africain lors des célébrations
Maître-autel érigé sur l’emplacement où les ossements ont été découverts
Croix monumentale au fond du chœur
Une urne discrète permet des dons volontaires pour l’entretien.
Clocher et extérieurs
Clocher séparé et inachevé (la flèche prévue n’a jamais été construite)
Petit jardin attenant
Grotte de Lourdes, édifiée dans les années 1950, lieu de prière où se mêlent bougies, fleurs, coquillages et parfois colliers vodun
Légendes et traditions populaires
Plusieurs récits populaires animent la mémoire du lieu :
La cloche miraculeuse, qui aurait sonné seule durant la construction
Des murmures nocturnes entendus dans la grotte, selon la tradition locale
Des pèlerins venant y méditer pendant des heures
4. Valeur culturelle et symbolique
Un espace de mémoire spirituelle
La basilique représente :
La rencontre entre missionnaires européens et cultures fon
La capacité des populations à intégrer la foi chrétienne dans leurs traditions
Le passage d’une histoire douloureuse (esclavage, persécutions) à un chemin de résilience
Un symbole du Bénin contemporain
Elle incarne :
Le syncrétisme religieux béninois
La coexistence du catholicisme, du Vodun et de l’islam
La dynamique culturelle entre héritage colonial et identité locale
Lieu de célébrations majeures, de visites papales et de cérémonies symboliques, elle demeure un repère central de la foi et de la mémoire à Ouidah.
5. 
• Le Voyage du Calao — 5 sites incontournables à Ouidah, , https://levoyageducalao.com/5-sites-incontournables-a-ouidah/
• Wikipédia — Basilique de l’Immaculée-Conception de Ouidah, https://fr.wikipedia.org/wiki/Basilique_de_l%27Immacul%C3%A9e-Conception_de_Ouidah

=== SOURCES ===
• Voyage Avec Nous — Ouidah, Région Atlantique, Bénin, https://voyageavecnous.com/ouidah-region-atlantique-benin/",5873,864,113,10,5986,874,True,True,4,La basilique de l’Immaculée Conception Ouidah.jpg|||La cloche miraculeuse de la basilique de l'immaculée Conception.jpg|||basilique_de_l_Immaculée_Conception_Ouidah.jpg|||la_basilique_de_l_immaculée_Conception.jpg,Donnees_soutenance\Ouidah\Monuments et Spiritualité\Basilique de l’Immaculée Conception\Basilique_de_l_Immaculée_Conception.docx,Donnees_soutenance\Ouidah\Monuments et Spiritualité\Basilique de l’Immaculée Conception,Monuments et Spiritualité/Basilique de l’Immaculée Conception,"{'source_name': 'Voyage Avec Nous', 'description': 'Ouidah, Région Atlantique, Bénin', 'url': 'https://voyageavecnous.com/ouidah-region-atlantique-benin/', 'source_type': 'blog', 'raw_text': '• Voyage Avec Nous — Ouidah, Région Atlantique, Bénin, https://voyageavecnous.com/ouidah-region-atlantique-benin/'}",https://voyageavecnous.com/ouidah-region-atlantique-benin/,La basilique de l’Immaculée Conception Ouidah.jpg | La cloche miraculeuse de la basilique de l'immaculée Conception.jpg | basilique_de_l_Immaculée_Conception_Ouidah.jpg | la_basilique_de_l_immaculée_Conception.jpg
Ouidah,Monuments et Spiritualité,Fort Portugais – Musée d’Histoire,Le_Fort_Portugais_et_le_Musée_d_Histoire_de_Ouidah.docx,Le Fort Portugais et le Musée d Histoire de Ouidah,"Le Fort Portugais et le Musée d’Histoire de Ouidah
Fort São João Baptista de Ajudá – Ouidah, Côte du Bénin
1. Résumé
Le fort portugais São João Baptista de Ajudá, construit en 1721, est le dernier fort encore debout à Ouidah. Les quatre autres — français, hollandais, anglais et danois — ont disparu.
Derrière ses murs d’enceinte et ses anciens canons, ce fort dévoile la dimension militaire, commerciale et humaine d’un lieu ayant joué un rôle central dans l’histoire du royaume de Ouidah et dans la traite négrière transatlantique.
Le Fort Portugais et le Musée d'Histoire de Ouidah sont intrinsèquement liés, car le musée est installé à l'intérieur même du fort historique
Le musée d’Histoire de Ouidah, installé dans l’ancienne résidence du gouverneur portugais au sein du fort, raconte cette histoire à travers 11 salles d’exposition : souverains locaux, relations avec les Européens, emprisonnement des captifs, dynamiques politiques du Dahomey, rôle du royaume dans la traite, diaspora africaine et culture afro-brésilienne.
Des photographies de Pierre Verger, des objets religieux, des artefacts du Dahomey et des représentations puissantes comme celle de l’Arbre de l’Oubli enrichissent la visite.
Ce site constitue une étape essentielle avant de comprendre la Route des Esclaves et la Porte du Non-Retour.
2. Historique et rôle du site
Construction et usages successifs
Le fort portugais São João Baptista de Ajudá fut érigé en 1721 afin d’établir un comptoir fortifié.
Il sert successivement :
De poste commercial (1721–1816), utilisé pour les échanges et pour sécuriser les intérêts portugais.
De mission catholique (1816–1893), après le déclin progressif du commerce négrier.
De siège officiel de la représentation portugaise (à partir de 1893).
En 1961, lors de l’indépendance du Dahomey, le gouvernement annexe l’enclave portugaise. Avant leur départ, les occupants portugais brûlent les bâtiments.
Classement et restauration
Le fort est classé monument historique en 1964.
Il est restauré avec le soutien de la France, des États-Unis et du Portugal via la Fondation Calouste-Gulbenkian.
Le musée d’Histoire de Ouidah ouvre officiellement ses portes le 6 septembre 1967.
3. Rôle du musée et présentation de la traite négrière
Le musée d’Histoire de Ouidah propose un récit immersif et documenté de la traite négrière transatlantique.
Un récit ancré dans l’histoire du Dahomey
La visite débute par la fondation du Royaume du Dahomey, puissance économique et militaire majeure. Elle montre son rôle dans la traite, rappelant que celle-ci impliquait non seulement des nations européennes mais aussi des États africains.
Des supports variés et immersifs
Le musée utilise des :
objets historiques
sculptures
peintures
photographies (dont celles de Pierre Verger)
cartes et documents d’archives
Ces éléments illustrent :
la capture et la détention des esclaves dans le fort
leurs conditions de vie
les mécanismes politiques et économiques de la traite
les liens culturels entre Ouidah et le Brésil
Symboles forts de la déshumanisation
Le musée évoque notamment :
L’Arbre de l’Oubli, autour duquel les captifs étaient forcés de tourner pour « oublier leur passé »
La Route des Esclaves, les 4 km que parcouraient les captifs
Le Point de Non-Retour, dernier pas avant leur déportation
Résistance et héritage
Le musée met également en lumière :
les rébellions
les luttes abolitionnistes
la résilience de la diaspora
la transmission culturelle en Amérique
Il offre ainsi une compréhension globale, équilibrée et profonde de la traite atlantique.
4. Organisation, architecture et collections
Architecture et vestiges
Le fort conserve :
son mur d’enceinte
des canons d’époque
l’ancienne résidence du gouverneur portugais
des espaces qui servaient autrefois de lieux d’enfermement
Les collections du musée
Le musée est composé de 11 salles, qui rassemblent :
Objets provenant du fort portugais
Artéfacts du royaume de Xwéda
Collections du royaume du Dahomey
Objets liés au commerce et au rapatriement des esclaves
Données archéologiques récupérées lors de fouilles
Collections issues de familles notables de Ouidah
Pièces acquises avec l’aide de partenaires étrangers
La muséographie raconte non seulement la traite, mais aussi l’évolution politique, spirituelle et culturelle d’Ouidah.
5. Valeur culturelle et symbolique
Le fort et le musée représentent :
un témoin matériel de l’histoire atlantique
un lieu de mémoire pour la diaspora africaine
une archive vivante de la rencontre entre cultures béninoise, européenne et afro-brésilienne
un rappel de la violence systémique de la traite
une porte d’entrée vers la compréhension de la Route des Esclaves et de la Porte du Non-Retour
Ce site est aujourd’hui un espace de transmission, d’enseignement et de commémoration.
6. 
• Momaa — Ouidah Museum of History vs Maison des Esclaves, https://momaa.org/ouidah-museum-of-history-vs-maison-des-esclaves/?srsltid=AfmBOorm_LRTfP7XfK44TxiT6quNZ87hmJLrCreaOrkmHHzoxqoapzPp
• Bénin Tourisme Culture — Le fort portugais & musée d’Histoire de Ouidah, https://benin-tourisme-culture.com/tourisme-benin/attractions-touristiques/ouidah/le-fort-portguais-musee-dhistoire-de-ouidah/","• Le Voyage du Calao — 5 sites incontournables à Ouidah, https://levoyageducalao.com/5-sites-incontournables-a-ouidah/",1,1,"Le Fort Portugais et le Musée d’Histoire de Ouidah
Fort São João Baptista de Ajudá – Ouidah, Côte du Bénin
1. Résumé
Le fort portugais São João Baptista de Ajudá, construit en 1721, est le dernier fort encore debout à Ouidah. Les quatre autres — français, hollandais, anglais et danois — ont disparu.
Derrière ses murs d’enceinte et ses anciens canons, ce fort dévoile la dimension militaire, commerciale et humaine d’un lieu ayant joué un rôle central dans l’histoire du royaume de Ouidah et dans la traite négrière transatlantique.
Le Fort Portugais et le Musée d'Histoire de Ouidah sont intrinsèquement liés, car le musée est installé à l'intérieur même du fort historique
Le musée d’Histoire de Ouidah, installé dans l’ancienne résidence du gouverneur portugais au sein du fort, raconte cette histoire à travers 11 salles d’exposition : souverains locaux, relations avec les Européens, emprisonnement des captifs, dynamiques politiques du Dahomey, rôle du royaume dans la traite, diaspora africaine et culture afro-brésilienne.
Des photographies de Pierre Verger, des objets religieux, des artefacts du Dahomey et des représentations puissantes comme celle de l’Arbre de l’Oubli enrichissent la visite.
Ce site constitue une étape essentielle avant de comprendre la Route des Esclaves et la Porte du Non-Retour.
2. Historique et rôle du site
Construction et usages successifs
Le fort portugais São João Baptista de Ajudá fut érigé en 1721 afin d’établir un comptoir fortifié.
Il sert successivement :
De poste commercial (1721–1816), utilisé pour les échanges et pour sécuriser les intérêts portugais.
De mission catholique (1816–1893), après le déclin progressif du commerce négrier.
De siège officiel de la représentation portugaise (à partir de 1893).
En 1961, lors de l’indépendance du Dahomey, le gouvernement annexe l’enclave portugaise. Avant leur départ, les occupants portugais brûlent les bâtiments.
Classement et restauration
Le fort est classé monument historique en 1964.
Il est restauré avec le soutien de la France, des États-Unis et du Portugal via la Fondation Calouste-Gulbenkian.
Le musée d’Histoire de Ouidah ouvre officiellement ses portes le 6 septembre 1967.
3. Rôle du musée et présentation de la traite négrière
Le musée d’Histoire de Ouidah propose un récit immersif et documenté de la traite négrière transatlantique.
Un récit ancré dans l’histoire du Dahomey
La visite débute par la fondation du Royaume du Dahomey, puissance économique et militaire majeure. Elle montre son rôle dans la traite, rappelant que celle-ci impliquait non seulement des nations européennes mais aussi des États africains.
Des supports variés et immersifs
Le musée utilise des :
objets historiques
sculptures
peintures
photographies (dont celles de Pierre Verger)
cartes et documents d’archives
Ces éléments illustrent :
la capture et la détention des esclaves dans le fort
leurs conditions de vie
les mécanismes politiques et économiques de la traite
les liens culturels entre Ouidah et le Brésil
Symboles forts de la déshumanisation
Le musée évoque notamment :
L’Arbre de l’Oubli, autour duquel les captifs étaient forcés de tourner pour « oublier leur passé »
La Route des Esclaves, les 4 km que parcouraient les captifs
Le Point de Non-Retour, dernier pas avant leur déportation
Résistance et héritage
Le musée met également en lumière :
les rébellions
les luttes abolitionnistes
la résilience de la diaspora
la transmission culturelle en Amérique
Il offre ainsi une compréhension globale, équilibrée et profonde de la traite atlantique.
4. Organisation, architecture et collections
Architecture et vestiges
Le fort conserve :
son mur d’enceinte
des canons d’époque
l’ancienne résidence du gouverneur portugais
des espaces qui servaient autrefois de lieux d’enfermement
Les collections du musée
Le musée est composé de 11 salles, qui rassemblent :
Objets provenant du fort portugais
Artéfacts du royaume de Xwéda
Collections du royaume du Dahomey
Objets liés au commerce et au rapatriement des esclaves
Données archéologiques récupérées lors de fouilles
Collections issues de familles notables de Ouidah
Pièces acquises avec l’aide de partenaires étrangers
La muséographie raconte non seulement la traite, mais aussi l’évolution politique, spirituelle et culturelle d’Ouidah.
5. Valeur culturelle et symbolique
Le fort et le musée représentent :
un témoin matériel de l’histoire atlantique
un lieu de mémoire pour la diaspora africaine
une archive vivante de la rencontre entre cultures béninoise, européenne et afro-brésilienne
un rappel de la violence systémique de la traite
une porte d’entrée vers la compréhension de la Route des Esclaves et de la Porte du Non-Retour
Ce site est aujourd’hui un espace de transmission, d’enseignement et de commémoration.
6. 
• Momaa — Ouidah Museum of History vs Maison des Esclaves, https://momaa.org/ouidah-museum-of-history-vs-maison-des-esclaves/?srsltid=AfmBOorm_LRTfP7XfK44TxiT6quNZ87hmJLrCreaOrkmHHzoxqoapzPp
• Bénin Tourisme Culture — Le fort portugais & musée d’Histoire de Ouidah, https://benin-tourisme-culture.com/tourisme-benin/attractions-touristiques/ouidah/le-fort-portguais-musee-dhistoire-de-ouidah/

=== SOURCES ===
• Le Voyage du Calao — 5 sites incontournables à Ouidah, https://levoyageducalao.com/5-sites-incontournables-a-ouidah/",5169,753,118,12,5287,765,True,True,4,Benin_Ouidah_Fort Portugais.jpg|||Musée-d'histoire de Ouidah.png|||fort portugais de Ouidah.jpg|||le Musée d’Histoire de Ouidah.jpg,Donnees_soutenance\Ouidah\Monuments et Spiritualité\Fort Portugais – Musée d’Histoire\Le_Fort_Portugais_et_le_Musée_d_Histoire_de_Ouidah.docx,Donnees_soutenance\Ouidah\Monuments et Spiritualité\Fort Portugais – Musée d’Histoire,Monuments et Spiritualité/Fort Portugais – Musée d’Histoire,"{'source_name': 'Le Voyage du Calao', 'description': '5 sites incontournables à Ouidah', 'url': 'https://levoyageducalao.com/5-sites-incontournables-a-ouidah/', 'source_type': 'blog', 'raw_text': '• Le Voyage du Calao — 5 sites incontournables à Ouidah, https://levoyageducalao.com/5-sites-incontournables-a-ouidah/'}",https://levoyageducalao.com/5-sites-incontournables-a-ouidah/,Benin_Ouidah_Fort Portugais.jpg | Musée-d'histoire de Ouidah.png | fort portugais de Ouidah.jpg | le Musée d’Histoire de Ouidah.jpg
Ouidah,Monuments et Spiritualité,Forêt Sacrée de Kpassè,Forêt_Sacrée_de_Kpassè.docx,Forêt Sacrée de Kpassè,"Forêt Sacrée de Kpassè
Site spirituel et patrimonial – Ouidah, Côte du Bénin
1. Résumé
La Forêt Sacrée de Kpassè, également appelée Kpassèzoun, est l’un des lieux les plus emblématiques de la spiritualité vaudou à Ouidah. Véritable sanctuaire naturel, elle est associée à la légende du roi Kpassè, fondateur de la ville, qui se serait transformé en iroko sacré pour échapper à ses adversaires. Ouverte au public depuis le Festival du Vodun de 1992, cette forêt est à la fois un espace rituel, un musée à ciel ouvert et un symbole fort de l’identité culturelle d’Ouidah.
Autrefois vaste de 30 hectares, elle ne couvre plus aujourd’hui que 4 hectares, mais conserve une intense valeur religieuse, historique et écologique.
2. Historique et rôle du site
Origines légendaires : le roi Kpassè
La sacralité du lieu provient d’un événement fondateur :
Selon la tradition, au XIVᵉ ou XVIIᵉ siècle (selon les versions), le roi Kpassè, deuxième souverain de Savi et fondateur du royaume houéda, aurait disparu miraculeusement et réapparu sous la forme d’un grand iroko.
Cet arbre, encore visible dans la forêt, est aujourd’hui un autel de prières, d’offrandes et de rituels destinés à honorer sa mémoire.
Un centre majeur du culte vodun
La forêt est un haut lieu spirituel où se déroulent régulièrement :
cérémonies rituelles,
initiations,
danses sacrées,
invocations des divinités.
Certaines zones sont strictement interdites aux visiteurs, notamment l’espace abritant le temple et le « couvent » vodun où les jeunes initiés apprennent auprès des prêtres.
Ouverture au public et évolution
Ouverte aux non-initiés en 1992
Classée comme forêt sacrée reconnue par un arrêté interministériel en 2012
Soutenue par un projet du PNUD/FEM pour la préservation des forêts sacrées béninoises
Malgré sa réduction à 4 hectares, la forêt demeure un lieu incontournable mêlant mémoire, spiritualité, culture et biodiversité.
3. Organisation et patrimoine culturel
Les divinités représentées
La Forêt Sacrée de Kpassè fonctionne comme un grand musée à ciel ouvert. On y trouve des statues d’art contemporain représentant les principales divinités du panthéon vodun :
Tolègba – gardien des portes et messager
Mami Wata – déesse des eaux
Gu / Ogoun – dieu du fer, des forgerons et de la guerre
Ogoun Zobla – intelligence et réussite
Sakpata – dieu de la terre, de la variole et de la guérison
Hêvièsso – dieu de l’orage et de la foudre
Chaque statue, arbre ou rocher a une signification spirituelle précise et fait partie du système symbolique vodun.
L’iroko sacré du roi Kpassè
Au cœur de la forêt se trouve l’arbre légendaire considéré comme l’incarnation du roi.
Il constitue l’un des points les plus sacrés du site, entouré d’offrandes (coquillages, tissus, nourritures, colas, etc.).
Architecture naturelle et biodiversité
La forêt abrite :
36 espèces végétales, dont plusieurs médicinales comme Newbouldia laevis
Des espèces d’oiseaux (perroquets, calaos)
De nombreux papillons et insectes
Une flore riche composée de lianes, fougères, arbres tropicaux
Ce petit écosystème constitue un précieux fragment de forêt préservée au cœur de la ville.
Zones interdites et pratiques rituelles
Certaines zones ne sont accessibles qu'aux initiés. Elles abritent :
le temple,
le lieu de formation des initiés,
les espaces secrets du culte.
Aucune barrière physique n'est nécessaire : c’est le respect spirituel qui définit les limites.
4. Valeur culturelle et symbolique
Un sanctuaire majeur du vodun
La forêt est un espace :
de communication avec les ancêtres,
d’apprentissage des traditions,
de pratique des rituels,
de connexion entre les humains, la nature et le divin.
Elle constitue l’un des lieux les plus puissants du vodun béninois.
Un patrimoine historique et identitaire
Elle porte :
la mémoire du roi fondateur Kpassè,
l’héritage du royaume houéda,
la continuité des traditions animistes,
l’identité spirituelle de Ouidah.
Un site touristique, artistique et éducatif
La Forêt Sacrée de Kpassè est :
un lieu d’initiation culturelle pour les visiteurs
un musée d’art contemporain en plein air
un site éco-touristique
un espace de transmission pour les jeunes générations
Sa valeur est à la fois religieuse, écologique, artistique et historique.
5. 
• Le Voyage du Calao — 5 sites incontournables à Ouidah, https://levoyageducalao.com/5-sites-incontournables-a-ouidah/
• Wikipédia — Forêt Sacrée de Kpassè, https://fr.wikipedia.org/wiki/For%C3%AAt_sacr%C3%A9e_de_Kpass%C3%A8","• Voyage Avec Nous — Ouidah, Région Atlantique, Bénin, https://voyageavecnous.com/ouidah-region-atlantique-benin/",1,1,"Forêt Sacrée de Kpassè
Site spirituel et patrimonial – Ouidah, Côte du Bénin
1. Résumé
La Forêt Sacrée de Kpassè, également appelée Kpassèzoun, est l’un des lieux les plus emblématiques de la spiritualité vaudou à Ouidah. Véritable sanctuaire naturel, elle est associée à la légende du roi Kpassè, fondateur de la ville, qui se serait transformé en iroko sacré pour échapper à ses adversaires. Ouverte au public depuis le Festival du Vodun de 1992, cette forêt est à la fois un espace rituel, un musée à ciel ouvert et un symbole fort de l’identité culturelle d’Ouidah.
Autrefois vaste de 30 hectares, elle ne couvre plus aujourd’hui que 4 hectares, mais conserve une intense valeur religieuse, historique et écologique.
2. Historique et rôle du site
Origines légendaires : le roi Kpassè
La sacralité du lieu provient d’un événement fondateur :
Selon la tradition, au XIVᵉ ou XVIIᵉ siècle (selon les versions), le roi Kpassè, deuxième souverain de Savi et fondateur du royaume houéda, aurait disparu miraculeusement et réapparu sous la forme d’un grand iroko.
Cet arbre, encore visible dans la forêt, est aujourd’hui un autel de prières, d’offrandes et de rituels destinés à honorer sa mémoire.
Un centre majeur du culte vodun
La forêt est un haut lieu spirituel où se déroulent régulièrement :
cérémonies rituelles,
initiations,
danses sacrées,
invocations des divinités.
Certaines zones sont strictement interdites aux visiteurs, notamment l’espace abritant le temple et le « couvent » vodun où les jeunes initiés apprennent auprès des prêtres.
Ouverture au public et évolution
Ouverte aux non-initiés en 1992
Classée comme forêt sacrée reconnue par un arrêté interministériel en 2012
Soutenue par un projet du PNUD/FEM pour la préservation des forêts sacrées béninoises
Malgré sa réduction à 4 hectares, la forêt demeure un lieu incontournable mêlant mémoire, spiritualité, culture et biodiversité.
3. Organisation et patrimoine culturel
Les divinités représentées
La Forêt Sacrée de Kpassè fonctionne comme un grand musée à ciel ouvert. On y trouve des statues d’art contemporain représentant les principales divinités du panthéon vodun :
Tolègba – gardien des portes et messager
Mami Wata – déesse des eaux
Gu / Ogoun – dieu du fer, des forgerons et de la guerre
Ogoun Zobla – intelligence et réussite
Sakpata – dieu de la terre, de la variole et de la guérison
Hêvièsso – dieu de l’orage et de la foudre
Chaque statue, arbre ou rocher a une signification spirituelle précise et fait partie du système symbolique vodun.
L’iroko sacré du roi Kpassè
Au cœur de la forêt se trouve l’arbre légendaire considéré comme l’incarnation du roi.
Il constitue l’un des points les plus sacrés du site, entouré d’offrandes (coquillages, tissus, nourritures, colas, etc.).
Architecture naturelle et biodiversité
La forêt abrite :
36 espèces végétales, dont plusieurs médicinales comme Newbouldia laevis
Des espèces d’oiseaux (perroquets, calaos)
De nombreux papillons et insectes
Une flore riche composée de lianes, fougères, arbres tropicaux
Ce petit écosystème constitue un précieux fragment de forêt préservée au cœur de la ville.
Zones interdites et pratiques rituelles
Certaines zones ne sont accessibles qu'aux initiés. Elles abritent :
le temple,
le lieu de formation des initiés,
les espaces secrets du culte.
Aucune barrière physique n'est nécessaire : c’est le respect spirituel qui définit les limites.
4. Valeur culturelle et symbolique
Un sanctuaire majeur du vodun
La forêt est un espace :
de communication avec les ancêtres,
d’apprentissage des traditions,
de pratique des rituels,
de connexion entre les humains, la nature et le divin.
Elle constitue l’un des lieux les plus puissants du vodun béninois.
Un patrimoine historique et identitaire
Elle porte :
la mémoire du roi fondateur Kpassè,
l’héritage du royaume houéda,
la continuité des traditions animistes,
l’identité spirituelle de Ouidah.
Un site touristique, artistique et éducatif
La Forêt Sacrée de Kpassè est :
un lieu d’initiation culturelle pour les visiteurs
un musée d’art contemporain en plein air
un site éco-touristique
un espace de transmission pour les jeunes générations
Sa valeur est à la fois religieuse, écologique, artistique et historique.
5. 
• Le Voyage du Calao — 5 sites incontournables à Ouidah, https://levoyageducalao.com/5-sites-incontournables-a-ouidah/
• Wikipédia — Forêt Sacrée de Kpassè, https://fr.wikipedia.org/wiki/For%C3%AAt_sacr%C3%A9e_de_Kpass%C3%A8

=== SOURCES ===
• Voyage Avec Nous — Ouidah, Région Atlantique, Bénin, https://voyageavecnous.com/ouidah-region-atlantique-benin/",4451,681,113,10,4564,691,True,True,5,"Adepte de Sakpata,Sakpatasi_à_La_Forêt_Sacrée_de_Kpassè.jpg|||Divinité_du_tonnerre_femelle_Hêvièsso_de_la_forêt_sacré_de_KPASSE_OUIDAH_au_Bénin.jpg|||Le_Tolègba_à_la_Forêt_Sacrée_de_Kpassè.jpg|||forêt sacrée de kpassè ouidah.jpg|||monument forêt sacrée de kpassè ouidah.jpg",Donnees_soutenance\Ouidah\Monuments et Spiritualité\Forêt Sacrée de Kpassè\Forêt_Sacrée_de_Kpassè.docx,Donnees_soutenance\Ouidah\Monuments et Spiritualité\Forêt Sacrée de Kpassè,Monuments et Spiritualité/Forêt Sacrée de Kpassè,"{'source_name': 'Voyage Avec Nous', 'description': 'Ouidah, Région Atlantique, Bénin', 'url': 'https://voyageavecnous.com/ouidah-region-atlantique-benin/', 'source_type': 'blog', 'raw_text': '• Voyage Avec Nous — Ouidah, Région Atlantique, Bénin, https://voyageavecnous.com/ouidah-region-atlantique-benin/'}",https://voyageavecnous.com/ouidah-region-atlantique-benin/,"Adepte de Sakpata,Sakpatasi_à_La_Forêt_Sacrée_de_Kpassè.jpg | Divinité_du_tonnerre_femelle_Hêvièsso_de_la_forêt_sacré_de_KPASSE_OUIDAH_au_Bénin.jpg | Le_Tolègba_à_la_Forêt_Sacrée_de_Kpassè.jpg | forêt sacrée de kpassè ouidah.jpg | monument forêt sacrée de kpassè ouidah.jpg"
Ouidah,Monuments et Spiritualité,La Maison du Brésil - Casa do Brasil,Maison_du_Brésil.docx,Maison du Brésil,"Maison du Brésil – Casa do Brasil
Maison de Mémoire Afro-Brésilienne – Ouidah, Côte du Bénin
1. Résumé
La Maison du Brésil, également appelée Casa do Brasil ou Maison de Mémoire, est l’un des lieux les plus symboliques de l’héritage afro-brésilien à Ouidah.
Situé au cœur de la ville, dans un bâtiment aux murs ocre et aux volets bleus, ce site raconte l’histoire des Afro-Brésiliens — descendants d’esclaves affranchis revenus au Bénin au XIXᵉ siècle, appelés retornados ou Agoudas.
Le lieu abrite aujourd’hui un musée dédié à la diaspora africaine, où se mêlent douleur, mémoire et résilience : chaînes d’esclaves, statuettes de divinités yoruba, objets rituels vaudou, instruments de musique, cartes maritimes retraçant les routes de la traite, portraits et lettres de familles emblématiques comme les Souza ou les Oliveira.
En parallèle, la Maison du Brésil joue un rôle administratif et culturel important, notamment durant la rénovation du Musée d’Histoire de Ouidah.
Ce site est un espace où l’histoire reste vivante—un pont entre les mémoires africaines et brésiliennes, entre le passé douloureux et les projets de transmission qui façonnent l’avenir.
2. Historique et rôle du site
Origines afro-brésiliennes et fonction administrative
Construite en 1930, la Maison du Brésil est un bâtiment appartenant à la famille afro-brésilienne de Souza, l’une des plus influentes lignées Agoudas de Ouidah.
À l’époque coloniale, l’édifice sert de bâtiment administratif, puis abrite l’ancien trésor public.
Son architecture et son organisation reflètent l’influence des retornados, revenus du Brésil après l’abolition de l’esclavage, et qui ont transformé Ouidah avec leurs maisons à étages et leur style afro-brésilien.
Réhabilitation moderne
Entre 2016 et 2022, la Maison du Brésil fait l’objet d’une grande réhabilitation, financée par la Banque mondiale dans le cadre du Projet de Compétitivité et de Tourisme Transfrontalier.
Ces travaux, mis en œuvre par :
l’ANPT (Agence Nationale de Promotion des Patrimoines et de Développement du Tourisme),
Sèmè City (Agence de développement de la Cité Internationale de l’Innovation et du Savoir),
ont duré six ans, du 17 mars 2016 au 31 décembre 2022.
L’objectif : restaurer ce bâtiment historique pour en faire un espace culturel majeur tout en préservant l’identité architecturale afro-brésilienne.
Un musée temporaire
En attendant la fin de la rénovation du Musée d’Histoire de Ouidah, plusieurs œuvres et collections historiques y sont transférées et exposées : artefacts culturels, documents anciens, objets liés à la traite et à la diaspora.
Cette fonction transitoire renforce le rôle de la Maison du Brésil comme lieu de mémoire active.
3. Organisation, architecture et collections
Architecture
Bâtiment construit en 1930
Style afro-brésilien, typique des familles retornadas
Rez-de-chaussée + un étage
Situé dans le quartier Zomaï, arrondissement de Ouidah I
Cette architecture raconte elle-même l’histoire : celle des descendants d’esclaves revenus du Brésil, qui ont introduit à Ouidah des influences urbaines et esthétiques venues d’Amérique latine.
Collections exposées
La Maison du Brésil abrite une variété de pièces évocatrices :
Chaînes d’esclaves et objets liés à la traite
Objets rituels vaudou et statuettes de divinités Yoruba
Instruments de musique utilisés dans les rituels de retour des âmes
Cartes maritimes retraçant les routes de la traite transatlantique
Portraits, lettres et archives de familles afro-brésiliennes (Souza, Oliveira…)
Costumes traditionnels aux couleurs vives
Documents administratifs de l’époque coloniale
Chaque objet raconte une part de la trajectoire de la diaspora afro-brésilienne, entre départ forcé, retour volontaire, transmission culturelle et renaissance identitaire.
4. Valeur culturelle, symbolique et projets futurs
Un lieu où mémoire et diaspora dialoguent
La Maison du Brésil est un espace où se croisent :
Histoire de l’esclavage
Héritages afro-brésiliens
Traditions vaudou et yoruba
Influences architecturales du Brésil
Témoignages des retornados
Elle incarne la rencontre entre deux continents liés par un passé tragique mais aussi par une vitalité culturelle exceptionnelle.
Projets mémoriels et pédagogiques
Lors des visites guidées, plusieurs projets ambitieux sont évoqués :
1. Reconstruction d’un navire négrier à taille réelle
Situé près de la Porte du Non-Retour, ce navire deviendra un mémorial flottant, destiné à montrer :
les conditions de traversée,
les mécanismes de résistance,
l’expérience des captifs,
les mémoires atlantiques.
2. Transfert des collections vers le Fort Portugais
Après sa rénovation complète, le Fort São João Baptista deviendra un musée modernisé doté de :
salles climatisées,
dispositifs interactifs,
espaces d’exposition pérennes.
L’idée est de préserver les artefacts sensibles tout en renforçant le lien entre les objets et le lieu historique d’où tant d’Africains furent déportés.
Un lieu vivant, tourné vers l’avenir
En quittant la Maison du Brésil pour marcher vers la plage, on suit le chemin des captifs.
Les murs restaurés, les objets déplacés, les projets ambitieux : tout rappelle que la mémoire est un chantier en perpétuelle construction.
La Maison du Brésil n’est pas seulement un hommage au passé : elle est un pont actif entre histoire, éducation et transmission.
5. 
• Wikipédia — Maison du Brésil (Maison de Mémoire), https://fr.wikipedia.org/wiki/Maison_du_Br%C3%A9sil_(Maison_de_M%C3%A9moire)","• Voyage Avec Nous — Ouidah, Région Atlantique (Bénin), https://voyageavecnous.com/ouidah-region-atlantique-benin/",1,1,"Maison du Brésil – Casa do Brasil
Maison de Mémoire Afro-Brésilienne – Ouidah, Côte du Bénin
1. Résumé
La Maison du Brésil, également appelée Casa do Brasil ou Maison de Mémoire, est l’un des lieux les plus symboliques de l’héritage afro-brésilien à Ouidah.
Situé au cœur de la ville, dans un bâtiment aux murs ocre et aux volets bleus, ce site raconte l’histoire des Afro-Brésiliens — descendants d’esclaves affranchis revenus au Bénin au XIXᵉ siècle, appelés retornados ou Agoudas.
Le lieu abrite aujourd’hui un musée dédié à la diaspora africaine, où se mêlent douleur, mémoire et résilience : chaînes d’esclaves, statuettes de divinités yoruba, objets rituels vaudou, instruments de musique, cartes maritimes retraçant les routes de la traite, portraits et lettres de familles emblématiques comme les Souza ou les Oliveira.
En parallèle, la Maison du Brésil joue un rôle administratif et culturel important, notamment durant la rénovation du Musée d’Histoire de Ouidah.
Ce site est un espace où l’histoire reste vivante—un pont entre les mémoires africaines et brésiliennes, entre le passé douloureux et les projets de transmission qui façonnent l’avenir.
2. Historique et rôle du site
Origines afro-brésiliennes et fonction administrative
Construite en 1930, la Maison du Brésil est un bâtiment appartenant à la famille afro-brésilienne de Souza, l’une des plus influentes lignées Agoudas de Ouidah.
À l’époque coloniale, l’édifice sert de bâtiment administratif, puis abrite l’ancien trésor public.
Son architecture et son organisation reflètent l’influence des retornados, revenus du Brésil après l’abolition de l’esclavage, et qui ont transformé Ouidah avec leurs maisons à étages et leur style afro-brésilien.
Réhabilitation moderne
Entre 2016 et 2022, la Maison du Brésil fait l’objet d’une grande réhabilitation, financée par la Banque mondiale dans le cadre du Projet de Compétitivité et de Tourisme Transfrontalier.
Ces travaux, mis en œuvre par :
l’ANPT (Agence Nationale de Promotion des Patrimoines et de Développement du Tourisme),
Sèmè City (Agence de développement de la Cité Internationale de l’Innovation et du Savoir),
ont duré six ans, du 17 mars 2016 au 31 décembre 2022.
L’objectif : restaurer ce bâtiment historique pour en faire un espace culturel majeur tout en préservant l’identité architecturale afro-brésilienne.
Un musée temporaire
En attendant la fin de la rénovation du Musée d’Histoire de Ouidah, plusieurs œuvres et collections historiques y sont transférées et exposées : artefacts culturels, documents anciens, objets liés à la traite et à la diaspora.
Cette fonction transitoire renforce le rôle de la Maison du Brésil comme lieu de mémoire active.
3. Organisation, architecture et collections
Architecture
Bâtiment construit en 1930
Style afro-brésilien, typique des familles retornadas
Rez-de-chaussée + un étage
Situé dans le quartier Zomaï, arrondissement de Ouidah I
Cette architecture raconte elle-même l’histoire : celle des descendants d’esclaves revenus du Brésil, qui ont introduit à Ouidah des influences urbaines et esthétiques venues d’Amérique latine.
Collections exposées
La Maison du Brésil abrite une variété de pièces évocatrices :
Chaînes d’esclaves et objets liés à la traite
Objets rituels vaudou et statuettes de divinités Yoruba
Instruments de musique utilisés dans les rituels de retour des âmes
Cartes maritimes retraçant les routes de la traite transatlantique
Portraits, lettres et archives de familles afro-brésiliennes (Souza, Oliveira…)
Costumes traditionnels aux couleurs vives
Documents administratifs de l’époque coloniale
Chaque objet raconte une part de la trajectoire de la diaspora afro-brésilienne, entre départ forcé, retour volontaire, transmission culturelle et renaissance identitaire.
4. Valeur culturelle, symbolique et projets futurs
Un lieu où mémoire et diaspora dialoguent
La Maison du Brésil est un espace où se croisent :
Histoire de l’esclavage
Héritages afro-brésiliens
Traditions vaudou et yoruba
Influences architecturales du Brésil
Témoignages des retornados
Elle incarne la rencontre entre deux continents liés par un passé tragique mais aussi par une vitalité culturelle exceptionnelle.
Projets mémoriels et pédagogiques
Lors des visites guidées, plusieurs projets ambitieux sont évoqués :
1. Reconstruction d’un navire négrier à taille réelle
Situé près de la Porte du Non-Retour, ce navire deviendra un mémorial flottant, destiné à montrer :
les conditions de traversée,
les mécanismes de résistance,
l’expérience des captifs,
les mémoires atlantiques.
2. Transfert des collections vers le Fort Portugais
Après sa rénovation complète, le Fort São João Baptista deviendra un musée modernisé doté de :
salles climatisées,
dispositifs interactifs,
espaces d’exposition pérennes.
L’idée est de préserver les artefacts sensibles tout en renforçant le lien entre les objets et le lieu historique d’où tant d’Africains furent déportés.
Un lieu vivant, tourné vers l’avenir
En quittant la Maison du Brésil pour marcher vers la plage, on suit le chemin des captifs.
Les murs restaurés, les objets déplacés, les projets ambitieux : tout rappelle que la mémoire est un chantier en perpétuelle construction.
La Maison du Brésil n’est pas seulement un hommage au passé : elle est un pont actif entre histoire, éducation et transmission.
5. 
• Wikipédia — Maison du Brésil (Maison de Mémoire), https://fr.wikipedia.org/wiki/Maison_du_Br%C3%A9sil_(Maison_de_M%C3%A9moire)

=== SOURCES ===
• Voyage Avec Nous — Ouidah, Région Atlantique (Bénin), https://voyageavecnous.com/ouidah-region-atlantique-benin/",5455,799,114,10,5569,809,True,True,1,La maison du Brésil CASA DO BRASIL ouidah.jpg,Donnees_soutenance\Ouidah\Monuments et Spiritualité\La Maison du Brésil - Casa do Brasil\Maison_du_Brésil.docx,Donnees_soutenance\Ouidah\Monuments et Spiritualité\La Maison du Brésil - Casa do Brasil,Monuments et Spiritualité/La Maison du Brésil - Casa do Brasil,"{'source_name': 'Voyage Avec Nous', 'description': 'Ouidah, Région Atlantique (Bénin)', 'url': 'https://voyageavecnous.com/ouidah-region-atlantique-benin/', 'source_type': 'blog', 'raw_text': '• Voyage Avec Nous — Ouidah, Région Atlantique (Bénin), https://voyageavecnous.com/ouidah-region-atlantique-benin/'}",https://voyageavecnous.com/ouidah-region-atlantique-benin/,La maison du Brésil CASA DO BRASIL ouidah.jpg
Ouidah,Monuments et Spiritualité,Musée de la Fondation Zinsou (Ouidah),Musée_de_la_Fondation_Zinsou.docx,Musée de la Fondation Zinsou,"Musée de la Fondation Zinsou (Ouidah)
Musée d’art contemporain – Villa Ajavon, Ouidah, Côte du Bénin
1. Résumé
Le Musée de la Fondation Zinsou de Ouidah est le premier musée d’art contemporain d’Afrique subsaharienne (hors Afrique du Sud). Ouvert en 2013, il est installé dans la villa Ajavon, un bâtiment afro-brésilien construit en 1922.
Initiative de la Fondation Zinsou, créée en 2005 par Marie-Cécile Zinsou, l’institution a pour mission de démocratiser l’art contemporain africain, en rendant l’accès au musée entièrement gratuit.
Chaque année, le musée accueille 1 à 2 expositions mettant en valeur la créativité africaine moderne, rappelant que l’art du continent dépasse largement les clichés artisanaux. Aujourd’hui, il est un lieu culturel, social et pédagogique incontournable à Ouidah.
2. Historique et rôle du site
Origines de la Fondation Zinsou
La Fondation Zinsou voit le jour en 2005, à Cotonou, portée par la famille Zinsou. L’initiative naît d’une promesse faite en 2003 par Marie-Cécile Zinsou à ses élèves d’Abomey-Calavi : les emmener un jour voir de véritables œuvres d’art contemporain africain dans un musée.
Dix ans plus tard, cette promesse devient réalité avec l’ouverture du musée de Ouidah, fruit du travail d’une soixantaine de collaborateurs.
La villa Ajavon : un patrimoine restauré
La villa Ajavon, édifiée entre 1920 et 1922 par un riche négociant originaire du Togo, est un remarquable exemple d’architecture afro-brésilienne.
Avant sa rénovation complète, le bâtiment était une demeure vieillissante. Il est restauré intégralement avant l’ouverture officielle du musée le 11 novembre 2013.
Rôle culturel, social et pédagogique
Le Musée Zinsou se distingue par :
L’accès gratuit pour tous.
Une volonté de sensibilisation des jeunes publics.
Une mission de valorisation de l’art moderne africain.
Une programmation régulière : 1 à 2 expositions par an.
Actuellement, l’exposition présentée est « Entrée en matières ».
3. Organisation et patrimoine architectural
Le bâtiment
Le musée occupe la villa Ajavon, un édifice à l’architecture afro-brésilienne situé :
Derrière la basilique de Ouidah,
À côté du Musée du Soleil.
Caractéristiques architecturales :
Bâtiment de plain-pied.
Façade beige.
Portail discret ouvrant sur une cour.
Inscription visible sur le fronton : « VILLA AVAJON 1922 ».
Espaces d’exposition
Les salles rénovées offrent :
Un parcours muséal contemporain,
Des espaces climatisés adaptés à la conservation,
Une scénographie minimaliste valorisant les œuvres.
Le musée accueille temporairement diverses œuvres issues de la riche collection de la Fondation Zinsou.
4. Valeur culturelle et symbolique
Un lieu unique en Afrique de l’Ouest
Le Musée Zinsou est :
Le premier musée d’art contemporain d’Afrique de l’Ouest,
Un modèle de démocratisation culturelle,
Une passerelle entre patrimoine historique (villa Ajavon) et modernité artistique (création africaine contemporaine).
Un symbole d’ouverture et d’éducation
Le site incarne :
La volonté de rendre l’art accessible à tous,
L’engagement culturel d’une génération,
L’affirmation que l’art africain ne se limite pas aux représentations traditionnelles.
Il contribue à façonner la mémoire culturelle moderne du Bénin, tout en offrant une plateforme de reconnaissance aux artistes contemporains du continent.
5. 
• Le Voyage du Calao — 5 sites incontournables à Ouidah, https://levoyageducalao.com/5-sites-incontournables-a-ouidah/","• Wikipédia — Musée d’Art contemporain de Ouidah, https://fr.wikipedia.org/wiki/Mus%C3%A9e_d%27Art_contemporain_de_Ouidah",1,1,"Musée de la Fondation Zinsou (Ouidah)
Musée d’art contemporain – Villa Ajavon, Ouidah, Côte du Bénin
1. Résumé
Le Musée de la Fondation Zinsou de Ouidah est le premier musée d’art contemporain d’Afrique subsaharienne (hors Afrique du Sud). Ouvert en 2013, il est installé dans la villa Ajavon, un bâtiment afro-brésilien construit en 1922.
Initiative de la Fondation Zinsou, créée en 2005 par Marie-Cécile Zinsou, l’institution a pour mission de démocratiser l’art contemporain africain, en rendant l’accès au musée entièrement gratuit.
Chaque année, le musée accueille 1 à 2 expositions mettant en valeur la créativité africaine moderne, rappelant que l’art du continent dépasse largement les clichés artisanaux. Aujourd’hui, il est un lieu culturel, social et pédagogique incontournable à Ouidah.
2. Historique et rôle du site
Origines de la Fondation Zinsou
La Fondation Zinsou voit le jour en 2005, à Cotonou, portée par la famille Zinsou. L’initiative naît d’une promesse faite en 2003 par Marie-Cécile Zinsou à ses élèves d’Abomey-Calavi : les emmener un jour voir de véritables œuvres d’art contemporain africain dans un musée.
Dix ans plus tard, cette promesse devient réalité avec l’ouverture du musée de Ouidah, fruit du travail d’une soixantaine de collaborateurs.
La villa Ajavon : un patrimoine restauré
La villa Ajavon, édifiée entre 1920 et 1922 par un riche négociant originaire du Togo, est un remarquable exemple d’architecture afro-brésilienne.
Avant sa rénovation complète, le bâtiment était une demeure vieillissante. Il est restauré intégralement avant l’ouverture officielle du musée le 11 novembre 2013.
Rôle culturel, social et pédagogique
Le Musée Zinsou se distingue par :
L’accès gratuit pour tous.
Une volonté de sensibilisation des jeunes publics.
Une mission de valorisation de l’art moderne africain.
Une programmation régulière : 1 à 2 expositions par an.
Actuellement, l’exposition présentée est « Entrée en matières ».
3. Organisation et patrimoine architectural
Le bâtiment
Le musée occupe la villa Ajavon, un édifice à l’architecture afro-brésilienne situé :
Derrière la basilique de Ouidah,
À côté du Musée du Soleil.
Caractéristiques architecturales :
Bâtiment de plain-pied.
Façade beige.
Portail discret ouvrant sur une cour.
Inscription visible sur le fronton : « VILLA AVAJON 1922 ».
Espaces d’exposition
Les salles rénovées offrent :
Un parcours muséal contemporain,
Des espaces climatisés adaptés à la conservation,
Une scénographie minimaliste valorisant les œuvres.
Le musée accueille temporairement diverses œuvres issues de la riche collection de la Fondation Zinsou.
4. Valeur culturelle et symbolique
Un lieu unique en Afrique de l’Ouest
Le Musée Zinsou est :
Le premier musée d’art contemporain d’Afrique de l’Ouest,
Un modèle de démocratisation culturelle,
Une passerelle entre patrimoine historique (villa Ajavon) et modernité artistique (création africaine contemporaine).
Un symbole d’ouverture et d’éducation
Le site incarne :
La volonté de rendre l’art accessible à tous,
L’engagement culturel d’une génération,
L’affirmation que l’art africain ne se limite pas aux représentations traditionnelles.
Il contribue à façonner la mémoire culturelle moderne du Bénin, tout en offrant une plateforme de reconnaissance aux artistes contemporains du continent.
5. 
• Le Voyage du Calao — 5 sites incontournables à Ouidah, https://levoyageducalao.com/5-sites-incontournables-a-ouidah/

=== SOURCES ===
• Wikipédia — Musée d’Art contemporain de Ouidah, https://fr.wikipedia.org/wiki/Mus%C3%A9e_d%27Art_contemporain_de_Ouidah",3433,501,121,9,3554,510,True,True,1,Musée de la Fondation Zinsou.jpg,Donnees_soutenance\Ouidah\Monuments et Spiritualité\Musée de la Fondation Zinsou (Ouidah)\Musée_de_la_Fondation_Zinsou.docx,Donnees_soutenance\Ouidah\Monuments et Spiritualité\Musée de la Fondation Zinsou (Ouidah),Monuments et Spiritualité/Musée de la Fondation Zinsou (Ouidah),"{'source_name': 'Wikipédia', 'description': 'Musée d’Art contemporain de Ouidah', 'url': 'https://fr.wikipedia.org/wiki/Mus%C3%A9e_d%27Art_contemporain_de_Ouidah', 'source_type': 'wikipédia', 'raw_text': '• Wikipédia — Musée d’Art contemporain de Ouidah, https://fr.wikipedia.org/wiki/Mus%C3%A9e_d%27Art_contemporain_de_Ouidah'}",https://fr.wikipedia.org/wiki/Mus%C3%A9e_d%27Art_contemporain_de_Ouidah,Musée de la Fondation Zinsou.jpg
Ouidah,Monuments et Spiritualité,Statues et sculptures le long de la Route des Esclaves,Statues_et_sculptures_le_long_de_la_Route_des_Esclaves.docx,Statues et sculptures le long de la Route des Esclaves,"Statues et sculptures le long de la Route des Esclaves
Mémorials artistiques – Ouidah, Côte du Bénin
1. Résumé
Tout au long de la Route des Esclaves menant à la Porte du Non-Retour, un ensemble de statues, sculptures et stèles commémoratives compose un parcours artistique profondément symbolique. Ces œuvres, installées autour de la Porte et sur la dernière portion du chemin parcouru par les captifs, racontent en silence la douleur, la résistance, l’effacement identitaire et la mémoire des millions d’Africains déportés.
Certaines représentent des familles brisées, d’autres évoquent l’esprit des ancêtres, la disparition, la survie des traditions ou encore la lutte contre les razzias. Ensemble, elles transforment cette route en un véritable musée à ciel ouvert, où l’art devient un langage de mémoire, de deuil et de transmission.
2. Historique et rôle du site
Une dimension mémorielle ancrée dans l’espace
Les sculptures et statues ont été progressivement installées pour matérialiser l’histoire de la traite négrière à Ouidah. Elles rappellent — à travers le bronze, la terre cuite, le bois ou la pierre — les étapes du parcours que parcouraient les captifs avant d’être embarqués vers les Amériques.
Elles permettent de :
• fixer la mémoire des victimes dans le paysage,
• offrir un support de recueillement aux visiteurs,
• transmettre l’histoire aux nouvelles générations,
• honorer les ancêtres et les résistants oubliés.
Un dialogue entre art traditionnel et expression contemporaine
Les artistes béninois qui ont sculpté ces œuvres ont mêlé :
• symboles vodun,
• motifs géométriques évoquant les scarifications fon et yoruba,
• références à l’art ouest-africain,
• langage artistique contemporain.
L’objectif : raconter l’histoire sans la figer, et donner aux visiteurs une expérience sensorielle et spirituelle.
3. Organisation et patrimoine artistique
1. La statue de la « Chaîne de l’Esclave » – Dominique Kouas
Située près de la Porte du Non-Retour, cette œuvre en bronze représente une famille africaine enchaînée, les corps entrelacés dans une posture de résistance et de douleur.
Les visages, sculptés avec force, expriment à la fois détresse et dignité.
Les chaînes symbolisent :
• l’oppression de l’esclavage,
• l’attachement familial malgré la destruction,
• la violence qui n’a pas brisé les liens culturels.
Créateur : Dominique Kouas, sculpteur béninois.
Hommage aux victimes anonymes dont les histoires personnelles ont disparu dans la traite.
2. La statue de l’« Esprit des Ancêtres » – Yves Apollinaire Pèdé
Sculpture plus abstraite, mêlant pierre et métal, représentant une figure humanoïde stylisée.
Ses bras levés vers le ciel, ses yeux clos et sa bouche entrouverte renvoient à une invocation spirituelle.
Les motifs géométriques rappellent les scarifications traditionnelles des peuples fon et yoruba.
Signification :
• connexion entre vivants et ancêtres,
• rôle central des esprits dans les cultes vodun,
• prière pour les âmes disparues sur la route de l’exil.
3. Les statues du « Mémorial de la Réconciliation »
Une suite de statues en terre cuite, représentant des silhouettes anonymes :
• certaines portent des fers aux pieds,
• d’autres sont en prière,
• d’autres encore sont partiellement enterrées ou brisées.
Ces visages volontairement sans traits symbolisent :
• l’effacement identitaire des esclaves,
• la souffrance universelle,
• la disparition physique et culturelle de millions d’individus.
4. Le « Mémorial du Repentir »
Stèle commémorative en granit noir portant des inscriptions en :
• fon,
• français,
• anglais,
• portugais.
Elle liste les grands ports négriers (Ouidah, Lagos, Luanda…) et rend hommage aux résistants africains.
Les visiteurs y déposent :
• coquillages,
• fleurs,
• bougies,
témoignant d’une mémoire encore vivante.
5. La statue de la « Porteuse d’Eau »
Sculpture en bronze représentant une femme portant une jarre sur la tête.
Bien qu’elle ne soit pas directement liée à l’esclavage, elle évoque :
• la vie quotidienne africaine avant la déportation,
• la résistance des traditions,
• la force des femmes souvent laissées seules après les razzias.
6. Le « Mémorial des Martyrs » – Zomai
Situé près de la Porte, dans le quartier de Zomai, cet ensemble de statues en bois représente des figures de la résistance anti-esclavagiste.
Une statue marquante montre :
• un guerrier fon brandissant un couteau cérémoniel,
symbole des révoltes contre les marchands européens et leurs alliés locaux.
Cette section rend hommage à des héros méconnus, dont le roi Kpassè, mentionné pour avoir tenté de résister avant d’être forcé à coopérer.
4. Valeur culturelle et symbolique
Un parcours artistique pour dire l’indicible
Ces statues transmettent l’histoire en silence :
• les chaînes → l’asservissement,
• les silhouettes anonymes → l’effacement identitaire,
• les figures armées → la résistance,
• les postures de prière → l’espoir,
• les matériaux locaux → la continuité culturelle malgré la violence.
Elles offrent un langage visuel accessible à tous, au-delà des mots et au-delà des siècles.
Une mémoire vivante
À travers ces œuvres :
• les artistes réhabilitent les disparus,
• les visiteurs ressentent une émotion forte face à la mer,
• les communautés locales perpétuent l’esprit des ancêtres.
Ces monuments transforment la Route des Esclaves en un espace de mémoire, mais aussi de transmission, d’éducation et de réconciliation.
5.","• Voyage Avec Nous — Ouidah, https://voyageavecnous.com/ouidah-region-atlantique-benin/",1,1,"Statues et sculptures le long de la Route des Esclaves
Mémorials artistiques – Ouidah, Côte du Bénin
1. Résumé
Tout au long de la Route des Esclaves menant à la Porte du Non-Retour, un ensemble de statues, sculptures et stèles commémoratives compose un parcours artistique profondément symbolique. Ces œuvres, installées autour de la Porte et sur la dernière portion du chemin parcouru par les captifs, racontent en silence la douleur, la résistance, l’effacement identitaire et la mémoire des millions d’Africains déportés.
Certaines représentent des familles brisées, d’autres évoquent l’esprit des ancêtres, la disparition, la survie des traditions ou encore la lutte contre les razzias. Ensemble, elles transforment cette route en un véritable musée à ciel ouvert, où l’art devient un langage de mémoire, de deuil et de transmission.
2. Historique et rôle du site
Une dimension mémorielle ancrée dans l’espace
Les sculptures et statues ont été progressivement installées pour matérialiser l’histoire de la traite négrière à Ouidah. Elles rappellent — à travers le bronze, la terre cuite, le bois ou la pierre — les étapes du parcours que parcouraient les captifs avant d’être embarqués vers les Amériques.
Elles permettent de :
• fixer la mémoire des victimes dans le paysage,
• offrir un support de recueillement aux visiteurs,
• transmettre l’histoire aux nouvelles générations,
• honorer les ancêtres et les résistants oubliés.
Un dialogue entre art traditionnel et expression contemporaine
Les artistes béninois qui ont sculpté ces œuvres ont mêlé :
• symboles vodun,
• motifs géométriques évoquant les scarifications fon et yoruba,
• références à l’art ouest-africain,
• langage artistique contemporain.
L’objectif : raconter l’histoire sans la figer, et donner aux visiteurs une expérience sensorielle et spirituelle.
3. Organisation et patrimoine artistique
1. La statue de la « Chaîne de l’Esclave » – Dominique Kouas
Située près de la Porte du Non-Retour, cette œuvre en bronze représente une famille africaine enchaînée, les corps entrelacés dans une posture de résistance et de douleur.
Les visages, sculptés avec force, expriment à la fois détresse et dignité.
Les chaînes symbolisent :
• l’oppression de l’esclavage,
• l’attachement familial malgré la destruction,
• la violence qui n’a pas brisé les liens culturels.
Créateur : Dominique Kouas, sculpteur béninois.
Hommage aux victimes anonymes dont les histoires personnelles ont disparu dans la traite.
2. La statue de l’« Esprit des Ancêtres » – Yves Apollinaire Pèdé
Sculpture plus abstraite, mêlant pierre et métal, représentant une figure humanoïde stylisée.
Ses bras levés vers le ciel, ses yeux clos et sa bouche entrouverte renvoient à une invocation spirituelle.
Les motifs géométriques rappellent les scarifications traditionnelles des peuples fon et yoruba.
Signification :
• connexion entre vivants et ancêtres,
• rôle central des esprits dans les cultes vodun,
• prière pour les âmes disparues sur la route de l’exil.
3. Les statues du « Mémorial de la Réconciliation »
Une suite de statues en terre cuite, représentant des silhouettes anonymes :
• certaines portent des fers aux pieds,
• d’autres sont en prière,
• d’autres encore sont partiellement enterrées ou brisées.
Ces visages volontairement sans traits symbolisent :
• l’effacement identitaire des esclaves,
• la souffrance universelle,
• la disparition physique et culturelle de millions d’individus.
4. Le « Mémorial du Repentir »
Stèle commémorative en granit noir portant des inscriptions en :
• fon,
• français,
• anglais,
• portugais.
Elle liste les grands ports négriers (Ouidah, Lagos, Luanda…) et rend hommage aux résistants africains.
Les visiteurs y déposent :
• coquillages,
• fleurs,
• bougies,
témoignant d’une mémoire encore vivante.
5. La statue de la « Porteuse d’Eau »
Sculpture en bronze représentant une femme portant une jarre sur la tête.
Bien qu’elle ne soit pas directement liée à l’esclavage, elle évoque :
• la vie quotidienne africaine avant la déportation,
• la résistance des traditions,
• la force des femmes souvent laissées seules après les razzias.
6. Le « Mémorial des Martyrs » – Zomai
Situé près de la Porte, dans le quartier de Zomai, cet ensemble de statues en bois représente des figures de la résistance anti-esclavagiste.
Une statue marquante montre :
• un guerrier fon brandissant un couteau cérémoniel,
symbole des révoltes contre les marchands européens et leurs alliés locaux.
Cette section rend hommage à des héros méconnus, dont le roi Kpassè, mentionné pour avoir tenté de résister avant d’être forcé à coopérer.
4. Valeur culturelle et symbolique
Un parcours artistique pour dire l’indicible
Ces statues transmettent l’histoire en silence :
• les chaînes → l’asservissement,
• les silhouettes anonymes → l’effacement identitaire,
• les figures armées → la résistance,
• les postures de prière → l’espoir,
• les matériaux locaux → la continuité culturelle malgré la violence.
Elles offrent un langage visuel accessible à tous, au-delà des mots et au-delà des siècles.
Une mémoire vivante
À travers ces œuvres :
• les artistes réhabilitent les disparus,
• les visiteurs ressentent une émotion forte face à la mer,
• les communautés locales perpétuent l’esprit des ancêtres.
Ces monuments transforment la Route des Esclaves en un espace de mémoire, mais aussi de transmission, d’éducation et de réconciliation.
5.

=== SOURCES ===
• Voyage Avec Nous — Ouidah, https://voyageavecnous.com/ouidah-region-atlantique-benin/",5400,844,87,7,5487,851,True,True,5,La statue de la Chaîne de l’Esclave.jpg|||La statue de l’Esprit des Ancêtres.jpg|||Les statues du Mémorial de la Réconciliation.jpg|||Porte-Non-Retour-Ouidah2.jpg|||Porte-Non-Retour-Ouidah4.jpg,Donnees_soutenance\Ouidah\Monuments et Spiritualité\Statues et sculptures le long de la Route des Esclaves\Statues_et_sculptures_le_long_de_la_Route_des_Esclaves.docx,Donnees_soutenance\Ouidah\Monuments et Spiritualité\Statues et sculptures le long de la Route des Esclaves,Monuments et Spiritualité/Statues et sculptures le long de la Route des Esclaves,"{'source_name': 'Voyage Avec Nous', 'description': 'Ouidah', 'url': 'https://voyageavecnous.com/ouidah-region-atlantique-benin/', 'source_type': 'blog', 'raw_text': '• Voyage Avec Nous — Ouidah, https://voyageavecnous.com/ouidah-region-atlantique-benin/'}",https://voyageavecnous.com/ouidah-region-atlantique-benin/,La statue de la Chaîne de l’Esclave.jpg | La statue de l’Esprit des Ancêtres.jpg | Les statues du Mémorial de la Réconciliation.jpg | Porte-Non-Retour-Ouidah2.jpg | Porte-Non-Retour-Ouidah4.jpg
Ouidah,Monuments et Spiritualité,Temple des Pythons,Temple_des_Pythons.docx,Temple des Pythons,"Temple des Pythons
Sanctuaire vodun – Ouidah, Côte du Bénin
1. Résumé
Le Temple des Pythons est l’un des lieux sacrés les plus emblématiques de Ouidah. Situé au cœur de la ville, face à la Basilique de l’Immaculée Conception, il est le principal temple vodun dédié à Dangbé, la divinité-serpent.
Accessible aux initiés comme aux non-initiés, il abrite près de 200 pythons royaux, serpents sacrés, inoffensifs, respectés et protégés par les habitants.
Ce lieu, nourri de légendes, de rituels et d’histoire, représente une rencontre saisissante entre spiritualité, tradition et vie quotidienne.
Chaque mois, les pythons sont relâchés dans la ville pour aller chasser avant de revenir d’eux-mêmes au sanctuaire, comme guidés par une force invisible.
Le temple réunit également des éléments rituels majeurs : une jarre sacrée utilisée tous les sept ans pour purifier la ville, une grande cuve d’eau cérémonielle, et un arbre vénéré qui incarne l’esprit des anciens.
2. Historique et rôle du site
Origines légendaires
Selon la tradition transmise à Ouidah, l’origine du temple remonte au XVIIIᵉ siècle :
Le roi Kpassè, fuyant une attaque ennemie, aurait été sauvé par des pythons qui le guidèrent à travers la forêt. En signe de gratitude, ces serpents furent sanctifiés comme manifestations de Dangbé, divinité protectrice.
Le temple actuel, construit à proximité du sanctuaire originel, perpétue cette alliance spirituelle.
Fonction religieuse et culturelle
Le Temple des Pythons est aujourd’hui :
• un haut lieu du culte vodun,
• un espace de transmission des rites liés au serpent sacré,
• un symbole identitaire fort de la ville de Ouidah.
Les pythons, considérés comme des énergies protectrices, ne doivent jamais être tués ni consommés.
S’ils se glissent dans une maison, les habitants les rapportent immédiatement au temple.
Les pythons royaux
Les serpents sont :
• inoffensifs,
• libres de circuler,
• nourris d’œufs et de petits mammifères,
• relâchés chaque mois pour chasser.
Une anecdote rapportée par les guides locaux mentionne qu’en 2020, un python s’est glissé dans une école, déclenchant non pas la panique, mais une joie collective, signe de l’attachement des habitants à ces animaux sacrés.
3. Organisation et patrimoine rituel
Le sanctuaire des pythons
Le temple comprend :
• une case sombre et fraîche où s'entrelacent une centaine de pythons,
• des fresques et symboles vodun,
• des représentations de Dangbé,
• un autel d’offrandes et de rites.
Les visiteurs peuvent, sous la supervision d’un prêtre, porter un python autour du cou — un geste qui symbolise la confiance et la communion avec la divinité.
La jarre sacrée
Une jarre en terre cuite, conservée dans le temple, est utilisée lors d’une grande cérémonie tous les sept ans.
Cette jarre sert à purifier symboliquement la ville lors d’un rituel majeur, en lien direct avec Dangbé.
La cuve cérémonielle
Au centre du temple se trouve une grande cuve d’eau consacrée.
Tous les sept ans, des femmes vêtues de pagnes blancs effectuent une procession appelée Adjinakou :
• elles parcourent plusieurs kilomètres,
• portent l’eau sur leur tête,
• chantent des hymnes vodun,
• puis versent cette eau bénie dans la cuve.
Cette eau sert ensuite aux rituels de purification pendant sept années.
L’arbre sacré
Dans un coin du temple se dresse un arbre ancestral, considéré comme l’incarnation de l’esprit des anciens.
Le prêtre y réalise :
• des prières,
• des cultes,
• des sacrifices animaux destinés à invoquer la paix sur Ouidah.
4. Valeur culturelle et symbolique
Un symbole vivant du Vodun
Le Temple des Pythons représente :
• l’une des expressions les plus visibles du vodun béninois,
• un espace où le monde visible et invisible se rencontrent,
• une philosophie du respect de la nature et du sacré.
Les pythons, leur présence silencieuse et leur retour spontané au temple, incarnent une harmonie entre humains, animaux et divinité.
Identité spirituelle de Ouidah
Le temple est profondément intégré à l’histoire et à l’âme de la ville.
Il rappelle :
• la continuité des traditions,
• la coexistence entre religion vodun et influences chrétiennes (la basilique en face),
• la vitalité d’un culte ancestral toujours pratiqué.
Un lieu touristique majeur
Aujourd’hui, le temple attire :
• visiteurs béninois,
• membres de la diaspora afro-descendante,
• touristes internationaux,
• chercheurs et anthropologues.
Il est considéré comme l’un des sites incontournables de Ouidah et participe activement au développement culturel et économique local.
5. 
• Voyage Avec Nous — Ouidah, https://voyageavecnous.com/ouidah-region-atlantique-benin/
• Ayiffa Tourisme — Sites touristiques à Ouidah, https://ayiffatourisme.com/en/blog-benin-les-sites-touristiques-a-ouidah","• Le Voyage du Calao — 5 sites incontournables à Ouidah, https://levoyageducalao.com/5-sites-incontournables-a-ouidah/",1,1,"Temple des Pythons
Sanctuaire vodun – Ouidah, Côte du Bénin
1. Résumé
Le Temple des Pythons est l’un des lieux sacrés les plus emblématiques de Ouidah. Situé au cœur de la ville, face à la Basilique de l’Immaculée Conception, il est le principal temple vodun dédié à Dangbé, la divinité-serpent.
Accessible aux initiés comme aux non-initiés, il abrite près de 200 pythons royaux, serpents sacrés, inoffensifs, respectés et protégés par les habitants.
Ce lieu, nourri de légendes, de rituels et d’histoire, représente une rencontre saisissante entre spiritualité, tradition et vie quotidienne.
Chaque mois, les pythons sont relâchés dans la ville pour aller chasser avant de revenir d’eux-mêmes au sanctuaire, comme guidés par une force invisible.
Le temple réunit également des éléments rituels majeurs : une jarre sacrée utilisée tous les sept ans pour purifier la ville, une grande cuve d’eau cérémonielle, et un arbre vénéré qui incarne l’esprit des anciens.
2. Historique et rôle du site
Origines légendaires
Selon la tradition transmise à Ouidah, l’origine du temple remonte au XVIIIᵉ siècle :
Le roi Kpassè, fuyant une attaque ennemie, aurait été sauvé par des pythons qui le guidèrent à travers la forêt. En signe de gratitude, ces serpents furent sanctifiés comme manifestations de Dangbé, divinité protectrice.
Le temple actuel, construit à proximité du sanctuaire originel, perpétue cette alliance spirituelle.
Fonction religieuse et culturelle
Le Temple des Pythons est aujourd’hui :
• un haut lieu du culte vodun,
• un espace de transmission des rites liés au serpent sacré,
• un symbole identitaire fort de la ville de Ouidah.
Les pythons, considérés comme des énergies protectrices, ne doivent jamais être tués ni consommés.
S’ils se glissent dans une maison, les habitants les rapportent immédiatement au temple.
Les pythons royaux
Les serpents sont :
• inoffensifs,
• libres de circuler,
• nourris d’œufs et de petits mammifères,
• relâchés chaque mois pour chasser.
Une anecdote rapportée par les guides locaux mentionne qu’en 2020, un python s’est glissé dans une école, déclenchant non pas la panique, mais une joie collective, signe de l’attachement des habitants à ces animaux sacrés.
3. Organisation et patrimoine rituel
Le sanctuaire des pythons
Le temple comprend :
• une case sombre et fraîche où s'entrelacent une centaine de pythons,
• des fresques et symboles vodun,
• des représentations de Dangbé,
• un autel d’offrandes et de rites.
Les visiteurs peuvent, sous la supervision d’un prêtre, porter un python autour du cou — un geste qui symbolise la confiance et la communion avec la divinité.
La jarre sacrée
Une jarre en terre cuite, conservée dans le temple, est utilisée lors d’une grande cérémonie tous les sept ans.
Cette jarre sert à purifier symboliquement la ville lors d’un rituel majeur, en lien direct avec Dangbé.
La cuve cérémonielle
Au centre du temple se trouve une grande cuve d’eau consacrée.
Tous les sept ans, des femmes vêtues de pagnes blancs effectuent une procession appelée Adjinakou :
• elles parcourent plusieurs kilomètres,
• portent l’eau sur leur tête,
• chantent des hymnes vodun,
• puis versent cette eau bénie dans la cuve.
Cette eau sert ensuite aux rituels de purification pendant sept années.
L’arbre sacré
Dans un coin du temple se dresse un arbre ancestral, considéré comme l’incarnation de l’esprit des anciens.
Le prêtre y réalise :
• des prières,
• des cultes,
• des sacrifices animaux destinés à invoquer la paix sur Ouidah.
4. Valeur culturelle et symbolique
Un symbole vivant du Vodun
Le Temple des Pythons représente :
• l’une des expressions les plus visibles du vodun béninois,
• un espace où le monde visible et invisible se rencontrent,
• une philosophie du respect de la nature et du sacré.
Les pythons, leur présence silencieuse et leur retour spontané au temple, incarnent une harmonie entre humains, animaux et divinité.
Identité spirituelle de Ouidah
Le temple est profondément intégré à l’histoire et à l’âme de la ville.
Il rappelle :
• la continuité des traditions,
• la coexistence entre religion vodun et influences chrétiennes (la basilique en face),
• la vitalité d’un culte ancestral toujours pratiqué.
Un lieu touristique majeur
Aujourd’hui, le temple attire :
• visiteurs béninois,
• membres de la diaspora afro-descendante,
• touristes internationaux,
• chercheurs et anthropologues.
Il est considéré comme l’un des sites incontournables de Ouidah et participe activement au développement culturel et économique local.
5. 
• Voyage Avec Nous — Ouidah, https://voyageavecnous.com/ouidah-region-atlantique-benin/
• Ayiffa Tourisme — Sites touristiques à Ouidah, https://ayiffatourisme.com/en/blog-benin-les-sites-touristiques-a-ouidah

=== SOURCES ===
• Le Voyage du Calao — 5 sites incontournables à Ouidah, https://levoyageducalao.com/5-sites-incontournables-a-ouidah/",4726,736,118,12,4844,748,True,True,2,Temple-Pyhons-Ouidah.jpg|||temple des pythons.jpg,Donnees_soutenance\Ouidah\Monuments et Spiritualité\Temple des Pythons\Temple_des_Pythons.docx,Donnees_soutenance\Ouidah\Monuments et Spiritualité\Temple des Pythons,Monuments et Spiritualité/Temple des Pythons,"{'source_name': 'Le Voyage du Calao', 'description': '5 sites incontournables à Ouidah', 'url': 'https://levoyageducalao.com/5-sites-incontournables-a-ouidah/', 'source_type': 'blog', 'raw_text': '• Le Voyage du Calao — 5 sites incontournables à Ouidah, https://levoyageducalao.com/5-sites-incontournables-a-ouidah/'}",https://levoyageducalao.com/5-sites-incontournables-a-ouidah/,Temple-Pyhons-Ouidah.jpg | temple des pythons.jpg
Ouidah,Route des Esclaves,Arbre de l’Oubli,arbre_de_l_oubli.docx,arbre de l oubli,"L’Arbre de l’Oubli
Rite de dépersonnalisation sur la Route des Esclaves – Ouidah, Côte du Bénin
1. Résumé
L’Arbre de l’Oubli est l’un des lieux les plus symboliques et poignants de la Route des Esclaves à Ouidah.
Planté, selon la tradition, par les rois du Dahomey en 1527, cet arbre mystique servait à accomplir un rituel destiné à faire perdre aux captifs toute mémoire de leur identité, de leurs origines et de leur passé.
Arrivés à ce point crucial du parcours, les esclaves devaient effectuer des tours rituels autour de l’arbre :
9 tours pour les hommes, de droite à gauche
7 tours pour les femmes, de gauche à droite
Ce rite symbolisait une rupture totale avec leur vie passée, les rendant — aux yeux de leurs maîtres et négociants — faibles, désorientés, dépourvus de volonté, et donc plus faciles à contrôler avant la déportation vers les Amériques.
Aujourd’hui, l’Arbre de l’Oubli est un lieu de mémoire universel, intégré au parcours commémoratif de la Route des Esclaves.
2. Historique et rôle du site
Origines et signification du rituel
Selon la tradition dahoméenne, l’arbre fut planté en 1527 par les souverains d’Abomey.
Il incarnait une dimension mystique : un espace rituel chargé d’ôter aux captifs leur identité, leur force intérieure et tout repère géographique.
Le but était de créer l’oubli — non pas par magie réelle, mais par un rite symbolique destiné à anéantir toute possibilité de résistance physique ou psychologique.
Les tours rituels étaient strictement codifiés selon le genre :
Hommes : 9 tours, dans le sens droite → gauche
Femmes : 7 tours, dans le sens gauche → droite
Des récits contemporains de la Route des Esclaves décrivent ce moment comme une étape où les captifs devenaient, aux yeux de leurs bourreaux, des « êtres sans aucune volonté de réagir ou de se rebeller ».
La Route des 23 statues
Avant d’atteindre l’Arbre de l’Oubli, les captifs parcouraient un chemin marqué aujourd’hui par 23 statues colorées retraçant l’histoire de Ouidah et les symboles des rois du Dahomey.
Ces statues :
ont été majoritairement créées par Cyprien Tokoudagba, peintre et sculpteur béninois internationalement reconnu ;
représentent des emblèmes royaux (l’oiseau, la hyène, le lion, le caméléon, le serpent, la jambe…) ;
évoquent les divinités, le pouvoir et les rites liés à la traite négrière.
Un lieu situé avant la séparation finale
L’Arbre de l’Oubli se trouvait juste avant la dernière partie du parcours menant à la mer.
Après le rituel, les captifs poursuivaient leur marche vers :
Le Mémorial Zomachi (Escale du Retour)
La Plage de Ouidah
La Porte du Non-Retour
3. Organisation et patrimoine architectural
Vestiges et aménagements actuels
L’Arbre de l’Oubli originel n’existe plus, mais le site a été matérialisé pour conserver son rôle mémoriel.
Aujourd’hui, il comprend :
Une clairière aménagée où était situé l’arbre historique ;
Des installations commémoratives rappelant l’importance du rite ;
Proximité avec les fresques du Mémorial Zomachi, qui illustrent la vie des esclaves et la révolte de Haïti en 1791, menée par Toussaint Louverture.
Bien que le Mémorial Zomachi n’ait jamais été construit dans sa forme initialement prévue, les fresques du mur d’enceinte constituent un patrimoine visuel important.
Intégration dans la Route des Esclaves
L’Arbre de l’Oubli est l’une des étapes les plus marquantes du parcours mémoriel :
Il marque le passage du statut de captif local à celui d’esclave destiné à la déportation ;
Il rappelle la violence psychologique et symbolique subie avant même l’embarquement.
4. Valeur culturelle et symbolique
Mémoire de la dépersonnalisation
L’Arbre de l’Oubli est un symbole puissant de la stratégie de domination employée lors de la traite atlantique.
Il évoque :
la volonté d’effacer l’identité des captifs ;
la rupture avec leurs familles, leurs terres et leurs cultures ;
l’imposition d’un nouveau destin imposé sans retour possible.
Art, transmission et spiritualité
À travers les statues colorées et les récits transmis, le site :
raconte l’histoire du Dahomey et de ses rois ;
crée un pont entre art contemporain, tradition et mémoire ;
permet une transmission narrative forte lors des visites guidées, pèlerinages et commémorations.
Un lieu de recueillement et de conscience historique
Pour les visiteurs, descendants de la diaspora, chercheurs et locaux, l’Arbre de l’Oubli représente :
un espace de méditation et de connexion aux ancêtres ;
un rappel de la résistance spirituelle des captifs ;
un devoir de mémoire face à l’une des tragédies majeures de l’histoire humaine.
5. 
• Le Voyage du Calao — Route des Esclaves de Ouidah, https://levoyageducalao.com/route-des-esclaves-de-ouidah/","• Ayiffa Tourisme — Histoire de la Porte du Non-Retour, https://ayiffatourisme.com/en/blog-lhistoire-de-la-porte-du-non-retour-a-ouidah",1,1,"L’Arbre de l’Oubli
Rite de dépersonnalisation sur la Route des Esclaves – Ouidah, Côte du Bénin
1. Résumé
L’Arbre de l’Oubli est l’un des lieux les plus symboliques et poignants de la Route des Esclaves à Ouidah.
Planté, selon la tradition, par les rois du Dahomey en 1527, cet arbre mystique servait à accomplir un rituel destiné à faire perdre aux captifs toute mémoire de leur identité, de leurs origines et de leur passé.
Arrivés à ce point crucial du parcours, les esclaves devaient effectuer des tours rituels autour de l’arbre :
9 tours pour les hommes, de droite à gauche
7 tours pour les femmes, de gauche à droite
Ce rite symbolisait une rupture totale avec leur vie passée, les rendant — aux yeux de leurs maîtres et négociants — faibles, désorientés, dépourvus de volonté, et donc plus faciles à contrôler avant la déportation vers les Amériques.
Aujourd’hui, l’Arbre de l’Oubli est un lieu de mémoire universel, intégré au parcours commémoratif de la Route des Esclaves.
2. Historique et rôle du site
Origines et signification du rituel
Selon la tradition dahoméenne, l’arbre fut planté en 1527 par les souverains d’Abomey.
Il incarnait une dimension mystique : un espace rituel chargé d’ôter aux captifs leur identité, leur force intérieure et tout repère géographique.
Le but était de créer l’oubli — non pas par magie réelle, mais par un rite symbolique destiné à anéantir toute possibilité de résistance physique ou psychologique.
Les tours rituels étaient strictement codifiés selon le genre :
Hommes : 9 tours, dans le sens droite → gauche
Femmes : 7 tours, dans le sens gauche → droite
Des récits contemporains de la Route des Esclaves décrivent ce moment comme une étape où les captifs devenaient, aux yeux de leurs bourreaux, des « êtres sans aucune volonté de réagir ou de se rebeller ».
La Route des 23 statues
Avant d’atteindre l’Arbre de l’Oubli, les captifs parcouraient un chemin marqué aujourd’hui par 23 statues colorées retraçant l’histoire de Ouidah et les symboles des rois du Dahomey.
Ces statues :
ont été majoritairement créées par Cyprien Tokoudagba, peintre et sculpteur béninois internationalement reconnu ;
représentent des emblèmes royaux (l’oiseau, la hyène, le lion, le caméléon, le serpent, la jambe…) ;
évoquent les divinités, le pouvoir et les rites liés à la traite négrière.
Un lieu situé avant la séparation finale
L’Arbre de l’Oubli se trouvait juste avant la dernière partie du parcours menant à la mer.
Après le rituel, les captifs poursuivaient leur marche vers :
Le Mémorial Zomachi (Escale du Retour)
La Plage de Ouidah
La Porte du Non-Retour
3. Organisation et patrimoine architectural
Vestiges et aménagements actuels
L’Arbre de l’Oubli originel n’existe plus, mais le site a été matérialisé pour conserver son rôle mémoriel.
Aujourd’hui, il comprend :
Une clairière aménagée où était situé l’arbre historique ;
Des installations commémoratives rappelant l’importance du rite ;
Proximité avec les fresques du Mémorial Zomachi, qui illustrent la vie des esclaves et la révolte de Haïti en 1791, menée par Toussaint Louverture.
Bien que le Mémorial Zomachi n’ait jamais été construit dans sa forme initialement prévue, les fresques du mur d’enceinte constituent un patrimoine visuel important.
Intégration dans la Route des Esclaves
L’Arbre de l’Oubli est l’une des étapes les plus marquantes du parcours mémoriel :
Il marque le passage du statut de captif local à celui d’esclave destiné à la déportation ;
Il rappelle la violence psychologique et symbolique subie avant même l’embarquement.
4. Valeur culturelle et symbolique
Mémoire de la dépersonnalisation
L’Arbre de l’Oubli est un symbole puissant de la stratégie de domination employée lors de la traite atlantique.
Il évoque :
la volonté d’effacer l’identité des captifs ;
la rupture avec leurs familles, leurs terres et leurs cultures ;
l’imposition d’un nouveau destin imposé sans retour possible.
Art, transmission et spiritualité
À travers les statues colorées et les récits transmis, le site :
raconte l’histoire du Dahomey et de ses rois ;
crée un pont entre art contemporain, tradition et mémoire ;
permet une transmission narrative forte lors des visites guidées, pèlerinages et commémorations.
Un lieu de recueillement et de conscience historique
Pour les visiteurs, descendants de la diaspora, chercheurs et locaux, l’Arbre de l’Oubli représente :
un espace de méditation et de connexion aux ancêtres ;
un rappel de la résistance spirituelle des captifs ;
un devoir de mémoire face à l’une des tragédies majeures de l’histoire humaine.
5. 
• Le Voyage du Calao — Route des Esclaves de Ouidah, https://levoyageducalao.com/route-des-esclaves-de-ouidah/

=== SOURCES ===
• Ayiffa Tourisme — Histoire de la Porte du Non-Retour, https://ayiffatourisme.com/en/blog-lhistoire-de-la-porte-du-non-retour-a-ouidah",4673,745,135,11,4808,756,True,True,1,L’Arbre de l’Oubli Ouidah.jpg,Donnees_soutenance\Ouidah\Route des Esclaves\Arbre de l’Oubli\arbre_de_l_oubli.docx,Donnees_soutenance\Ouidah\Route des Esclaves\Arbre de l’Oubli,Route des Esclaves/Arbre de l’Oubli,"{'source_name': 'Ayiffa Tourisme', 'description': 'Histoire de la Porte du Non-Retour', 'url': 'https://ayiffatourisme.com/en/blog-lhistoire-de-la-porte-du-non-retour-a-ouidah', 'source_type': 'blog', 'raw_text': '• Ayiffa Tourisme — Histoire de la Porte du Non-Retour, https://ayiffatourisme.com/en/blog-lhistoire-de-la-porte-du-non-retour-a-ouidah'}",https://ayiffatourisme.com/en/blog-lhistoire-de-la-porte-du-non-retour-a-ouidah,L’Arbre de l’Oubli Ouidah.jpg
Ouidah,Route des Esclaves,Arbre du Retour,arbre_du_retour.docx,arbre du retour,"L’Arbre du Retour
Rituel de ré-ancrage spirituel – Route des Esclaves, Ouidah, Côte du Bénin
1. Résumé
L’Arbre du Retour est l’un des lieux les plus émouvants de la Route des Esclaves à Ouidah.
Contrairement à l’Arbre de l’Oubli — destiné à effacer symboliquement l’identité des captifs — l’Arbre du Retour portait un sens inverse : il visait à rattacher l’âme des esclaves à leur terre natale.
Après avoir quitté la Case Zomaï, les captifs s’arrêtaient devant cet arbre mystique et effectuaient trois tours autour de lui.
Ce rituel leur garantissait qu’où qu’ils meurent dans le monde, leur esprit reviendrait toujours sur la terre de leurs ancêtres.
Cet arbre — haut, généreux, debout depuis près de 200 ans — marquait l’une des dernières étapes avant le départ définitif vers la mer et la Porte du Non-Retour.
2. Historique et rôle du site
Origines et signification spirituelle
L’Arbre du Retour symbolisait la seule forme de continuité familiale et culturelle qu’il restait aux captifs.
Ses fonctions spirituelles étaient claires :
Rattacher l’âme des esclaves à leur terre d’origine
Leur garantir un retour posthume vers leur continent
Préserver une part de leur identité malgré la déportation
Les esclaves accomplissaient un rituel simple mais chargé de sens :
3 tours autour de l’arbre, après avoir quitté la Case Zomaï
Ce geste représentait une ultime protection face à un avenir entièrement contrôlé par leurs bourreaux.
Étape précédant le départ définitif
L’Arbre du Retour se situait juste avant la plage et la Porte du Non-Retour.
Après le rite :
Les captifs étaient conduits vers la côte
Puis embarqués pour un destin inconnu
Les récits rapportent que :
Certains mouraient en chemin et étaient jetés à la mer
D’autres arrivaient aux Amériques, condamnés à travailler dans les champs de coton, de riz ou de canne à sucre
Tous vivaient sous la menace constante du fouet
Cette étape était décrite comme un moment d’humanité arrachée à des êtres « en sursis ».
3. Organisation et patrimoine architectural
L’Arbre et son environnement
À proximité du mémorial situé sur la Route des Esclaves, l’arbre se dresse au centre d’une petite placette.
Il est présenté comme :
un arbre majestueux, âgé d’environ 200 ans ;
un témoin silencieux du passage de milliers de captifs ;
un lieu de mémoire où la spiritualité et l’histoire se rejoignent.
Aménagements mémoriels actuels
Le site autour de l’Arbre du Retour fait partie intégrante du parcours touristique et commémoratif.
Il permet aux visiteurs :
de comprendre la dimension spirituelle de la traite
de s’imprégner d’un lieu authentique encore chargé de symbolisme
de suivre la dernière partie du cheminement jusqu’à la mer
Ce lieu est souvent intégré aux cérémonies mémorielles organisées à Ouidah.
4. Valeur culturelle et symbolique
Un lieu d’espoir dans un parcours de désespoir
L’Arbre du Retour représente :
la ténacité spirituelle des captifs
leur volonté de rester liés à leurs ancêtres
leur foi en un retour symbolique malgré l’exil forcé
Il constitue une réponse spirituelle à l’effacement identitaire imposé par l’Arbre de l’Oubli.
Symbole de résilience et de transmission
L’arbre incarne :
la résistance culturelle face à la déportation
la mémoire éternelle de ceux qui n’ont jamais revu leur terre
un héritage essentiel pour la diaspora africaine
Il est aujourd’hui un lieu de recueillement, de réflexion et d’hommage universel.
5. 
• Le Voyage du Calao — Route des Esclaves de Ouidah, https://levoyageducalao.com/route-des-esclaves-de-ouidah/","• Ayiffa Tourisme — Histoire de la Porte du Non-Retour, https://ayiffatourisme.com/en/blog-lhistoire-de-la-porte-du-non-retour-a-ouidah",1,1,"L’Arbre du Retour
Rituel de ré-ancrage spirituel – Route des Esclaves, Ouidah, Côte du Bénin
1. Résumé
L’Arbre du Retour est l’un des lieux les plus émouvants de la Route des Esclaves à Ouidah.
Contrairement à l’Arbre de l’Oubli — destiné à effacer symboliquement l’identité des captifs — l’Arbre du Retour portait un sens inverse : il visait à rattacher l’âme des esclaves à leur terre natale.
Après avoir quitté la Case Zomaï, les captifs s’arrêtaient devant cet arbre mystique et effectuaient trois tours autour de lui.
Ce rituel leur garantissait qu’où qu’ils meurent dans le monde, leur esprit reviendrait toujours sur la terre de leurs ancêtres.
Cet arbre — haut, généreux, debout depuis près de 200 ans — marquait l’une des dernières étapes avant le départ définitif vers la mer et la Porte du Non-Retour.
2. Historique et rôle du site
Origines et signification spirituelle
L’Arbre du Retour symbolisait la seule forme de continuité familiale et culturelle qu’il restait aux captifs.
Ses fonctions spirituelles étaient claires :
Rattacher l’âme des esclaves à leur terre d’origine
Leur garantir un retour posthume vers leur continent
Préserver une part de leur identité malgré la déportation
Les esclaves accomplissaient un rituel simple mais chargé de sens :
3 tours autour de l’arbre, après avoir quitté la Case Zomaï
Ce geste représentait une ultime protection face à un avenir entièrement contrôlé par leurs bourreaux.
Étape précédant le départ définitif
L’Arbre du Retour se situait juste avant la plage et la Porte du Non-Retour.
Après le rite :
Les captifs étaient conduits vers la côte
Puis embarqués pour un destin inconnu
Les récits rapportent que :
Certains mouraient en chemin et étaient jetés à la mer
D’autres arrivaient aux Amériques, condamnés à travailler dans les champs de coton, de riz ou de canne à sucre
Tous vivaient sous la menace constante du fouet
Cette étape était décrite comme un moment d’humanité arrachée à des êtres « en sursis ».
3. Organisation et patrimoine architectural
L’Arbre et son environnement
À proximité du mémorial situé sur la Route des Esclaves, l’arbre se dresse au centre d’une petite placette.
Il est présenté comme :
un arbre majestueux, âgé d’environ 200 ans ;
un témoin silencieux du passage de milliers de captifs ;
un lieu de mémoire où la spiritualité et l’histoire se rejoignent.
Aménagements mémoriels actuels
Le site autour de l’Arbre du Retour fait partie intégrante du parcours touristique et commémoratif.
Il permet aux visiteurs :
de comprendre la dimension spirituelle de la traite
de s’imprégner d’un lieu authentique encore chargé de symbolisme
de suivre la dernière partie du cheminement jusqu’à la mer
Ce lieu est souvent intégré aux cérémonies mémorielles organisées à Ouidah.
4. Valeur culturelle et symbolique
Un lieu d’espoir dans un parcours de désespoir
L’Arbre du Retour représente :
la ténacité spirituelle des captifs
leur volonté de rester liés à leurs ancêtres
leur foi en un retour symbolique malgré l’exil forcé
Il constitue une réponse spirituelle à l’effacement identitaire imposé par l’Arbre de l’Oubli.
Symbole de résilience et de transmission
L’arbre incarne :
la résistance culturelle face à la déportation
la mémoire éternelle de ceux qui n’ont jamais revu leur terre
un héritage essentiel pour la diaspora africaine
Il est aujourd’hui un lieu de recueillement, de réflexion et d’hommage universel.
5. 
• Le Voyage du Calao — Route des Esclaves de Ouidah, https://levoyageducalao.com/route-des-esclaves-de-ouidah/

=== SOURCES ===
• Ayiffa Tourisme — Histoire de la Porte du Non-Retour, https://ayiffatourisme.com/en/blog-lhistoire-de-la-porte-du-non-retour-a-ouidah",3508,558,135,11,3643,569,True,True,1,L’Arbre du Retour.jpg,Donnees_soutenance\Ouidah\Route des Esclaves\Arbre du Retour\arbre_du_retour.docx,Donnees_soutenance\Ouidah\Route des Esclaves\Arbre du Retour,Route des Esclaves/Arbre du Retour,"{'source_name': 'Ayiffa Tourisme', 'description': 'Histoire de la Porte du Non-Retour', 'url': 'https://ayiffatourisme.com/en/blog-lhistoire-de-la-porte-du-non-retour-a-ouidah', 'source_type': 'blog', 'raw_text': '• Ayiffa Tourisme — Histoire de la Porte du Non-Retour, https://ayiffatourisme.com/en/blog-lhistoire-de-la-porte-du-non-retour-a-ouidah'}",https://ayiffatourisme.com/en/blog-lhistoire-de-la-porte-du-non-retour-a-ouidah,L’Arbre du Retour.jpg
Ouidah,Route des Esclaves,Les cases Zomaï,Les_Cases_Zomaï_de_Ouidah.docx,Les Cases Zomaï de Ouidah,"Les Cases Zomaï de Ouidah
Ancien lieu de détention des captifs — Route des Esclaves, Ouidah
1. Résumé
Les Cases Zomaï — du fon « Zomayi » signifiant « que le feu ou la lumière ne s’y attarde pas » — étaient des cachots totalement obscurs et exigus où les esclaves étaient enfermés pendant 3 à 4 mois en attendant l’arrivée des navires négriers.
Dans ces pièces hermétiquement closes, les captifs vivaient dans des conditions inhumaines : obscurité totale, promiscuité extrême, nourriture rare, isolement complet.
L’objectif était de les désorienter, de briser toute tentative de fuite ou de rébellion, et de les préparer aux conditions terribles des cales des bateaux négriers.
Il ne reste plus aujourd’hui aucune de ces cases : elles ont été remplacées par trois sculptures symboliques qui rappellent les peuples capturés et la violence du système esclavagiste.
Le lieu constitue aujourd’hui une étape majeure de la Route des Esclaves, reconnue par l’UNESCO depuis 1994.
2. Historique et rôle du site
Un lieu d’enfermement absolu
Les Cases Zomaï se trouvaient à Zoungbodji, dernière étape avant la marche finale vers la mer.
Dès leur arrivée :
Les esclaves étaient enfermés dans une grande case hermétiquement close, totalement privée de lumière.
Ils ne sortaient que pour être conduits vers l’Arbre du Retour, puis vers la plage.
La séquestration absolue servait à :
les désorienter,
briser psychologiquement les captifs,
empêcher toute résistance,
les conditionner à la vie d’obscurité et de promiscuité des navires négriers.
Les survivants restaient dans ces cases trois à quatre mois, jusqu’à l’arrivée des bateaux européens.
Tri impitoyable : vivants et « inutiles »
Les Zomaï n’accueillaient que ceux jugés aptes à servir.
Les captifs considérés comme trop faibles, blessés ou « inutiles » étaient jetés dans la fosse commune voisine, parfois encore vivants.
Une étape-clé du processus de déportation
Les Cases Zomaï constituaient la troisième étape majeure de la Route des Esclaves :
Capture, tri et mise en vente
Passage dans les maisons de traite
Enfermement aux Cases Zomaï
Rites de l’Arbre de l’Oubli
Marche vers la plage de Zoungbodji
Embarquement à la Porte du Non-Retour
Ce lieu résume la dimension la plus sombre de la traite négrière : effacer l’identité avant l’exil forcé.
3. Organisation et patrimoine symbolique
Absence de vestiges, présence de sculptures
Les cases d’origine ont disparu.
Elles sont aujourd’hui remplacées par trois sculptures symboliques :
La sculpture centrale
Représente la carte du Bénin.
Porte des symboles que seuls les guides peuvent interpréter.
La grande tête en bas à droite
Symbole du peuple Yoruba (ancien royaume d’Oyo),
Migré vers la côte.
La grande tête en haut à droite
Représente les Xwedah / Xwlah, peuples adeptes du python royal de Ouidah.
Les petits T blancs à gauche
Représentent les peuples Fons issus des royaumes conquis par le Dahomey.
Les deux signes en forme de T, en haut à gauche
Symbolisent les peuples Peuls du Nord.
La balance à gauche
Symbole de l’injustice du système esclavagiste.
Les carreaux à droite
Représentent la prison et l’enfermement.
De chaque côté des sculptures, deux figures d’esclaves enchaînés rappellent la réalité de la tyrannie et de la violence du pouvoir royal entre les XVIIᵉ et XIXᵉ siècles.
Un site réhabilité et transformé en espace de mémoire
La Maison Zomaï fait partie d’un projet de réhabilitation initié par l’État béninois afin de transformer ce lieu de souffrance en :
espace de transmission,
lieu de recueillement,
outil pédagogique pour les visiteurs,
symbole de résilience et d’espoir.
4. Valeur culturelle et symbolique
Un lieu de mémoire universelle
Les Cases Zomaï incarnent :
la brutalité de l’enfermement préalable à la déportation,
l’organisation méthodique de la traite négrière,
la souffrance de milliers d’hommes, femmes et enfants,
un passage obligatoire sur la Route des Esclaves,
un silence historique que les mémoriaux tentent aujourd’hui de rendre visible.
Un symbole de résistance et de transmission
Le site rappelle autant :
la violence du système esclavagiste,
que la résilience des peuples déportés,
l’importance de conserver la mémoire pour les générations futures.
Les Cases Zomaï contribuent à l’identité mémorielle d’Ouidah, aux côtés de la Place Chacha, de l’Arbre de l’Oubli et de la Porte du Non-Retour.
5. 
• Ayiffa Tourisme — Visiter la Case Zomaï, https://www.ayiffatourisme.com/visiter-la-case-zomai.php
• Bénin Roots — La Maison Zomaï à Ouidah, https://beninroots.bj/blog/la-maison-zomai-a-ouidah","• Le Voyage du Calao — Route des Esclaves de Ouidah, https://levoyageducalao.com/route-des-esclaves-de-ouidah/",1,1,"Les Cases Zomaï de Ouidah
Ancien lieu de détention des captifs — Route des Esclaves, Ouidah
1. Résumé
Les Cases Zomaï — du fon « Zomayi » signifiant « que le feu ou la lumière ne s’y attarde pas » — étaient des cachots totalement obscurs et exigus où les esclaves étaient enfermés pendant 3 à 4 mois en attendant l’arrivée des navires négriers.
Dans ces pièces hermétiquement closes, les captifs vivaient dans des conditions inhumaines : obscurité totale, promiscuité extrême, nourriture rare, isolement complet.
L’objectif était de les désorienter, de briser toute tentative de fuite ou de rébellion, et de les préparer aux conditions terribles des cales des bateaux négriers.
Il ne reste plus aujourd’hui aucune de ces cases : elles ont été remplacées par trois sculptures symboliques qui rappellent les peuples capturés et la violence du système esclavagiste.
Le lieu constitue aujourd’hui une étape majeure de la Route des Esclaves, reconnue par l’UNESCO depuis 1994.
2. Historique et rôle du site
Un lieu d’enfermement absolu
Les Cases Zomaï se trouvaient à Zoungbodji, dernière étape avant la marche finale vers la mer.
Dès leur arrivée :
Les esclaves étaient enfermés dans une grande case hermétiquement close, totalement privée de lumière.
Ils ne sortaient que pour être conduits vers l’Arbre du Retour, puis vers la plage.
La séquestration absolue servait à :
les désorienter,
briser psychologiquement les captifs,
empêcher toute résistance,
les conditionner à la vie d’obscurité et de promiscuité des navires négriers.
Les survivants restaient dans ces cases trois à quatre mois, jusqu’à l’arrivée des bateaux européens.
Tri impitoyable : vivants et « inutiles »
Les Zomaï n’accueillaient que ceux jugés aptes à servir.
Les captifs considérés comme trop faibles, blessés ou « inutiles » étaient jetés dans la fosse commune voisine, parfois encore vivants.
Une étape-clé du processus de déportation
Les Cases Zomaï constituaient la troisième étape majeure de la Route des Esclaves :
Capture, tri et mise en vente
Passage dans les maisons de traite
Enfermement aux Cases Zomaï
Rites de l’Arbre de l’Oubli
Marche vers la plage de Zoungbodji
Embarquement à la Porte du Non-Retour
Ce lieu résume la dimension la plus sombre de la traite négrière : effacer l’identité avant l’exil forcé.
3. Organisation et patrimoine symbolique
Absence de vestiges, présence de sculptures
Les cases d’origine ont disparu.
Elles sont aujourd’hui remplacées par trois sculptures symboliques :
La sculpture centrale
Représente la carte du Bénin.
Porte des symboles que seuls les guides peuvent interpréter.
La grande tête en bas à droite
Symbole du peuple Yoruba (ancien royaume d’Oyo),
Migré vers la côte.
La grande tête en haut à droite
Représente les Xwedah / Xwlah, peuples adeptes du python royal de Ouidah.
Les petits T blancs à gauche
Représentent les peuples Fons issus des royaumes conquis par le Dahomey.
Les deux signes en forme de T, en haut à gauche
Symbolisent les peuples Peuls du Nord.
La balance à gauche
Symbole de l’injustice du système esclavagiste.
Les carreaux à droite
Représentent la prison et l’enfermement.
De chaque côté des sculptures, deux figures d’esclaves enchaînés rappellent la réalité de la tyrannie et de la violence du pouvoir royal entre les XVIIᵉ et XIXᵉ siècles.
Un site réhabilité et transformé en espace de mémoire
La Maison Zomaï fait partie d’un projet de réhabilitation initié par l’État béninois afin de transformer ce lieu de souffrance en :
espace de transmission,
lieu de recueillement,
outil pédagogique pour les visiteurs,
symbole de résilience et d’espoir.
4. Valeur culturelle et symbolique
Un lieu de mémoire universelle
Les Cases Zomaï incarnent :
la brutalité de l’enfermement préalable à la déportation,
l’organisation méthodique de la traite négrière,
la souffrance de milliers d’hommes, femmes et enfants,
un passage obligatoire sur la Route des Esclaves,
un silence historique que les mémoriaux tentent aujourd’hui de rendre visible.
Un symbole de résistance et de transmission
Le site rappelle autant :
la violence du système esclavagiste,
que la résilience des peuples déportés,
l’importance de conserver la mémoire pour les générations futures.
Les Cases Zomaï contribuent à l’identité mémorielle d’Ouidah, aux côtés de la Place Chacha, de l’Arbre de l’Oubli et de la Porte du Non-Retour.
5. 
• Ayiffa Tourisme — Visiter la Case Zomaï, https://www.ayiffatourisme.com/visiter-la-case-zomai.php
• Bénin Roots — La Maison Zomaï à Ouidah, https://beninroots.bj/blog/la-maison-zomai-a-ouidah

=== SOURCES ===
• Le Voyage du Calao — Route des Esclaves de Ouidah, https://levoyageducalao.com/route-des-esclaves-de-ouidah/",4534,706,110,12,4644,718,True,True,2,Les cases Zomaï de Ouidah.jpg|||Les cases Zomaï de Ouidah_1.jpg,Donnees_soutenance\Ouidah\Route des Esclaves\Les cases Zomaï\Les_Cases_Zomaï_de_Ouidah.docx,Donnees_soutenance\Ouidah\Route des Esclaves\Les cases Zomaï,Route des Esclaves/Les cases Zomaï,"{'source_name': 'Le Voyage du Calao', 'description': 'Route des Esclaves de Ouidah', 'url': 'https://levoyageducalao.com/route-des-esclaves-de-ouidah/', 'source_type': 'blog', 'raw_text': '• Le Voyage du Calao — Route des Esclaves de Ouidah, https://levoyageducalao.com/route-des-esclaves-de-ouidah/'}",https://levoyageducalao.com/route-des-esclaves-de-ouidah/,Les cases Zomaï de Ouidah.jpg | Les cases Zomaï de Ouidah_1.jpg
Ouidah,Route des Esclaves,Mémorial de Zoungbodji ou fosse commune,Mémorial_de_Zoungbodji.docx,Mémorial de Zoungbodji,"Mémorial de Zoungbodji / Fosse Commune
Lieu de mémoire – Ouidah, Côte du Bénin
1. Résumé
Le Mémorial de Zoungbodji, érigé lors du festival international Ouidah 92, occupe un emplacement chargé d’histoire : celui de la fosse commune où l’on jetait les esclaves morts ou agonisants, incapables de survivre à la marche ou aux conditions infernales imposées avant leur déportation.
Situé sur la Route des Esclaves, à proximité immédiate de la Porte du Non-Retour, le site est aujourd’hui l’un des plus puissants symboles de la traite négrière à Ouidah.
Transformé en un espace de recueillement et de transmission, le mémorial rend hommage aux millions de victimes du commerce transatlantique, invitant chaque visiteur à honorer leur dignité, leur souffrance, mais aussi leur résilience.
2. Historique et rôle du site
Origine du site : la fosse commune
Le site de Zoungbodji était, aux XVIIᵉ–XIXᵉ siècles, l’un des derniers lieux où passaient les captifs avant leur déportation.
Ceux qui ne supportaient pas les privations, la marche forcée ou l’enfermement dans les cases Zomaï étaient jetés dans une fosse commune, parfois encore vivants.
Zoungbodji fut ainsi un espace lié directement à la mort, à la désolation et à la brutalité du système négrier.
Ouidah 92 : naissance du mémorial
En 1992, lors du Premier Festival Mondial des Arts et Cultures Vodun (Ouidah 92), les autorités béninoises décidèrent d’y ériger un mémorial monumental.
L’objectif était double :
Institutionnaliser la mémoire de la traite négrière
Revaloriser le patrimoine historique et spirituel lié au Vodun et à la diaspora africaine
Le mémorial devint alors un point clé du parcours officiel de la Route des Esclaves, reconnu internationalement.
Un site ancré dans l’histoire de l’esclavage à Ouidah
Le Mémorial de Zoungbodji s’inscrit dans un réseau de lieux historiques comprenant :
La Place Chacha (lieu de vente)
Les maisons de traite
Les Cases Zomaï (enfermement)
L’Arbre de l’Oubli
Le Mémorial de Zoungbodji (fosse commune)
La Porte du Non-Retour (déportation)
Il représente ainsi l’une des dernières étapes vécues par les captifs sur leur terre natale.
3. Organisation et patrimoine architectural
Le Mur du Souvenir
Élément central du mémorial, ce mur haut de six mètres est orné de bas-reliefs retraçant différentes scènes liées à l’esclavage.
Chaque image est conçue pour provoquer réflexion, émotion et recueillement.
Les bas-reliefs évoquent :
les marches forcées,
les liens familiaux brisés,
les souffrances endurées,
et la mémoire indélébile laissée par ces événements.
Symboles environnants
Le site comprend plusieurs éléments hautement symboliques, parmi lesquels :
L’Arbre du Non-Retour, symbolisant la rupture définitive avec la terre natale
L’Arbre du Retour, qui rappelle qu’aucune séparation spirituelle n’est totale selon la tradition
Le sol sacré marquant l’emplacement de la fosse commune
Ces symboles forment un ensemble cohérent autour de la mémoire, de la douleur, mais aussi de la continuité spirituelle.
Un lieu de rites, de commémorations et d’enseignements
Aujourd’hui, le mémorial accueille :
des cérémonies commémoratives,
des visites guidées historiques,
des événements liés au Vodun et à la diaspora.
Il est conçu comme un espace ouvert à la méditation, à la transmission culturelle et à l’éducation des générations futures.
4. Valeur culturelle et symbolique
Un sanctuaire de mémoire universelle
Le Mémorial de Zoungbodji incarne :
la violence extrême du système esclavagiste,
le destin tragique de milliers de captifs,
la nécessité de préserver et de transmettre cette histoire.
Il rappelle le rôle majeur d’Ouidah comme port de déportation et porte une charge émotionnelle particulière, enracinée dans le sol et les souvenirs.
Un lieu de résilience et d’espoir
Au-delà de la souffrance, le mémorial célèbre :
la résistance des peuples déportés,
la force spirituelle portée par le Vodun,
le lien indestructible entre l’Afrique et ses diasporas.
Pour les visiteurs, c’est un lieu d’introspection profonde et de conscience historique.
Un pilier du patrimoine béninois
En tant que site majeur de la Route des Esclaves, Zoungbodji :
renforce l’identité culturelle du Bénin,
nourrit la mémoire collective,
et constitue un élément fondamental du tourisme mémoriel.
5. 
• Benin Roots — Le Mémorial de Zoungbodji à Ouidah, https://beninroots.bj/blog/le-memorial-de-zoungbodji-a-ouidah-le-sanctuaire-de-memoire-au-coeur-du-benin","• Mairie de Ouidah — Mémorial de Zoungbodji, https://ouidah.mairie.bj/site-touristique/le-memorial-de-zoungbodji",1,1,"Mémorial de Zoungbodji / Fosse Commune
Lieu de mémoire – Ouidah, Côte du Bénin
1. Résumé
Le Mémorial de Zoungbodji, érigé lors du festival international Ouidah 92, occupe un emplacement chargé d’histoire : celui de la fosse commune où l’on jetait les esclaves morts ou agonisants, incapables de survivre à la marche ou aux conditions infernales imposées avant leur déportation.
Situé sur la Route des Esclaves, à proximité immédiate de la Porte du Non-Retour, le site est aujourd’hui l’un des plus puissants symboles de la traite négrière à Ouidah.
Transformé en un espace de recueillement et de transmission, le mémorial rend hommage aux millions de victimes du commerce transatlantique, invitant chaque visiteur à honorer leur dignité, leur souffrance, mais aussi leur résilience.
2. Historique et rôle du site
Origine du site : la fosse commune
Le site de Zoungbodji était, aux XVIIᵉ–XIXᵉ siècles, l’un des derniers lieux où passaient les captifs avant leur déportation.
Ceux qui ne supportaient pas les privations, la marche forcée ou l’enfermement dans les cases Zomaï étaient jetés dans une fosse commune, parfois encore vivants.
Zoungbodji fut ainsi un espace lié directement à la mort, à la désolation et à la brutalité du système négrier.
Ouidah 92 : naissance du mémorial
En 1992, lors du Premier Festival Mondial des Arts et Cultures Vodun (Ouidah 92), les autorités béninoises décidèrent d’y ériger un mémorial monumental.
L’objectif était double :
Institutionnaliser la mémoire de la traite négrière
Revaloriser le patrimoine historique et spirituel lié au Vodun et à la diaspora africaine
Le mémorial devint alors un point clé du parcours officiel de la Route des Esclaves, reconnu internationalement.
Un site ancré dans l’histoire de l’esclavage à Ouidah
Le Mémorial de Zoungbodji s’inscrit dans un réseau de lieux historiques comprenant :
La Place Chacha (lieu de vente)
Les maisons de traite
Les Cases Zomaï (enfermement)
L’Arbre de l’Oubli
Le Mémorial de Zoungbodji (fosse commune)
La Porte du Non-Retour (déportation)
Il représente ainsi l’une des dernières étapes vécues par les captifs sur leur terre natale.
3. Organisation et patrimoine architectural
Le Mur du Souvenir
Élément central du mémorial, ce mur haut de six mètres est orné de bas-reliefs retraçant différentes scènes liées à l’esclavage.
Chaque image est conçue pour provoquer réflexion, émotion et recueillement.
Les bas-reliefs évoquent :
les marches forcées,
les liens familiaux brisés,
les souffrances endurées,
et la mémoire indélébile laissée par ces événements.
Symboles environnants
Le site comprend plusieurs éléments hautement symboliques, parmi lesquels :
L’Arbre du Non-Retour, symbolisant la rupture définitive avec la terre natale
L’Arbre du Retour, qui rappelle qu’aucune séparation spirituelle n’est totale selon la tradition
Le sol sacré marquant l’emplacement de la fosse commune
Ces symboles forment un ensemble cohérent autour de la mémoire, de la douleur, mais aussi de la continuité spirituelle.
Un lieu de rites, de commémorations et d’enseignements
Aujourd’hui, le mémorial accueille :
des cérémonies commémoratives,
des visites guidées historiques,
des événements liés au Vodun et à la diaspora.
Il est conçu comme un espace ouvert à la méditation, à la transmission culturelle et à l’éducation des générations futures.
4. Valeur culturelle et symbolique
Un sanctuaire de mémoire universelle
Le Mémorial de Zoungbodji incarne :
la violence extrême du système esclavagiste,
le destin tragique de milliers de captifs,
la nécessité de préserver et de transmettre cette histoire.
Il rappelle le rôle majeur d’Ouidah comme port de déportation et porte une charge émotionnelle particulière, enracinée dans le sol et les souvenirs.
Un lieu de résilience et d’espoir
Au-delà de la souffrance, le mémorial célèbre :
la résistance des peuples déportés,
la force spirituelle portée par le Vodun,
le lien indestructible entre l’Afrique et ses diasporas.
Pour les visiteurs, c’est un lieu d’introspection profonde et de conscience historique.
Un pilier du patrimoine béninois
En tant que site majeur de la Route des Esclaves, Zoungbodji :
renforce l’identité culturelle du Bénin,
nourrit la mémoire collective,
et constitue un élément fondamental du tourisme mémoriel.
5. 
• Benin Roots — Le Mémorial de Zoungbodji à Ouidah, https://beninroots.bj/blog/le-memorial-de-zoungbodji-a-ouidah-le-sanctuaire-de-memoire-au-coeur-du-benin

=== SOURCES ===
• Mairie de Ouidah — Mémorial de Zoungbodji, https://ouidah.mairie.bj/site-touristique/le-memorial-de-zoungbodji",4425,662,112,9,4537,671,True,True,2,Mémorial de Zoungbodji ou fosse commune.jpg|||Mémorial de Zoungbodji.jpg,Donnees_soutenance\Ouidah\Route des Esclaves\Mémorial de Zoungbodji ou fosse commune\Mémorial_de_Zoungbodji.docx,Donnees_soutenance\Ouidah\Route des Esclaves\Mémorial de Zoungbodji ou fosse commune,Route des Esclaves/Mémorial de Zoungbodji ou fosse commune,"{'source_name': 'Mairie de Ouidah', 'description': 'Mémorial de Zoungbodji', 'url': 'https://ouidah.mairie.bj/site-touristique/le-memorial-de-zoungbodji', 'source_type': 'autre', 'raw_text': '• Mairie de Ouidah — Mémorial de Zoungbodji, https://ouidah.mairie.bj/site-touristique/le-memorial-de-zoungbodji'}",https://ouidah.mairie.bj/site-touristique/le-memorial-de-zoungbodji,Mémorial de Zoungbodji ou fosse commune.jpg | Mémorial de Zoungbodji.jpg
Ouidah,Route des Esclaves,Place Chacha ou Place des Enchères,Place_des_Enchères_ou_place_chacha.docx,Place des Enchères ou place chacha,"Place des Enchères / Place Chacha
Ancien marché aux esclaves – Ouidah, Côte du Bénin
1. Résumé
La Place des Enchères, aujourd’hui connue sous le nom de Place Chacha, est l’un des lieux les plus emblématiques de la traite négrière à Ouidah.
C’est ici, au XVIIIᵉ et XIXᵉ siècles, que se tenaient les enchères publiques où des hommes, des femmes et des enfants — prisonniers de guerre, victimes de razzias ou condamnés selon les lois locales — étaient échangés contre des marchandises européennes de faible valeur.
Le site doit son nom à Don Francisco de Souza, négociant afro-brésilien influent, surnommé Cha Cha (« vite vite » en fon gbé), qui devint l’intermédiaire privilégié entre les rois du Dahomey et les marchands européens.
Aujourd’hui, la place est devenue un espace mémoriel majeur, point de départ symbolique de la Route des Esclaves.
2. Historique et rôle du site
Origines et fonction commerciale
Au XVIIIᵉ siècle, la Place des Enchères était le cœur du commerce triangulaire à Ouidah.
Africains et Européens y échangeaient des marchandises :
Les Européens (Français, Portugais, Anglais, Hollandais, Danois) apportaient :
produits manufacturés, armes, alcool, tissus, pipes…
Les rois du Dahomey fournissaient :
des esclaves capturés lors de conquêtes, razzias ou condamnés selon les coutumes locales.
Les captifs étaient présentés au public, examinés et vendus comme des objets d’échange.
Les « prix » aux enchères
Les récits historiques rapportent des équivalences atroces qui illustrent la logique marchande de l’époque :
1 pipe = 5 esclaves
1 bouteille d’alcool = 10 esclaves
1 canon = 15 hommes valides ou 21 femmes
Les transactions pouvaient également impliquer des armes, de la poudre, des tissus ou d’autres objets de pacotille considérés comme précieux dans le commerce atlantique.
Rôle de Francisco de Souza (Cha Cha)
La place porte aujourd’hui le nom de Don Francisco Félix de Souza, personnage clé de l’histoire de Ouidah :
Négociant afro-brésilien très influent
Représentant du roi auprès des Européens
Intermédiaire essentiel entre les comptoirs et le pouvoir royal
Ancêtre présumé de la grande famille Souza au Bénin
Son surnom, Cha Cha (« vite vite »), viendrait de sa manière expéditive de gérer les transactions.
Début de la Route des Esclaves
La Place Chacha constitue la première étape du parcours que parcouraient les captifs avant leur déportation :
Vente et tri
Passage dans les maisons de traite
Enfermement à la Case Zomaï
Rites de l’Arbre de l’Oubli
Marche jusqu’à la plage
Embarquement à la Porte du Non-Retour
Ainsi, la place est le point zéro du processus de déportation.
3. Organisation et patrimoine architectural
Vestiges et mémorialisation
Aujourd’hui, il ne reste qu’une petite place, mais elle constitue un site mémoriel majeur, marqué par :
Une place ouverte avec un arbre historique sous lequel se déroulaient les enchères publiques.
Des plaques, inscriptions et marqueurs rappelant les ventes.
Des maisons coloniales et afro-brésiliennes aux abords, témoins du passage de De Souza et des négociants.
La reconstitution de la criée comme symbole d’un passé traumatique.
Activités rituelles et commémoratives
La place accueille aujourd’hui :
Des cérémonies de mémoire
Des visites guidées historiques
Des étapes symboliques lors des Vodun Days ou commémorations UNESCO
Elle demeure un espace où l’histoire se mêle à la spiritualité et à la réflexion.
4. Valeur culturelle et symbolique
Un lieu de mémoire universelle
La Place Chacha représente :
La violence commerciale de la traite
Le rôle central d’Ouidah dans le commerce atlantique
Le point de départ d’un exil sans retour pour des milliers de captifs
La mémoire collective de la diaspora africaine
Elle rappelle que le commerce humain était organisé, codifié, et profondément intégré dans les échanges globaux.
Identité locale et héritages culturels
Ce site est aussi un marqueur de :
La présence afro-brésilienne à Ouidah
L’influence architecturale et culturelle des communautés agoudas
Le syncrétisme entre traditions béninoises et influences étrangères
La Place Chacha demeure un symbole fort de l’histoire de Ouidah et un élément central du tourisme mémoriel au Bénin.
5. 
• Le Voyage du Calao — Route des Esclaves de Ouidah, https://levoyageducalao.com/route-des-esclaves-de-ouidah/
• Ayiffa Tourisme — Sites touristiques à Ouidah, https://ayiffatourisme.com/en/blog-benin-les-sites-touristiques-a-ouidah","• Ayiffa Tourisme — Histoire de la Porte du Non-Retour, https://ayiffatourisme.com/en/blog-lhistoire-de-la-porte-du-non-retour-a-ouidah",1,1,"Place des Enchères / Place Chacha
Ancien marché aux esclaves – Ouidah, Côte du Bénin
1. Résumé
La Place des Enchères, aujourd’hui connue sous le nom de Place Chacha, est l’un des lieux les plus emblématiques de la traite négrière à Ouidah.
C’est ici, au XVIIIᵉ et XIXᵉ siècles, que se tenaient les enchères publiques où des hommes, des femmes et des enfants — prisonniers de guerre, victimes de razzias ou condamnés selon les lois locales — étaient échangés contre des marchandises européennes de faible valeur.
Le site doit son nom à Don Francisco de Souza, négociant afro-brésilien influent, surnommé Cha Cha (« vite vite » en fon gbé), qui devint l’intermédiaire privilégié entre les rois du Dahomey et les marchands européens.
Aujourd’hui, la place est devenue un espace mémoriel majeur, point de départ symbolique de la Route des Esclaves.
2. Historique et rôle du site
Origines et fonction commerciale
Au XVIIIᵉ siècle, la Place des Enchères était le cœur du commerce triangulaire à Ouidah.
Africains et Européens y échangeaient des marchandises :
Les Européens (Français, Portugais, Anglais, Hollandais, Danois) apportaient :
produits manufacturés, armes, alcool, tissus, pipes…
Les rois du Dahomey fournissaient :
des esclaves capturés lors de conquêtes, razzias ou condamnés selon les coutumes locales.
Les captifs étaient présentés au public, examinés et vendus comme des objets d’échange.
Les « prix » aux enchères
Les récits historiques rapportent des équivalences atroces qui illustrent la logique marchande de l’époque :
1 pipe = 5 esclaves
1 bouteille d’alcool = 10 esclaves
1 canon = 15 hommes valides ou 21 femmes
Les transactions pouvaient également impliquer des armes, de la poudre, des tissus ou d’autres objets de pacotille considérés comme précieux dans le commerce atlantique.
Rôle de Francisco de Souza (Cha Cha)
La place porte aujourd’hui le nom de Don Francisco Félix de Souza, personnage clé de l’histoire de Ouidah :
Négociant afro-brésilien très influent
Représentant du roi auprès des Européens
Intermédiaire essentiel entre les comptoirs et le pouvoir royal
Ancêtre présumé de la grande famille Souza au Bénin
Son surnom, Cha Cha (« vite vite »), viendrait de sa manière expéditive de gérer les transactions.
Début de la Route des Esclaves
La Place Chacha constitue la première étape du parcours que parcouraient les captifs avant leur déportation :
Vente et tri
Passage dans les maisons de traite
Enfermement à la Case Zomaï
Rites de l’Arbre de l’Oubli
Marche jusqu’à la plage
Embarquement à la Porte du Non-Retour
Ainsi, la place est le point zéro du processus de déportation.
3. Organisation et patrimoine architectural
Vestiges et mémorialisation
Aujourd’hui, il ne reste qu’une petite place, mais elle constitue un site mémoriel majeur, marqué par :
Une place ouverte avec un arbre historique sous lequel se déroulaient les enchères publiques.
Des plaques, inscriptions et marqueurs rappelant les ventes.
Des maisons coloniales et afro-brésiliennes aux abords, témoins du passage de De Souza et des négociants.
La reconstitution de la criée comme symbole d’un passé traumatique.
Activités rituelles et commémoratives
La place accueille aujourd’hui :
Des cérémonies de mémoire
Des visites guidées historiques
Des étapes symboliques lors des Vodun Days ou commémorations UNESCO
Elle demeure un espace où l’histoire se mêle à la spiritualité et à la réflexion.
4. Valeur culturelle et symbolique
Un lieu de mémoire universelle
La Place Chacha représente :
La violence commerciale de la traite
Le rôle central d’Ouidah dans le commerce atlantique
Le point de départ d’un exil sans retour pour des milliers de captifs
La mémoire collective de la diaspora africaine
Elle rappelle que le commerce humain était organisé, codifié, et profondément intégré dans les échanges globaux.
Identité locale et héritages culturels
Ce site est aussi un marqueur de :
La présence afro-brésilienne à Ouidah
L’influence architecturale et culturelle des communautés agoudas
Le syncrétisme entre traditions béninoises et influences étrangères
La Place Chacha demeure un symbole fort de l’histoire de Ouidah et un élément central du tourisme mémoriel au Bénin.
5. 
• Le Voyage du Calao — Route des Esclaves de Ouidah, https://levoyageducalao.com/route-des-esclaves-de-ouidah/
• Ayiffa Tourisme — Sites touristiques à Ouidah, https://ayiffatourisme.com/en/blog-benin-les-sites-touristiques-a-ouidah

=== SOURCES ===
• Ayiffa Tourisme — Histoire de la Porte du Non-Retour, https://ayiffatourisme.com/en/blog-lhistoire-de-la-porte-du-non-retour-a-ouidah",4408,674,135,11,4543,685,True,True,1,"La place des enchères, place CHACHA.jpg",Donnees_soutenance\Ouidah\Route des Esclaves\Place Chacha ou Place des Enchères\Place_des_Enchères_ou_place_chacha.docx,Donnees_soutenance\Ouidah\Route des Esclaves\Place Chacha ou Place des Enchères,Route des Esclaves/Place Chacha ou Place des Enchères,"{'source_name': 'Ayiffa Tourisme', 'description': 'Histoire de la Porte du Non-Retour', 'url': 'https://ayiffatourisme.com/en/blog-lhistoire-de-la-porte-du-non-retour-a-ouidah', 'source_type': 'blog', 'raw_text': '• Ayiffa Tourisme — Histoire de la Porte du Non-Retour, https://ayiffatourisme.com/en/blog-lhistoire-de-la-porte-du-non-retour-a-ouidah'}",https://ayiffatourisme.com/en/blog-lhistoire-de-la-porte-du-non-retour-a-ouidah,"La place des enchères, place CHACHA.jpg"
Ouidah,Route des Esclaves,Porte du Non-Retour,Porte_du_Non_Retour.docx,Porte du Non Retour,"Porte du Non-Retour
Mémorial de la traite négrière – Ouidah, Côte du Bénin
1. Résumé
La Porte du Non-Retour, inaugurée en 1995 à Ouidah, est l’un des sites les plus emblématiques de la traite négrière transatlantique. Elle marque la dernière étape de la Route des Esclaves, là où des centaines de milliers d’Africains, arrachés à leur terre natale, embarquaient pour des destinations inconnues, souvent vers le Brésil, Haïti ou les Caraïbes.
Érigée en mémoire des victimes, la Porte symbolise l’adieu définitif à l’Afrique et la rupture irréversible avec leur identité et leur foyer. Elle se situe sur la plage au sud de la ville, terminus de la Route des Esclaves qui partait du marché aux enchères de la Place Chacha.
2. Historique et rôle du site
Origine et création
Entre le XVIIᵉ et le XIXᵉ siècle, Ouidah fut l’un des ports majeurs de déportation d’esclaves en Afrique de l’Ouest, avec plus d’un million de personnes embarquées de force. Les captifs étaient enchaînés et escortés depuis le marché aux esclaves jusqu’à la côte, où de petites pirogues les conduisaient vers les navires négriers. La mer peu profonde obligeait ce transfert et offrait parfois aux captifs l’ultime possibilité tragique de se jeter à l’eau plutôt que d’affronter leur destin.
En 1990, le gouvernement béninois, avec le soutien de l’UNESCO, lança le projet Route de l’Esclave, visant à commémorer cette histoire. La Porte du Non-Retour, construite en 1995 par l’architecte béninois Fortuné Bandeira, devint le point culminant de ce projet, matérialisant le dernier passage des captifs vers l’autre monde.
La Route des Esclaves
Le parcours des captifs comprenait plusieurs étapes :
Vente et tri à la Place Chacha
Passage dans les maisons de traite et enfermement dans les Cases Zomaï
Rites à l’Arbre de l’Oubli
Marche jusqu’à la plage
Passage devant le Mémorial de Zoungbodji
Embarquement à la Porte du Non-Retour
Cette séquence rappelle l’atrocité organisée du système esclavagiste et le contrôle strict exercé sur les captifs.
3. Organisation et patrimoine architectural
Architecture et fresques
La Porte se présente comme une arche monumentale en béton, orientée vers la mer, avec des bas-reliefs représentant des hommes, femmes et enfants enchaînés.
À l’intérieur, la fresque montre des captifs marchant vers la mer, où un navire les attend.
Du côté mer, un arbre solitaire symbolise la terre natale qu’ils ne reverraient jamais.
Autour de la Porte, plusieurs sculptures et stèles commémoratives ajoutent une dimension artistique et symbolique :
Chaîne de l’Esclave (Dominique Kouas) : une famille enchaînée, entrelaçant douleur et dignité.
Esprit des Ancêtres (Yves Apollinaire Pèdé) : figure stylisée en pierre et métal, symbolisant la connexion entre vivants et morts et l’importance des cultes vaudou.
Mémorial de la Réconciliation : statues anonymes en terre cuite représentant la souffrance universelle et l’effacement identitaire.
Mémorial du Repentir : stèle en granit noir listant les principaux ports négriers et honorant la résistance africaine.
Porteuse d’Eau : bronze représentant la résilience des femmes et la continuité culturelle malgré la traite.
Mémorial des Martyrs (Zomai) : statues en bois sculpté rendant hommage aux héros locaux ayant résisté à l’esclavage.
Symbolisme
Les chaînes représentent l’asservissement physique.
Les silhouettes anonymes incarnent la perte d’identité.
Les postures de prière ou de résistance évoquent l’espoir et la résilience.
Les matériaux (bronze, terre cuite, bois) reflètent l’artisanat local et la continuité culturelle.
Le site constitue ainsi un espace à la fois historique, spirituel et artistique, invitant à la réflexion sur la mémoire et la réparation.
4. Valeur culturelle et symbolique
Un lieu de mémoire universelle
La Porte du Non-Retour rappelle :
la violence et l’inhumanité de la traite négrière,
l’ampleur du rôle d’Ouidah comme port de déportation,
la perte irrémédiable pour des centaines de milliers d’Africains,
et la mémoire collective de la diaspora africaine.
Résilience et réconciliation
Au-delà de la douleur, le site symbolise :
la continuité culturelle et spirituelle malgré la déportation,
la résilience des communautés locales,
le dialogue entre l’Afrique et sa diaspora, notamment célébré lors d’événements comme le festival Ouidah 92.
La Porte invite chaque visiteur à un voyage intérieur, transformant l’expérience historique en leçon d’humanité et de mémoire vivante.
5. 
• Le Voyage du Calao — Route des Esclaves de Ouidah, https://levoyageducalao.com/route-des-esclaves-de-ouidah/
• Voyage Avec Nous — La Route des Esclaves à Ouidah, https://voyageavecnous.com/ouidah-region-atlantique-benin/","• Ayiffa Tourisme — Histoire de la Porte du Non-Retour, https://ayiffatourisme.com/en/blog-lhistoire-de-la-porte-du-non-retour-a-ouidah",1,1,"Porte du Non-Retour
Mémorial de la traite négrière – Ouidah, Côte du Bénin
1. Résumé
La Porte du Non-Retour, inaugurée en 1995 à Ouidah, est l’un des sites les plus emblématiques de la traite négrière transatlantique. Elle marque la dernière étape de la Route des Esclaves, là où des centaines de milliers d’Africains, arrachés à leur terre natale, embarquaient pour des destinations inconnues, souvent vers le Brésil, Haïti ou les Caraïbes.
Érigée en mémoire des victimes, la Porte symbolise l’adieu définitif à l’Afrique et la rupture irréversible avec leur identité et leur foyer. Elle se situe sur la plage au sud de la ville, terminus de la Route des Esclaves qui partait du marché aux enchères de la Place Chacha.
2. Historique et rôle du site
Origine et création
Entre le XVIIᵉ et le XIXᵉ siècle, Ouidah fut l’un des ports majeurs de déportation d’esclaves en Afrique de l’Ouest, avec plus d’un million de personnes embarquées de force. Les captifs étaient enchaînés et escortés depuis le marché aux esclaves jusqu’à la côte, où de petites pirogues les conduisaient vers les navires négriers. La mer peu profonde obligeait ce transfert et offrait parfois aux captifs l’ultime possibilité tragique de se jeter à l’eau plutôt que d’affronter leur destin.
En 1990, le gouvernement béninois, avec le soutien de l’UNESCO, lança le projet Route de l’Esclave, visant à commémorer cette histoire. La Porte du Non-Retour, construite en 1995 par l’architecte béninois Fortuné Bandeira, devint le point culminant de ce projet, matérialisant le dernier passage des captifs vers l’autre monde.
La Route des Esclaves
Le parcours des captifs comprenait plusieurs étapes :
Vente et tri à la Place Chacha
Passage dans les maisons de traite et enfermement dans les Cases Zomaï
Rites à l’Arbre de l’Oubli
Marche jusqu’à la plage
Passage devant le Mémorial de Zoungbodji
Embarquement à la Porte du Non-Retour
Cette séquence rappelle l’atrocité organisée du système esclavagiste et le contrôle strict exercé sur les captifs.
3. Organisation et patrimoine architectural
Architecture et fresques
La Porte se présente comme une arche monumentale en béton, orientée vers la mer, avec des bas-reliefs représentant des hommes, femmes et enfants enchaînés.
À l’intérieur, la fresque montre des captifs marchant vers la mer, où un navire les attend.
Du côté mer, un arbre solitaire symbolise la terre natale qu’ils ne reverraient jamais.
Autour de la Porte, plusieurs sculptures et stèles commémoratives ajoutent une dimension artistique et symbolique :
Chaîne de l’Esclave (Dominique Kouas) : une famille enchaînée, entrelaçant douleur et dignité.
Esprit des Ancêtres (Yves Apollinaire Pèdé) : figure stylisée en pierre et métal, symbolisant la connexion entre vivants et morts et l’importance des cultes vaudou.
Mémorial de la Réconciliation : statues anonymes en terre cuite représentant la souffrance universelle et l’effacement identitaire.
Mémorial du Repentir : stèle en granit noir listant les principaux ports négriers et honorant la résistance africaine.
Porteuse d’Eau : bronze représentant la résilience des femmes et la continuité culturelle malgré la traite.
Mémorial des Martyrs (Zomai) : statues en bois sculpté rendant hommage aux héros locaux ayant résisté à l’esclavage.
Symbolisme
Les chaînes représentent l’asservissement physique.
Les silhouettes anonymes incarnent la perte d’identité.
Les postures de prière ou de résistance évoquent l’espoir et la résilience.
Les matériaux (bronze, terre cuite, bois) reflètent l’artisanat local et la continuité culturelle.
Le site constitue ainsi un espace à la fois historique, spirituel et artistique, invitant à la réflexion sur la mémoire et la réparation.
4. Valeur culturelle et symbolique
Un lieu de mémoire universelle
La Porte du Non-Retour rappelle :
la violence et l’inhumanité de la traite négrière,
l’ampleur du rôle d’Ouidah comme port de déportation,
la perte irrémédiable pour des centaines de milliers d’Africains,
et la mémoire collective de la diaspora africaine.
Résilience et réconciliation
Au-delà de la douleur, le site symbolise :
la continuité culturelle et spirituelle malgré la déportation,
la résilience des communautés locales,
le dialogue entre l’Afrique et sa diaspora, notamment célébré lors d’événements comme le festival Ouidah 92.
La Porte invite chaque visiteur à un voyage intérieur, transformant l’expérience historique en leçon d’humanité et de mémoire vivante.
5. 
• Le Voyage du Calao — Route des Esclaves de Ouidah, https://levoyageducalao.com/route-des-esclaves-de-ouidah/
• Voyage Avec Nous — La Route des Esclaves à Ouidah, https://voyageavecnous.com/ouidah-region-atlantique-benin/

=== SOURCES ===
• Ayiffa Tourisme — Histoire de la Porte du Non-Retour, https://ayiffatourisme.com/en/blog-lhistoire-de-la-porte-du-non-retour-a-ouidah",4666,703,135,11,4801,714,True,True,3,la porte de Non-Retour ouidah.jpg|||la porte de Non-Retour.jpg|||porte de Non-Retour ouidah.jpg,Donnees_soutenance\Ouidah\Route des Esclaves\Porte du Non-Retour\Porte_du_Non_Retour.docx,Donnees_soutenance\Ouidah\Route des Esclaves\Porte du Non-Retour,Route des Esclaves/Porte du Non-Retour,"{'source_name': 'Ayiffa Tourisme', 'description': 'Histoire de la Porte du Non-Retour', 'url': 'https://ayiffatourisme.com/en/blog-lhistoire-de-la-porte-du-non-retour-a-ouidah', 'source_type': 'blog', 'raw_text': '• Ayiffa Tourisme — Histoire de la Porte du Non-Retour, https://ayiffatourisme.com/en/blog-lhistoire-de-la-porte-du-non-retour-a-ouidah'}",https://ayiffatourisme.com/en/blog-lhistoire-de-la-porte-du-non-retour-a-ouidah,la porte de Non-Retour ouidah.jpg | la porte de Non-Retour.jpg | porte de Non-Retour ouidah.jpg
Porto Novo,Présentation de Porto-Novo,Présentation_Porto-Novo.docx,Présentation_Porto-Novo.docx,Présentation Porto-Novo,"Porto-Novo
Capitale officielle du Bénin – Ville historique, culturelle et administrative
1. Résumé
Porto-Novo, officiellement capitale du Bénin, est située au sud-est du pays, à 30 km de Cotonou et à 12 km de la frontière nigériane. Établie entre lagune et terre ferme, elle se trouve à proximité du lac Nokoué et du fleuve Ouémé, dans une région de plaines côtières, de marécages et de zones inondables. Fondée au XVIᵉ siècle par des princes Aja, la ville fut d’abord connue sous les noms de Hogbonu (Aja, Fon, Goun) et Adjatchê (Yoruba). En 1730, le Portugais Eucaristo de Campos lui donna le nom de Porto-Novo, en raison de sa ressemblance avec la ville portugaise de Porto ou, selon une autre interprétation, parce qu’elle devint un « nouveau port » dédié à la traite négrière.
Porto-Novo est aujourd’hui un centre culturel, politique et administratif majeur. Connue comme « la ville aux trois noms », elle reflète un mélange unique d’influences fon, yoruba, afro-brésiliennes et coloniales. La ville se caractérise par sa convivialité, ses traditions musicales, son syncrétisme religieux et une identité façonnée par des siècles d’échanges, de royaumes et d’histoire coloniale.
2. Historique et rôle du site
Origines et fondation
La tradition orale évoque trois chasseurs yoruba comme fondateurs originels, mais les historiens s’accordent pour situer la véritable naissance de Porto-Novo au XVIᵉ siècle, lorsque des princes Aja du royaume Ardra établissent un nouveau centre dans une zone habitée par des pêcheurs tofinnu, au bord du lac Nokoué. Après la chute d’Allada en 1724 face au royaume d’Abomey, un nouveau royaume s’organise autour de Hogbonu, gouverné par la dynastie d’Allada réfugiée.
Le royaume de Porto-Novo s’impose progressivement comme l’héritier politique d’Allada. Les récits restent cependant flous, car essentiellement fondés sur des traditions orales collectées tardivement (fin XIXᵉ siècle).
Toponymie
• Hogbonu (Aja / Fon / Goun)
• Adjatchê (Yoruba)
• Porto-Novo : nom donné en 1730 par Eucaristo de Campos en raison d’une ressemblance avec Porto, ou pour désigner un port alternatif à la traite d’Ouidah.
Développement précolonial
Du XVIIIᵉ au XIXᵉ siècle, Porto-Novo connaît une forte croissance grâce à sa proximité avec l’océan et son rôle de port de commerce. La ville devient un débouché pour l’Empire d’Oyo et un centre important pour la traite négrière transatlantique, attirant Portugais, Anglais, Français et Hollandais.
La population passe à environ 15 000 habitants à la fin du XIXᵉ siècle, marquant une forte densité pour l’époque.
Colonisation et statut administratif
• 1863 : Le roi Sodji signe un premier traité de protectorat français.
• 1882 : Traité de protectorat renforcé sous le roi Toffa 1ᵉʳ → installation officielle de l’administration française.
• 1894 : Création de la colonie du Dahomey → Porto-Novo devient capitale coloniale.
Après l’indépendance du Bénin (1960), la ville conserve son statut de capitale officielle, bien que la plupart des ministères soient installés à Cotonou.
Héritage politique et institutions
Porto-Novo abrite plusieurs institutions emblématiques :
• Assemblée Nationale (Palais des Gouverneurs) – lieu de la proclamation de l’indépendance
• Cour suprême
• Médiateur de la République
• CRIET
• Archives Nationales & Bibliothèque Nationale
3. Organisation du territoire, population et culture
Géographie
• Située à 13 km de l’océan Atlantique, séparée par une lagune
• Altitude : environ 245 m
• Superficie : 52 km²
• Limitrophes :
Akpro-Missérété, Avrankou, Adjarra (N), Sèmè-Kpodji (S), Adjarra (E), Aguégués (O)
Population
• Environ 300 000 habitants en 2022
• Majorité : Goun et Yoruba (≈80 %)
• Autres ethnies : Aja, Toffin, Mina, Sèto, Tori, Dendi, Lokpa…
• Langues : français (officiel), goun, yoruba, fon
La langue principale, le Goungbé, est décrite comme vive, taquine, pleine d’humour et structurante dans le caractère impulsif mais non rancunier des Porto-Noviennes et Porto-Noviennes.
Vie locale et identité
Porto-Novo est décrite comme un « pays » à part entière, réputé pour :
• sa convivialité et l’importance des boissons locales (sodabi)
• sa cuisine (porc grillé épicé…)
• son humour, ses moqueries et son sens de la fête
• sa diversité vestimentaire (agbada/atcho oké, chapeau gobi, pagne tissé, guélé…)
• ses rythmes : AkoNhoun, Adjogan, Kaka, Djègbé, Eyo, Massègohoun…
• ses groupes artistiques (Ballet de la capitale, Ashakata)
Religion & pratiques spirituelles
Ville très cosmopolite, Porto-Novo présente une forte diversité religieuse :
• Christianisme (églises historiques)
• Islam (mosquée afro-brésilienne)
• Vodoun : Zangbéto (berceau du culte), Oro, Kuvito (Egungun) et leurs rythmes (Talking drum, Aya, Iya ilou…)
Personnalités marquantes
La ville a vu naître ou vivre de grandes figures :
Paul Hazoumé, Marc Tovalou Quenum, Samuel B.J. Oshoffa, Sourou Migan Apithy, Adrien Houngbédji, Solange Faladé, Paulin Soumanou Vieyra, Colette Houeto, Habib Dakpogan, Alougbine Dine, Adelaïde Fassinou, Agnès Agboton, Dehoumon Adjagnon (Baba Yabo), etc.
4. Économie et développement urbain
Économie traditionnelle
• Agriculture : manioc, igname, coton
• Industries : textile, huile de palme, savon
• Activités liées au lac et au fleuve : pêche, extraction de sable
• Commerce : marchés très actifs, notamment Ouando
Économie administrative
Le statut de capitale renforce :
• l’emploi public
• l’installation d’institutions nationales
• le développement des services
Projets récents (PAG & programmes nationaux)
• Asphaltage et électrification des grandes voies
• Assainissement pluvial (14 km de collecteurs)
• Réhabilitation des maisons afro-brésiliennes (PAURAD)
• Modernisation de la gestion des déchets (SGDS-GN)
• Renforcement de la résilience climatique (lagune, lac Nokoué)
• Reconstruction des marchés Ahouangbo et Ouando
• Améliorations énergétiques (remplacement par LED)
5. Lieux historiques et culturels
Musées
• Musée ethnographique Alexandre Sènou Adandé
• Musée Honmè (Palais du roi Toffa 1ᵉʳ)
• Musée Da Silva des arts et cultures afro-brésiliennes
Monuments et lieux symboliques
• Palais du roi Toffa 1ᵉʳ
• Palais du roi des Yoruba (Aladjachè)
• Grande mosquée afro-brésilienne
• Jardin Place Jean Bayol
• Couvent Zangbéto Kpakli yao
Institutions & centres de savoir
• Assemblée Nationale
• Archives et Bibliothèque nationales
• Centre Songhaï (agroécologie, formation, incubation)
6. Valeur culturelle et symbolique
Porto-Novo est un carrefour culturel majeur du Bénin :
• Mélange unique d’influences fon, ayizo, yoruba, afro-brésiliennes et coloniales
• Ville de traditions musicales et dansées ancestrales
• Centre du syncrétisme religieux (vodoun, islam, christianisme, Egungun)
• Patrimoine architectural afro-brésilien remarquable
• Capitale politique et reflet de l’histoire nationale
La ville symbolise un espace vivant, chaleureux et profondément ancré dans ses valeurs : « Adjatchè oni bajè / Hogbonou ma gan gblé » – Porto-Novo demeurera Porto-Novo.
7. 
• Gouvernement du Bénin — Destination Bénin, Porto-Novo : condensé d’histoire et de culture, https://www.gouv.bj/article/1048/destination-benin---porto-novo--condense-histoire-culture-fete-adoucit-moeurs/
• Mappr — Porto-Novo, capitale du Bénin, https://www.mappr.co/capital-cities/benin/","• Wikipédia — Porto-Novo, https://fr.wikipedia.org/wiki/Porto-Novo",1,1,"Porto-Novo
Capitale officielle du Bénin – Ville historique, culturelle et administrative
1. Résumé
Porto-Novo, officiellement capitale du Bénin, est située au sud-est du pays, à 30 km de Cotonou et à 12 km de la frontière nigériane. Établie entre lagune et terre ferme, elle se trouve à proximité du lac Nokoué et du fleuve Ouémé, dans une région de plaines côtières, de marécages et de zones inondables. Fondée au XVIᵉ siècle par des princes Aja, la ville fut d’abord connue sous les noms de Hogbonu (Aja, Fon, Goun) et Adjatchê (Yoruba). En 1730, le Portugais Eucaristo de Campos lui donna le nom de Porto-Novo, en raison de sa ressemblance avec la ville portugaise de Porto ou, selon une autre interprétation, parce qu’elle devint un « nouveau port » dédié à la traite négrière.
Porto-Novo est aujourd’hui un centre culturel, politique et administratif majeur. Connue comme « la ville aux trois noms », elle reflète un mélange unique d’influences fon, yoruba, afro-brésiliennes et coloniales. La ville se caractérise par sa convivialité, ses traditions musicales, son syncrétisme religieux et une identité façonnée par des siècles d’échanges, de royaumes et d’histoire coloniale.
2. Historique et rôle du site
Origines et fondation
La tradition orale évoque trois chasseurs yoruba comme fondateurs originels, mais les historiens s’accordent pour situer la véritable naissance de Porto-Novo au XVIᵉ siècle, lorsque des princes Aja du royaume Ardra établissent un nouveau centre dans une zone habitée par des pêcheurs tofinnu, au bord du lac Nokoué. Après la chute d’Allada en 1724 face au royaume d’Abomey, un nouveau royaume s’organise autour de Hogbonu, gouverné par la dynastie d’Allada réfugiée.
Le royaume de Porto-Novo s’impose progressivement comme l’héritier politique d’Allada. Les récits restent cependant flous, car essentiellement fondés sur des traditions orales collectées tardivement (fin XIXᵉ siècle).
Toponymie
• Hogbonu (Aja / Fon / Goun)
• Adjatchê (Yoruba)
• Porto-Novo : nom donné en 1730 par Eucaristo de Campos en raison d’une ressemblance avec Porto, ou pour désigner un port alternatif à la traite d’Ouidah.
Développement précolonial
Du XVIIIᵉ au XIXᵉ siècle, Porto-Novo connaît une forte croissance grâce à sa proximité avec l’océan et son rôle de port de commerce. La ville devient un débouché pour l’Empire d’Oyo et un centre important pour la traite négrière transatlantique, attirant Portugais, Anglais, Français et Hollandais.
La population passe à environ 15 000 habitants à la fin du XIXᵉ siècle, marquant une forte densité pour l’époque.
Colonisation et statut administratif
• 1863 : Le roi Sodji signe un premier traité de protectorat français.
• 1882 : Traité de protectorat renforcé sous le roi Toffa 1ᵉʳ → installation officielle de l’administration française.
• 1894 : Création de la colonie du Dahomey → Porto-Novo devient capitale coloniale.
Après l’indépendance du Bénin (1960), la ville conserve son statut de capitale officielle, bien que la plupart des ministères soient installés à Cotonou.
Héritage politique et institutions
Porto-Novo abrite plusieurs institutions emblématiques :
• Assemblée Nationale (Palais des Gouverneurs) – lieu de la proclamation de l’indépendance
• Cour suprême
• Médiateur de la République
• CRIET
• Archives Nationales & Bibliothèque Nationale
3. Organisation du territoire, population et culture
Géographie
• Située à 13 km de l’océan Atlantique, séparée par une lagune
• Altitude : environ 245 m
• Superficie : 52 km²
• Limitrophes :
Akpro-Missérété, Avrankou, Adjarra (N), Sèmè-Kpodji (S), Adjarra (E), Aguégués (O)
Population
• Environ 300 000 habitants en 2022
• Majorité : Goun et Yoruba (≈80 %)
• Autres ethnies : Aja, Toffin, Mina, Sèto, Tori, Dendi, Lokpa…
• Langues : français (officiel), goun, yoruba, fon
La langue principale, le Goungbé, est décrite comme vive, taquine, pleine d’humour et structurante dans le caractère impulsif mais non rancunier des Porto-Noviennes et Porto-Noviennes.
Vie locale et identité
Porto-Novo est décrite comme un « pays » à part entière, réputé pour :
• sa convivialité et l’importance des boissons locales (sodabi)
• sa cuisine (porc grillé épicé…)
• son humour, ses moqueries et son sens de la fête
• sa diversité vestimentaire (agbada/atcho oké, chapeau gobi, pagne tissé, guélé…)
• ses rythmes : AkoNhoun, Adjogan, Kaka, Djègbé, Eyo, Massègohoun…
• ses groupes artistiques (Ballet de la capitale, Ashakata)
Religion & pratiques spirituelles
Ville très cosmopolite, Porto-Novo présente une forte diversité religieuse :
• Christianisme (églises historiques)
• Islam (mosquée afro-brésilienne)
• Vodoun : Zangbéto (berceau du culte), Oro, Kuvito (Egungun) et leurs rythmes (Talking drum, Aya, Iya ilou…)
Personnalités marquantes
La ville a vu naître ou vivre de grandes figures :
Paul Hazoumé, Marc Tovalou Quenum, Samuel B.J. Oshoffa, Sourou Migan Apithy, Adrien Houngbédji, Solange Faladé, Paulin Soumanou Vieyra, Colette Houeto, Habib Dakpogan, Alougbine Dine, Adelaïde Fassinou, Agnès Agboton, Dehoumon Adjagnon (Baba Yabo), etc.
4. Économie et développement urbain
Économie traditionnelle
• Agriculture : manioc, igname, coton
• Industries : textile, huile de palme, savon
• Activités liées au lac et au fleuve : pêche, extraction de sable
• Commerce : marchés très actifs, notamment Ouando
Économie administrative
Le statut de capitale renforce :
• l’emploi public
• l’installation d’institutions nationales
• le développement des services
Projets récents (PAG & programmes nationaux)
• Asphaltage et électrification des grandes voies
• Assainissement pluvial (14 km de collecteurs)
• Réhabilitation des maisons afro-brésiliennes (PAURAD)
• Modernisation de la gestion des déchets (SGDS-GN)
• Renforcement de la résilience climatique (lagune, lac Nokoué)
• Reconstruction des marchés Ahouangbo et Ouando
• Améliorations énergétiques (remplacement par LED)
5. Lieux historiques et culturels
Musées
• Musée ethnographique Alexandre Sènou Adandé
• Musée Honmè (Palais du roi Toffa 1ᵉʳ)
• Musée Da Silva des arts et cultures afro-brésiliennes
Monuments et lieux symboliques
• Palais du roi Toffa 1ᵉʳ
• Palais du roi des Yoruba (Aladjachè)
• Grande mosquée afro-brésilienne
• Jardin Place Jean Bayol
• Couvent Zangbéto Kpakli yao
Institutions & centres de savoir
• Assemblée Nationale
• Archives et Bibliothèque nationales
• Centre Songhaï (agroécologie, formation, incubation)
6. Valeur culturelle et symbolique
Porto-Novo est un carrefour culturel majeur du Bénin :
• Mélange unique d’influences fon, ayizo, yoruba, afro-brésiliennes et coloniales
• Ville de traditions musicales et dansées ancestrales
• Centre du syncrétisme religieux (vodoun, islam, christianisme, Egungun)
• Patrimoine architectural afro-brésilien remarquable
• Capitale politique et reflet de l’histoire nationale
La ville symbolise un espace vivant, chaleureux et profondément ancré dans ses valeurs : « Adjatchè oni bajè / Hogbonou ma gan gblé » – Porto-Novo demeurera Porto-Novo.
7. 
• Gouvernement du Bénin — Destination Bénin, Porto-Novo : condensé d’histoire et de culture, https://www.gouv.bj/article/1048/destination-benin---porto-novo--condense-histoire-culture-fete-adoucit-moeurs/
• Mappr — Porto-Novo, capitale du Bénin, https://www.mappr.co/capital-cities/benin/

=== SOURCES ===
• Wikipédia — Porto-Novo, https://fr.wikipedia.org/wiki/Porto-Novo",7272,1080,66,5,7338,1085,True,True,0,Aucune,Donnees_soutenance\Porto Novo\Présentation de Porto-Novo\Présentation_Porto-Novo.docx,Donnees_soutenance\Porto Novo\Présentation de Porto-Novo,Présentation de Porto-Novo/Présentation_Porto-Novo.docx,"{'source_name': 'Wikipédia', 'description': 'Porto-Novo', 'url': 'https://fr.wikipedia.org/wiki/Porto-Novo', 'source_type': 'wikipédia', 'raw_text': '• Wikipédia — Porto-Novo, https://fr.wikipedia.org/wiki/Porto-Novo'}",https://fr.wikipedia.org/wiki/Porto-Novo,
Porto Novo,Rois de Porto-Novo,Toffa_Ier.docx,Toffa_Ier.docx,Toffa Ier,"Toffa Ier (vers 1874 – 1908)
Roi de Porto-Novo (Hogbonou) – Souverain diplomate entre influences dahoméennes, anglaises et françaises
1. Résumé
Toffa Ier, né dans les années 1850 et mort en 1908, règne sur Porto-Novo de 1874 à 1908. Souverain au cœur d’une région marquée par les rivalités coloniales et les ambitions expansionnistes, il navigue habilement entre alliances et tensions avec le royaume du Dahomey, l’Angleterre et la France.
Son règne débute après une période d’exil et de luttes de succession, puis se caractérise par une série de stratégies diplomatiques visant à préserver l’autonomie de Porto-Novo face aux puissances voisines.
En 1882, il signe un protectorat avec la France pour contrer les influences anglaises et la pression militaire du Dahomey. Ce choix politique engage Porto-Novo dans une collaboration qui facilitera les campagnes militaires françaises contre le Dahomey. À sa mort en 1908, malgré ses protestations contre plusieurs lois coloniales, Porto-Novo est finalement annexée à la colonie du Dahomey.
2. Biographie complète
Origines et jeunesse en exil
Toffa Ier est le fils du roi Sodji (1848–1864).
Lorsque Mikpon s’empare du pouvoir en 1864, Toffa est contraint de s’exiler successivement à Tori puis à Lagos. Les autorités anglaises cherchent alors à l’encourager à reprendre le trône par la force, mais Toffa refuse cette voie conflictuelle.
Il se rend ensuite à la cour d’Abomey, où il est reçu avec bienveillance par Da-Da Glélé Kini-Kini, roi du Dahomey.
Retour à Porto-Novo et accession au trône
En 1872, Mési succède à Mikpon mais meurt deux ans plus tard.
Toffa saisit alors l’opportunité : il revient à Porto-Novo accompagné de 200 soldats envoyés par le Dahomey, chasse le prince Sogningbé — prétendant à la succession — et est sacré roi le 16 septembre 1874.
Alliances, conflits et stratégies diplomatiques
Face aux ambitions du Dahomey et aux manœuvres britanniques qui avaient retiré Dangbo et Kéténou de son autorité, Toffa cherche une alternative.
En 1882, il signe avec la France un protectorat qui lui offre une protection stratégique.
Grâce à l’appui militaire français, il conquiert Dangbo et Kéténou, tandis que leur roi, Houngbo, est déporté à Gorée.
Les guerres du Dahomey et la rupture définitive avec Abomey
En 1889, le Dahomey lance une offensive : Porto-Novo est pillée, ainsi que le palais Honmè. Contraint de se replier, Toffa s’aligne dès lors définitivement du côté français.
Porto-Novo devient alors une base stratégique pour les expéditions françaises lors de la première et de la seconde guerre du Dahomey (1890–1894).
Toffa fournit environ 2 000 porteurs, recrutés parfois de gré, parfois de force. Les Français le rémunèrent par une prime versée pour chaque porteur fourni.
Récompenses, autorité et contestations
Après la victoire française, Toffa reçoit en présent un élément symbolique majeur :
le trône en bois doré d’Abomey, pris après la chute du roi Béhanzin.
Il ajoute alors à sa titulature « maître de Béhanzin ».
Avec la création officielle de la colonie française du Dahomey, Porto-Novo conserve une indépendance théorique.
Dans les faits, l’autonomie diminue progressivement, entraînant les protestations régulières de Toffa dans les années 1900.
Il s’oppose notamment à l’application de nouvelles lois coloniales et à l’instauration de nouvelles taxes.
Fin de règne et décès
Toffa Ier meurt en 1908.
À sa disparition, Porto-Novo est annexée officiellement à la colonie du Dahomey, perdant l’autonomie qu’il avait tenté de préserver durant plus de trois décennies.
3. Symboles, influence et héritage
Un roi diplomate dans un contexte complexe
Son règne incarne la difficulté pour un petit royaume de survivre aux influences simultanées :
du Dahomey, puissance militaire régionale ;
de l’Angleterre, active dans la zone côtière ;
de la France, en pleine expansion coloniale.
Héritage politique
• Toffa laisse l’image d’un souverain stratège, souvent contraint à des alliances difficiles pour maintenir l’existence politique de Porto-Novo.
• Ses décisions, notamment le protectorat français, ont profondément influencé l’histoire de la capitale.
• Sa mort marque la fin de l’indépendance de Porto-Novo.
Mémoire locale
• Le palais Honmè, pillé en 1889 mais toujours debout, constitue aujourd’hui l’un des principaux lieux associés à son histoire.
• Sa statue est érigée sur la Place Jean Bayol, rappelant son rôle fondateur dans l’histoire moderne de la ville.
4.","• Wikipédia (FR) — Toffa, https://fr.wikipedia.org/wiki/Toffa",1,1,"Toffa Ier (vers 1874 – 1908)
Roi de Porto-Novo (Hogbonou) – Souverain diplomate entre influences dahoméennes, anglaises et françaises
1. Résumé
Toffa Ier, né dans les années 1850 et mort en 1908, règne sur Porto-Novo de 1874 à 1908. Souverain au cœur d’une région marquée par les rivalités coloniales et les ambitions expansionnistes, il navigue habilement entre alliances et tensions avec le royaume du Dahomey, l’Angleterre et la France.
Son règne débute après une période d’exil et de luttes de succession, puis se caractérise par une série de stratégies diplomatiques visant à préserver l’autonomie de Porto-Novo face aux puissances voisines.
En 1882, il signe un protectorat avec la France pour contrer les influences anglaises et la pression militaire du Dahomey. Ce choix politique engage Porto-Novo dans une collaboration qui facilitera les campagnes militaires françaises contre le Dahomey. À sa mort en 1908, malgré ses protestations contre plusieurs lois coloniales, Porto-Novo est finalement annexée à la colonie du Dahomey.
2. Biographie complète
Origines et jeunesse en exil
Toffa Ier est le fils du roi Sodji (1848–1864).
Lorsque Mikpon s’empare du pouvoir en 1864, Toffa est contraint de s’exiler successivement à Tori puis à Lagos. Les autorités anglaises cherchent alors à l’encourager à reprendre le trône par la force, mais Toffa refuse cette voie conflictuelle.
Il se rend ensuite à la cour d’Abomey, où il est reçu avec bienveillance par Da-Da Glélé Kini-Kini, roi du Dahomey.
Retour à Porto-Novo et accession au trône
En 1872, Mési succède à Mikpon mais meurt deux ans plus tard.
Toffa saisit alors l’opportunité : il revient à Porto-Novo accompagné de 200 soldats envoyés par le Dahomey, chasse le prince Sogningbé — prétendant à la succession — et est sacré roi le 16 septembre 1874.
Alliances, conflits et stratégies diplomatiques
Face aux ambitions du Dahomey et aux manœuvres britanniques qui avaient retiré Dangbo et Kéténou de son autorité, Toffa cherche une alternative.
En 1882, il signe avec la France un protectorat qui lui offre une protection stratégique.
Grâce à l’appui militaire français, il conquiert Dangbo et Kéténou, tandis que leur roi, Houngbo, est déporté à Gorée.
Les guerres du Dahomey et la rupture définitive avec Abomey
En 1889, le Dahomey lance une offensive : Porto-Novo est pillée, ainsi que le palais Honmè. Contraint de se replier, Toffa s’aligne dès lors définitivement du côté français.
Porto-Novo devient alors une base stratégique pour les expéditions françaises lors de la première et de la seconde guerre du Dahomey (1890–1894).
Toffa fournit environ 2 000 porteurs, recrutés parfois de gré, parfois de force. Les Français le rémunèrent par une prime versée pour chaque porteur fourni.
Récompenses, autorité et contestations
Après la victoire française, Toffa reçoit en présent un élément symbolique majeur :
le trône en bois doré d’Abomey, pris après la chute du roi Béhanzin.
Il ajoute alors à sa titulature « maître de Béhanzin ».
Avec la création officielle de la colonie française du Dahomey, Porto-Novo conserve une indépendance théorique.
Dans les faits, l’autonomie diminue progressivement, entraînant les protestations régulières de Toffa dans les années 1900.
Il s’oppose notamment à l’application de nouvelles lois coloniales et à l’instauration de nouvelles taxes.
Fin de règne et décès
Toffa Ier meurt en 1908.
À sa disparition, Porto-Novo est annexée officiellement à la colonie du Dahomey, perdant l’autonomie qu’il avait tenté de préserver durant plus de trois décennies.
3. Symboles, influence et héritage
Un roi diplomate dans un contexte complexe
Son règne incarne la difficulté pour un petit royaume de survivre aux influences simultanées :
du Dahomey, puissance militaire régionale ;
de l’Angleterre, active dans la zone côtière ;
de la France, en pleine expansion coloniale.
Héritage politique
• Toffa laisse l’image d’un souverain stratège, souvent contraint à des alliances difficiles pour maintenir l’existence politique de Porto-Novo.
• Ses décisions, notamment le protectorat français, ont profondément influencé l’histoire de la capitale.
• Sa mort marque la fin de l’indépendance de Porto-Novo.
Mémoire locale
• Le palais Honmè, pillé en 1889 mais toujours debout, constitue aujourd’hui l’un des principaux lieux associés à son histoire.
• Sa statue est érigée sur la Place Jean Bayol, rappelant son rôle fondateur dans l’histoire moderne de la ville.
4.

=== SOURCES ===
• Wikipédia (FR) — Toffa, https://fr.wikipedia.org/wiki/Toffa",4445,691,61,6,4506,697,True,True,3,Roi Toffa 1er.jpg|||Roi Toffa vers 1890.jpg|||statue du roi Toffa 1er à Porto Novo.jpg,Donnees_soutenance\Porto Novo\Rois de Porto-Novo\Toffa_Ier.docx,Donnees_soutenance\Porto Novo\Rois de Porto-Novo,Rois de Porto-Novo/Toffa_Ier.docx,"{'source_name': 'Wikipédia (FR)', 'description': 'Toffa', 'url': 'https://fr.wikipedia.org/wiki/Toffa', 'source_type': 'wikipédia', 'raw_text': '• Wikipédia (FR) — Toffa, https://fr.wikipedia.org/wiki/Toffa'}",https://fr.wikipedia.org/wiki/Toffa,Roi Toffa 1er.jpg | Roi Toffa vers 1890.jpg | statue du roi Toffa 1er à Porto Novo.jpg
Porto Novo,Monuments et Musées,Grande Mosquée afro-brésilienne,La_Grande_Mosquée_de_Porto-Novo.docx,La Grande Mosquée de Porto-Novo,"La Grande Mosquée de Porto-Novo
Monument afro-brésilien unique en Afrique — Témoignage des influences brésiliennes, yoruba et haoussa
1. Résumé
La Grande Mosquée de Porto-Novo est l’un des édifices religieux les plus emblématiques du Bénin. Située près du marché central de la capitale, elle se distingue par son architecture afro-brésilienne spectaculaire, unique sur le continent africain.
Construit à l’origine comme une église au début du XXᵉ siècle, l’édifice sera ensuite transformé en mosquée, reflétant la rencontre de plusieurs cultures : l’héritage afro-brésilien, les influences islamiques haoussa et yoruba, et l’évolution sociale de Porto-Novo après l’abolition de l’esclavage.
Sa façade aux couleurs vives, ses tours carrées, ses décors géométriques, son plan en croix latine et ses symboles islamiques témoignent de l’histoire mouvementée de la ville et des retours massifs d’esclaves affranchis venus du Brésil à partir de 1870.
C’est un monument classé aux Monuments historiques, au cœur d’une cité elle-même inscrite par l’UNESCO.
2. Histoire complète du site
Origines religieuses et transformation de la ville
Porto-Novo était historiquement une ville à majorité animiste.
À partir du XIXᵉ siècle, l’islam s’y implante grâce aux marchands haoussa et yoruba venus du Nigeria.
Le roi Sodji, constatant la croissance de la communauté musulmane, nomme un chef spirituel et lui attribue un domaine près du palais royal.
Première mosquée
Une première mosquée est construite dans les années 1880.
Elle sera déplacée car les voisins se plaignaient de l’appel du muezzin.
Construction de la grande mosquée
Le bâtiment actuel, daté de 1935, est un témoin majeur de l’élaboration d’un langage architectural original mêlant styles islamique, chrétien et afro-brésilien.
Au début du projet, une délégation est envoyée à Lagos (Nigeria) pour étudier la grande mosquée locale, elle-même inspirée des églises brésiliennes, notamment la cathédrale de San Salvador de Bahia.
Influence afro-brésilienne
Les anciens esclaves affranchis revenus du Brésil après 1870 jouent un rôle clé dans l’édification de la mosquée.
Leur communauté, initialement animiste et liée au Vodun, adopte progressivement l’islam au contact des populations yoruba et haoussa.
Ils construisent donc un édifice reflétant à la fois :
leur identité afro-brésilienne,
leur nouvelle foi musulmane,
et l’esthétique architecturale brésilienne.
3. Architecture, organisation et caractéristiques stylistiques
La Grande Mosquée est remarquée pour sa configuration exceptionnelle : un édifice islamique construit sur la base d’une architecture chrétienne brésilienne.
Structure générale
L’édifice couvre 3 700 m² de plancher, répartis sur deux étages.
L’intérieur comprend deux grandes salles de prière entièrement carrelées.
Le rez-de-chaussée comporte des coursives et des annexes.
Façade principale afro-brésilienne
Façade de style brésilien, copie quasi exacte de la cathédrale de San Salvador de Bahia, mais avec un croissant à la place de la croix.
Chapiteau triangulaire surmontant l’édifice, aux lignes ondulantes.
Deux tours carrées encadrent la façade.
Nombreuses ouvertures en forme de lancettes, empruntées à l’architecture chrétienne.
Décor coloré et abondant :
piliers carrés verticaux,
strates horizontales ocre ou jaune clair,
corniches sculptées.
Structure en croix latine
La mosquée possède étonnamment un plan en croix latine, hérité de la structure d’origine de l’église.
Façade arrière
Composition plus classique à trois niveaux.
Colonnes saillantes décorées de motifs floraux ou géométriques.
Fenêtres rectangulaires à chapiteau en berceau.
Symboles islamiques
Étoile à cinq branches (cinq piliers de l’islam).
Croissant de lune (calendrier lunaire, fin du Ramadan).
Ces symboles remplacent la croix et les icônes chrétiennes.
Intérieur
Grande salle de prière bordée d’une galerie lumineuse.
Plafond en berceau surmonté d’une corniche en bois à clef pendante.
Chaire à prêcher située sur une estrade accessible par escalier.
Décor intérieur volontairement sobre, conformément à la tradition islamique, contrastant avec la richesse de la façade.
État actuel
Les peintures extérieures sont fortement dégradées par le temps.
Une restauration est délicate car les techniques originales ont été perdues, ce qui freine les travaux.
4. Patrimoine, importance culturelle et statut
Monument religieux majeur de Porto-Novo.
Chef-d’œuvre de l’architecture afro-brésilienne islamique.
Témoin de l’histoire du retour des Afro-Brésiliens au Bénin.
Inscrite aux Monuments historiques.
Située dans une cité reconnue par l’UNESCO.
Reflète la transformation urbaine, économique et sociale de Porto-Novo après l’abolition de l’esclavage.
5. 
https://www.mappr.co/capital-cities/benin/
• Wikipédia (FR) — Grande mosquée de Porto-Novo,
https://fr.wikipedia.org/wiki/Grande_mosqu%C3%A9e_de_Porto-Novo
• Bénin Miton — La grande mosquée de Porto-Novo,
https://beninmiton.com/listing/la-grande-mosquee-de-porto-novo/","• Mappr — Grande Mosquée de Porto-Novo,",1,0,"La Grande Mosquée de Porto-Novo
Monument afro-brésilien unique en Afrique — Témoignage des influences brésiliennes, yoruba et haoussa
1. Résumé
La Grande Mosquée de Porto-Novo est l’un des édifices religieux les plus emblématiques du Bénin. Située près du marché central de la capitale, elle se distingue par son architecture afro-brésilienne spectaculaire, unique sur le continent africain.
Construit à l’origine comme une église au début du XXᵉ siècle, l’édifice sera ensuite transformé en mosquée, reflétant la rencontre de plusieurs cultures : l’héritage afro-brésilien, les influences islamiques haoussa et yoruba, et l’évolution sociale de Porto-Novo après l’abolition de l’esclavage.
Sa façade aux couleurs vives, ses tours carrées, ses décors géométriques, son plan en croix latine et ses symboles islamiques témoignent de l’histoire mouvementée de la ville et des retours massifs d’esclaves affranchis venus du Brésil à partir de 1870.
C’est un monument classé aux Monuments historiques, au cœur d’une cité elle-même inscrite par l’UNESCO.
2. Histoire complète du site
Origines religieuses et transformation de la ville
Porto-Novo était historiquement une ville à majorité animiste.
À partir du XIXᵉ siècle, l’islam s’y implante grâce aux marchands haoussa et yoruba venus du Nigeria.
Le roi Sodji, constatant la croissance de la communauté musulmane, nomme un chef spirituel et lui attribue un domaine près du palais royal.
Première mosquée
Une première mosquée est construite dans les années 1880.
Elle sera déplacée car les voisins se plaignaient de l’appel du muezzin.
Construction de la grande mosquée
Le bâtiment actuel, daté de 1935, est un témoin majeur de l’élaboration d’un langage architectural original mêlant styles islamique, chrétien et afro-brésilien.
Au début du projet, une délégation est envoyée à Lagos (Nigeria) pour étudier la grande mosquée locale, elle-même inspirée des églises brésiliennes, notamment la cathédrale de San Salvador de Bahia.
Influence afro-brésilienne
Les anciens esclaves affranchis revenus du Brésil après 1870 jouent un rôle clé dans l’édification de la mosquée.
Leur communauté, initialement animiste et liée au Vodun, adopte progressivement l’islam au contact des populations yoruba et haoussa.
Ils construisent donc un édifice reflétant à la fois :
leur identité afro-brésilienne,
leur nouvelle foi musulmane,
et l’esthétique architecturale brésilienne.
3. Architecture, organisation et caractéristiques stylistiques
La Grande Mosquée est remarquée pour sa configuration exceptionnelle : un édifice islamique construit sur la base d’une architecture chrétienne brésilienne.
Structure générale
L’édifice couvre 3 700 m² de plancher, répartis sur deux étages.
L’intérieur comprend deux grandes salles de prière entièrement carrelées.
Le rez-de-chaussée comporte des coursives et des annexes.
Façade principale afro-brésilienne
Façade de style brésilien, copie quasi exacte de la cathédrale de San Salvador de Bahia, mais avec un croissant à la place de la croix.
Chapiteau triangulaire surmontant l’édifice, aux lignes ondulantes.
Deux tours carrées encadrent la façade.
Nombreuses ouvertures en forme de lancettes, empruntées à l’architecture chrétienne.
Décor coloré et abondant :
piliers carrés verticaux,
strates horizontales ocre ou jaune clair,
corniches sculptées.
Structure en croix latine
La mosquée possède étonnamment un plan en croix latine, hérité de la structure d’origine de l’église.
Façade arrière
Composition plus classique à trois niveaux.
Colonnes saillantes décorées de motifs floraux ou géométriques.
Fenêtres rectangulaires à chapiteau en berceau.
Symboles islamiques
Étoile à cinq branches (cinq piliers de l’islam).
Croissant de lune (calendrier lunaire, fin du Ramadan).
Ces symboles remplacent la croix et les icônes chrétiennes.
Intérieur
Grande salle de prière bordée d’une galerie lumineuse.
Plafond en berceau surmonté d’une corniche en bois à clef pendante.
Chaire à prêcher située sur une estrade accessible par escalier.
Décor intérieur volontairement sobre, conformément à la tradition islamique, contrastant avec la richesse de la façade.
État actuel
Les peintures extérieures sont fortement dégradées par le temps.
Une restauration est délicate car les techniques originales ont été perdues, ce qui freine les travaux.
4. Patrimoine, importance culturelle et statut
Monument religieux majeur de Porto-Novo.
Chef-d’œuvre de l’architecture afro-brésilienne islamique.
Témoin de l’histoire du retour des Afro-Brésiliens au Bénin.
Inscrite aux Monuments historiques.
Située dans une cité reconnue par l’UNESCO.
Reflète la transformation urbaine, économique et sociale de Porto-Novo après l’abolition de l’esclavage.
5. 
https://www.mappr.co/capital-cities/benin/
• Wikipédia (FR) — Grande mosquée de Porto-Novo,
https://fr.wikipedia.org/wiki/Grande_mosqu%C3%A9e_de_Porto-Novo
• Bénin Miton — La grande mosquée de Porto-Novo,
https://beninmiton.com/listing/la-grande-mosquee-de-porto-novo/

=== SOURCES ===
• Mappr — Grande Mosquée de Porto-Novo,",4976,687,39,7,5015,694,True,True,2,La grande mosquée de Porto-Novo.jpg|||La grande mosquée de Porto-Novo_1.jpg,Donnees_soutenance\Porto Novo\Monuments et Musées\Grande Mosquée afro-brésilienne\La_Grande_Mosquée_de_Porto-Novo.docx,Donnees_soutenance\Porto Novo\Monuments et Musées\Grande Mosquée afro-brésilienne,Monuments et Musées/Grande Mosquée afro-brésilienne,"{'source_name': '', 'description': 'Mappr — Grande Mosquée de Porto-Novo,', 'url': '', 'source_type': 'texte', 'raw_text': '• Mappr — Grande Mosquée de Porto-Novo,'}",,La grande mosquée de Porto-Novo.jpg | La grande mosquée de Porto-Novo_1.jpg
Porto Novo,Monuments et Musées,Jardin-Place Bayol,Jardin_Place_Jean_Bayol.docx,Jardin Place Jean Bayol,"Jardin Place Jean Bayol – Porto-Novo
Plus grande place publique de Porto-Novo – Lieu historique et espace de détente
1. Résumé
Le Jardin Place Jean Bayol, situé en plein cœur de Porto-Novo, est la plus grande place publique de la ville et l’un de ses espaces verts les plus emblématiques.
Lieu de détente privilégié pour les habitants comme pour les visiteurs, ce jardin urbain permet d’observer la vie locale, de profiter d’un cadre paisible et d’admirer l’architecture coloniale qui l’entoure.
La place constitue également un haut lieu historique, puisqu’elle abrite la statue du roi Toffa Ier, figure majeure de Porto-Novo.
Nommée en hommage à Jean Bayol, administrateur colonial français, elle reflète une partie de l’histoire urbaine et politique de la capitale.
2. Histoire complète du site
Origines et dénomination
La place porte le nom de Jean Bayol, administrateur colonial français ayant marqué l’histoire de la ville. Sa création s’inscrit dans la mise en place des grands espaces publics durant la période coloniale, conçus pour structurer l’organisation urbaine de Porto-Novo.
Évolution historique
Au fil des décennies, le jardin est devenu :
un repère central pour les habitants,
un espace de rassemblement,
un lieu mémoriel, grâce à la présence de la statue du roi Toffa Ier.
Cette statue rappelle le rôle déterminant du souverain dans le développement politique et culturel de la capitale.
3. Architecture et aménagements
Le Jardin Place Jean Bayol se distingue par :
son vaste espace ouvert, qui en fait la plus grande place publique de Porto-Novo ;
ses zones arborées et ombragées, parfaites pour se reposer ;
ses allées piétonnes permettant d’observer la vie quotidienne de la ville ;
son environnement d’architecture coloniale, visible dans les bâtiments qui bordent la place.
L’ensemble crée un décor harmonieux, alliant nature, patrimoine et urbanisme.
4. Importance culturelle et usages
La place joue plusieurs rôles dans la vie locale :
Lieu de détente et de rencontre
Les habitants s’y rendent pour :
se reposer,
discuter,
observer les passants,
profiter du calme en plein centre-ville.
Espace symbolique
La présence de la statue du roi Toffa Ier en fait un lieu chargé d’histoire, où se mêlent mémoire royale et passé colonial.
Patrimoine urbain
Pour les visiteurs, c’est un site idéal pour :
ressentir l’ambiance authentique de Porto-Novo,
admirer les bâtiments anciens,
comprendre l’évolution historique de la capitale.
5. 
• Benin Miton — Jardin Place Jean Bayol, https://beninmiton.com/listing/jardin-place-jean-bayol/","• Mappr — Capitales du monde : Porto-Novo, https://www.mappr.co/capital-cities/benin/",1,1,"Jardin Place Jean Bayol – Porto-Novo
Plus grande place publique de Porto-Novo – Lieu historique et espace de détente
1. Résumé
Le Jardin Place Jean Bayol, situé en plein cœur de Porto-Novo, est la plus grande place publique de la ville et l’un de ses espaces verts les plus emblématiques.
Lieu de détente privilégié pour les habitants comme pour les visiteurs, ce jardin urbain permet d’observer la vie locale, de profiter d’un cadre paisible et d’admirer l’architecture coloniale qui l’entoure.
La place constitue également un haut lieu historique, puisqu’elle abrite la statue du roi Toffa Ier, figure majeure de Porto-Novo.
Nommée en hommage à Jean Bayol, administrateur colonial français, elle reflète une partie de l’histoire urbaine et politique de la capitale.
2. Histoire complète du site
Origines et dénomination
La place porte le nom de Jean Bayol, administrateur colonial français ayant marqué l’histoire de la ville. Sa création s’inscrit dans la mise en place des grands espaces publics durant la période coloniale, conçus pour structurer l’organisation urbaine de Porto-Novo.
Évolution historique
Au fil des décennies, le jardin est devenu :
un repère central pour les habitants,
un espace de rassemblement,
un lieu mémoriel, grâce à la présence de la statue du roi Toffa Ier.
Cette statue rappelle le rôle déterminant du souverain dans le développement politique et culturel de la capitale.
3. Architecture et aménagements
Le Jardin Place Jean Bayol se distingue par :
son vaste espace ouvert, qui en fait la plus grande place publique de Porto-Novo ;
ses zones arborées et ombragées, parfaites pour se reposer ;
ses allées piétonnes permettant d’observer la vie quotidienne de la ville ;
son environnement d’architecture coloniale, visible dans les bâtiments qui bordent la place.
L’ensemble crée un décor harmonieux, alliant nature, patrimoine et urbanisme.
4. Importance culturelle et usages
La place joue plusieurs rôles dans la vie locale :
Lieu de détente et de rencontre
Les habitants s’y rendent pour :
se reposer,
discuter,
observer les passants,
profiter du calme en plein centre-ville.
Espace symbolique
La présence de la statue du roi Toffa Ier en fait un lieu chargé d’histoire, où se mêlent mémoire royale et passé colonial.
Patrimoine urbain
Pour les visiteurs, c’est un site idéal pour :
ressentir l’ambiance authentique de Porto-Novo,
admirer les bâtiments anciens,
comprendre l’évolution historique de la capitale.
5. 
• Benin Miton — Jardin Place Jean Bayol, https://beninmiton.com/listing/jardin-place-jean-bayol/

=== SOURCES ===
• Mappr — Capitales du monde : Porto-Novo, https://www.mappr.co/capital-cities/benin/",2548,393,85,9,2633,402,True,True,2,Jardin Place Jean Bayol_2.jpg|||Jardin Place Jean Bayol_3.jpg,Donnees_soutenance\Porto Novo\Monuments et Musées\Jardin-Place Bayol\Jardin_Place_Jean_Bayol.docx,Donnees_soutenance\Porto Novo\Monuments et Musées\Jardin-Place Bayol,Monuments et Musées/Jardin-Place Bayol,"{'source_name': 'Mappr', 'description': 'Capitales du monde : Porto-Novo', 'url': 'https://www.mappr.co/capital-cities/benin/', 'source_type': 'autre', 'raw_text': '• Mappr — Capitales du monde : Porto-Novo, https://www.mappr.co/capital-cities/benin/'}",https://www.mappr.co/capital-cities/benin/,Jardin Place Jean Bayol_2.jpg | Jardin Place Jean Bayol_3.jpg
Porto Novo,Monuments et Musées,Musée Da Silva,Musée_Da_Silva.docx,Musée Da Silva,"Musée Da Silva – Porto-Novo
Héritage afro-brésilien et mémoire de la traite négrière
1. Résumé
Le Musée Da Silva, inauguré en 1998 à Porto-Novo, est l’un des lieux les plus importants du Bénin pour comprendre l’influence afro-brésilienne et l’histoire de la traite négrière. Installé dans une maison afro-brésilienne du XIXᵉ siècle, autrefois propriété d’une famille Agouda, le musée retrace les parcours, les échanges culturels et les mémoires partagées entre l’Afrique, le Brésil et le Portugal.
Il présente une riche collection d’objets historiques, de fresques mémorielles, de photographies anciennes et de salles thématiques dédiées à :
la civilisation africaine,
la culture gréco-romaine,
les personnalités noires célèbres,
les femmes,
le patrimoine musical afro-descendant.
Le Musée Da Silva est aujourd’hui un pilier de la patrimonialisation initiée au Bénin dans les années 1990 et un espace essentiel pour comprendre l’identité afro-brésilienne du pays.
2. Histoire complète du site et du musée
Origines et création du musée
Le musée a été fondé par Karim da Silva, figure de la communauté afro-brésilienne, avec pour mission :
de préserver la mémoire de la traite négrière,
de valoriser le patrimoine culturel des Afro-Brésiliens,
de documenter les interactions entre les mondes africain, brésilien et portugais.
Le site s’inscrit dans le mouvement de patrimonialisation lancé au Bénin au début des années 1990, une période où l’histoire de l’esclavage et le retour des descendants d’esclaves libérés ont commencé à être institutionnellement reconnus.
Le musée a été inauguré le 2 novembre 1998, en présence du président Mathieu Kérékou, soulignant son importance nationale.
La communauté Agouda et le patrimoine afro-brésilien
La maison du musée appartenait à une famille Agouda, descendants d’Africains déportés au Brésil puis revenus au XIXᵉ siècle.
Ces familles ont fortement marqué :
l’architecture,
l’artisanat,
la religion,
les traditions culinaires de Porto-Novo.
Le musée constitue aujourd’hui l’un des rares espaces permettant de comprendre ce métissage historique unique.
3. Architecture et organisation du musée
Une maison afro-brésilienne du XIXᵉ siècle
Le bâtiment qui abrite le musée fut construit en 1890. Il reflète parfaitement l’architecture afro-brésilienne de Porto-Novo, caractérisée par :
des façades ornées,
une cour intérieure,
des balcons inspirés du style colonial brésilien,
une structure adaptée au climat local,
un ameublement d’époque conservé dans certaines pièces.
Des photographies anciennes sont accrochées aux murs, témoignant de la vie des familles Agouda et de l’histoire de Porto-Novo.
Une fresque extérieure dédiée à la mémoire
Le long de la clôture du musée, une fresque monumentale retrace :
le parcours du commerce triangulaire,
les marches forcées des esclaves,
les routes de déportation et de retour.
Elle porte le nom :
« Devoir de mémoire de l’esclavagisme européen », soulignant la vocation pédagogique du musée.
4. Collections et espaces d’exposition
Le Musée Da Silva présente des collections plus modestes en taille que les grands musées internationaux, mais leur importance culturelle et mémorielle est majeure.
Parmi les salles thématiques, on trouve :
• Salle de la civilisation africaine
Objets, représentations et documents retraçant les cultures et traditions africaines précoloniales et contemporaines.
• Salle de la civilisation gréco-romaine
Une particularité du musée : mettre en regard l’histoire africaine avec l’héritage classique, pour montrer les influences croisées dans l’éducation coloniale.
• Salle dédiée aux grandes figures noires
Personnalités marquantes de l’histoire africaine, afro-brésilienne et de la diaspora.
• Salle des femmes
Espace consacré aux rôles féminins dans l’histoire afro-descendante.
• Patrimoine musical des Noirs
Instruments, rythmes et traditions musicales héritées d’Afrique et recomposées au Brésil puis ramenées au Bénin.
5. Rôle culturel et mémoriel
Le Musée Da Silva joue un rôle central dans la compréhension :
de la mémoire de l’esclavage,
des retours afro-brésiliens au Bénin,
du patrimoine métissé entre Afrique et Brésil,
des identités Agouda.
Il constitue également :
un espace d’éducation pour les jeunes générations,
un lieu de recherche pour les spécialistes,
un symbole de la réconciliation historique avec le passé de la traite.
6. 
• Wikipédia (FR) — Musée Da-Silva, https://fr.wikipedia.org/wiki/Mus%C3%A9e_Da-Silva","• MAPPR — Benin Capital Cities (Musée da Silva), https://www.mappr.co/capital-cities/benin/",1,1,"Musée Da Silva – Porto-Novo
Héritage afro-brésilien et mémoire de la traite négrière
1. Résumé
Le Musée Da Silva, inauguré en 1998 à Porto-Novo, est l’un des lieux les plus importants du Bénin pour comprendre l’influence afro-brésilienne et l’histoire de la traite négrière. Installé dans une maison afro-brésilienne du XIXᵉ siècle, autrefois propriété d’une famille Agouda, le musée retrace les parcours, les échanges culturels et les mémoires partagées entre l’Afrique, le Brésil et le Portugal.
Il présente une riche collection d’objets historiques, de fresques mémorielles, de photographies anciennes et de salles thématiques dédiées à :
la civilisation africaine,
la culture gréco-romaine,
les personnalités noires célèbres,
les femmes,
le patrimoine musical afro-descendant.
Le Musée Da Silva est aujourd’hui un pilier de la patrimonialisation initiée au Bénin dans les années 1990 et un espace essentiel pour comprendre l’identité afro-brésilienne du pays.
2. Histoire complète du site et du musée
Origines et création du musée
Le musée a été fondé par Karim da Silva, figure de la communauté afro-brésilienne, avec pour mission :
de préserver la mémoire de la traite négrière,
de valoriser le patrimoine culturel des Afro-Brésiliens,
de documenter les interactions entre les mondes africain, brésilien et portugais.
Le site s’inscrit dans le mouvement de patrimonialisation lancé au Bénin au début des années 1990, une période où l’histoire de l’esclavage et le retour des descendants d’esclaves libérés ont commencé à être institutionnellement reconnus.
Le musée a été inauguré le 2 novembre 1998, en présence du président Mathieu Kérékou, soulignant son importance nationale.
La communauté Agouda et le patrimoine afro-brésilien
La maison du musée appartenait à une famille Agouda, descendants d’Africains déportés au Brésil puis revenus au XIXᵉ siècle.
Ces familles ont fortement marqué :
l’architecture,
l’artisanat,
la religion,
les traditions culinaires de Porto-Novo.
Le musée constitue aujourd’hui l’un des rares espaces permettant de comprendre ce métissage historique unique.
3. Architecture et organisation du musée
Une maison afro-brésilienne du XIXᵉ siècle
Le bâtiment qui abrite le musée fut construit en 1890. Il reflète parfaitement l’architecture afro-brésilienne de Porto-Novo, caractérisée par :
des façades ornées,
une cour intérieure,
des balcons inspirés du style colonial brésilien,
une structure adaptée au climat local,
un ameublement d’époque conservé dans certaines pièces.
Des photographies anciennes sont accrochées aux murs, témoignant de la vie des familles Agouda et de l’histoire de Porto-Novo.
Une fresque extérieure dédiée à la mémoire
Le long de la clôture du musée, une fresque monumentale retrace :
le parcours du commerce triangulaire,
les marches forcées des esclaves,
les routes de déportation et de retour.
Elle porte le nom :
« Devoir de mémoire de l’esclavagisme européen », soulignant la vocation pédagogique du musée.
4. Collections et espaces d’exposition
Le Musée Da Silva présente des collections plus modestes en taille que les grands musées internationaux, mais leur importance culturelle et mémorielle est majeure.
Parmi les salles thématiques, on trouve :
• Salle de la civilisation africaine
Objets, représentations et documents retraçant les cultures et traditions africaines précoloniales et contemporaines.
• Salle de la civilisation gréco-romaine
Une particularité du musée : mettre en regard l’histoire africaine avec l’héritage classique, pour montrer les influences croisées dans l’éducation coloniale.
• Salle dédiée aux grandes figures noires
Personnalités marquantes de l’histoire africaine, afro-brésilienne et de la diaspora.
• Salle des femmes
Espace consacré aux rôles féminins dans l’histoire afro-descendante.
• Patrimoine musical des Noirs
Instruments, rythmes et traditions musicales héritées d’Afrique et recomposées au Brésil puis ramenées au Bénin.
5. Rôle culturel et mémoriel
Le Musée Da Silva joue un rôle central dans la compréhension :
de la mémoire de l’esclavage,
des retours afro-brésiliens au Bénin,
du patrimoine métissé entre Afrique et Brésil,
des identités Agouda.
Il constitue également :
un espace d’éducation pour les jeunes générations,
un lieu de recherche pour les spécialistes,
un symbole de la réconciliation historique avec le passé de la traite.
6. 
• Wikipédia (FR) — Musée Da-Silva, https://fr.wikipedia.org/wiki/Mus%C3%A9e_Da-Silva

=== SOURCES ===
• MAPPR — Benin Capital Cities (Musée da Silva), https://www.mappr.co/capital-cities/benin/",4440,644,91,10,4531,654,True,True,2,Musée Da Silva – Porto-Novo.jpg|||Musée Da Silva.jpg,Donnees_soutenance\Porto Novo\Monuments et Musées\Musée Da Silva\Musée_Da_Silva.docx,Donnees_soutenance\Porto Novo\Monuments et Musées\Musée Da Silva,Monuments et Musées/Musée Da Silva,"{'source_name': 'MAPPR', 'description': 'Benin Capital Cities (Musée da Silva)', 'url': 'https://www.mappr.co/capital-cities/benin/', 'source_type': 'autre', 'raw_text': '• MAPPR — Benin Capital Cities (Musée da Silva), https://www.mappr.co/capital-cities/benin/'}",https://www.mappr.co/capital-cities/benin/,Musée Da Silva – Porto-Novo.jpg | Musée Da Silva.jpg
Porto Novo,Monuments et Musées,Musée ethnographique Alexandre Sènou Adandé,Musée_ethnographique_Alexandre_Sènou_Adandé.docx,Musée ethnographique Alexandre Sènou Adandé,"Musée ethnographique Alexandre Sènou Adandé – Porto-Novo
Premier musée du Bénin – Dédié aux cultures ethnographiques et religieuses, avec un accent sur le patrimoine Yoruba
1. Résumé
Le Musée ethnographique Alexandre Sènou Adandé est l’un des lieux culturels les plus emblématiques de Porto-Novo. Installé dans un bâtiment colonial construit en 1922, il représente le premier musée du pays et constitue un pilier majeur de la préservation du patrimoine ethnographique du Bénin.
Dédié principalement à la culture yoruba — très influente dans l’histoire et les traditions de Porto-Novo — le musée expose une riche collection d’objets rituels, artistiques et historiques.
Avec plus de 1 270 objets, il offre un panorama unique des pratiques culturelles, religieuses et sociales, notamment à travers les masques, les costumes cérémoniels, les instruments de musique, les plateaux de Fa, les sculptures, et divers artefacts liés aux traditions béninoises.
Depuis son ouverture au public en 1966, le musée s’est imposé comme un lieu incontournable pour comprendre les racines spirituelles, artistiques et ethnologiques du pays.
2. Histoire complète du musée
Origines et fondation
Le musée tire son origine des collections constituées par le Centre régional de l’Institut Français d’Afrique Noire (IFAN), héritage des recherches ethnographiques menées au Dahomey.
Il ouvre ses portes au public en 1966, sous la gestion de l’Institut de Recherches Appliquées du Dahomey (IRAD).
Nom et personnalité emblématique
En 1993, l’institution adopte son nom actuel en hommage à Alexandre Sènou Adandé, éminent ethnographe, archiviste et bibliothécaire béninois dont les travaux ont profondément marqué la connaissance des traditions nationales.
Influence Yoruba et travaux de recherche
Le musée est profondément lié à l’étude des cultures yoruba.
Dans les années 1950, l’ethnomusicologue Gilbert Rouget étudie intensivement les chants et danses du palais sous le règne de Gbéfa, contribuant à développer les premières collections ethnomusicologiques du musée.
3. Architecture et organisation du bâtiment
Le musée est installé dans un grand bâtiment colonial de 1922, typique de l’époque française, avec :
une architecture simple mais fonctionnelle,
de vastes salles d’exposition,
des espaces permettant la mise en valeur d’objets de grande taille (statues, instruments, masques),
une scénographie pensée pour montrer l’évolution des pratiques culturelles et religieuses.
Ce cadre historique renforce l’atmosphère du musée, faisant le lien entre la période coloniale et les traditions culturelles antérieures.
4. Collections et patrimoine conservé
Le Musée ethnographique Alexandre Sènou Adandé conserve environ 1 270 objets, couvrant de nombreux domaines culturels : rituels, musique, arts, divination, équipements militaires, objets du quotidien, etc.
Objets liés à la culture Yoruba
Le musée met particulièrement en lumière la culture Yoruba, très présente dans l’identité de Porto-Novo.
Masques et costumes
Masques Guèlèdè : leur origine, leurs fonctions rituelles, leur statut divin et leur rôle social.
Costumes cérémoniels et objets associés aux danses et rituels.
Objets religieux
Plateaux de divination Fa,
objets fétiches et autels miniatures,
instruments servant aux rites et cérémonies.
Sculptures et arts
Sculptures en bois,
statuettes symboliques,
objets sculptés représentant des divinités ou des ancêtres.
Instruments de musique
Instruments traditionnels variés documentant les pratiques musicales du Sud Bénin,
objets collectés dans le cadre des recherches menées par Gilbert Rouget.
Armes et objets militaires
Armes blanches,
armes à feu anciennes,
forge traditionnelle utilisée pour la fabrication.
Objets de la vie quotidienne
Outils,
objets utilitaires,
traces matérielles des pratiques quotidiennes dans les communautés béninoises.
5. Importance culturelle et rôle actuel
Premier musée du pays, il symbolise la volonté du Bénin postcolonial de préserver et valoriser ses richesses culturelles.
Le musée contribue à l’éducation culturelle, historique et identitaire des visiteurs.
Il constitue une base essentielle pour les chercheurs et historiens travaillant sur l’Afrique de l’Ouest, le Vodun, les cultures yoruba, ou encore l’ethnomusicologie.
6. 
https://www.mappr.co/capital-cities/benin/
• Wikipédia (FR) — Musée ethnographique Alexandre Sènou Adandé,
https://fr.wikipedia.org/wiki/Mus%C3%A9e_ethnographique_Alexandre_S%C3%A8nou_Adand%C3%A9
• Express Tourisme — Musée ethnographique Alexandre Sènou Adandé de Porto-Novo,
https://expresstourisme.com/musees-et-sites-historiques.benin/le-musee-ethnographique-alexandre-senou-adande-de-porto-novo","• Mappr — Porto-Novo, Musée ethnographique,",1,0,"Musée ethnographique Alexandre Sènou Adandé – Porto-Novo
Premier musée du Bénin – Dédié aux cultures ethnographiques et religieuses, avec un accent sur le patrimoine Yoruba
1. Résumé
Le Musée ethnographique Alexandre Sènou Adandé est l’un des lieux culturels les plus emblématiques de Porto-Novo. Installé dans un bâtiment colonial construit en 1922, il représente le premier musée du pays et constitue un pilier majeur de la préservation du patrimoine ethnographique du Bénin.
Dédié principalement à la culture yoruba — très influente dans l’histoire et les traditions de Porto-Novo — le musée expose une riche collection d’objets rituels, artistiques et historiques.
Avec plus de 1 270 objets, il offre un panorama unique des pratiques culturelles, religieuses et sociales, notamment à travers les masques, les costumes cérémoniels, les instruments de musique, les plateaux de Fa, les sculptures, et divers artefacts liés aux traditions béninoises.
Depuis son ouverture au public en 1966, le musée s’est imposé comme un lieu incontournable pour comprendre les racines spirituelles, artistiques et ethnologiques du pays.
2. Histoire complète du musée
Origines et fondation
Le musée tire son origine des collections constituées par le Centre régional de l’Institut Français d’Afrique Noire (IFAN), héritage des recherches ethnographiques menées au Dahomey.
Il ouvre ses portes au public en 1966, sous la gestion de l’Institut de Recherches Appliquées du Dahomey (IRAD).
Nom et personnalité emblématique
En 1993, l’institution adopte son nom actuel en hommage à Alexandre Sènou Adandé, éminent ethnographe, archiviste et bibliothécaire béninois dont les travaux ont profondément marqué la connaissance des traditions nationales.
Influence Yoruba et travaux de recherche
Le musée est profondément lié à l’étude des cultures yoruba.
Dans les années 1950, l’ethnomusicologue Gilbert Rouget étudie intensivement les chants et danses du palais sous le règne de Gbéfa, contribuant à développer les premières collections ethnomusicologiques du musée.
3. Architecture et organisation du bâtiment
Le musée est installé dans un grand bâtiment colonial de 1922, typique de l’époque française, avec :
une architecture simple mais fonctionnelle,
de vastes salles d’exposition,
des espaces permettant la mise en valeur d’objets de grande taille (statues, instruments, masques),
une scénographie pensée pour montrer l’évolution des pratiques culturelles et religieuses.
Ce cadre historique renforce l’atmosphère du musée, faisant le lien entre la période coloniale et les traditions culturelles antérieures.
4. Collections et patrimoine conservé
Le Musée ethnographique Alexandre Sènou Adandé conserve environ 1 270 objets, couvrant de nombreux domaines culturels : rituels, musique, arts, divination, équipements militaires, objets du quotidien, etc.
Objets liés à la culture Yoruba
Le musée met particulièrement en lumière la culture Yoruba, très présente dans l’identité de Porto-Novo.
Masques et costumes
Masques Guèlèdè : leur origine, leurs fonctions rituelles, leur statut divin et leur rôle social.
Costumes cérémoniels et objets associés aux danses et rituels.
Objets religieux
Plateaux de divination Fa,
objets fétiches et autels miniatures,
instruments servant aux rites et cérémonies.
Sculptures et arts
Sculptures en bois,
statuettes symboliques,
objets sculptés représentant des divinités ou des ancêtres.
Instruments de musique
Instruments traditionnels variés documentant les pratiques musicales du Sud Bénin,
objets collectés dans le cadre des recherches menées par Gilbert Rouget.
Armes et objets militaires
Armes blanches,
armes à feu anciennes,
forge traditionnelle utilisée pour la fabrication.
Objets de la vie quotidienne
Outils,
objets utilitaires,
traces matérielles des pratiques quotidiennes dans les communautés béninoises.
5. Importance culturelle et rôle actuel
Premier musée du pays, il symbolise la volonté du Bénin postcolonial de préserver et valoriser ses richesses culturelles.
Le musée contribue à l’éducation culturelle, historique et identitaire des visiteurs.
Il constitue une base essentielle pour les chercheurs et historiens travaillant sur l’Afrique de l’Ouest, le Vodun, les cultures yoruba, ou encore l’ethnomusicologie.
6. 
https://www.mappr.co/capital-cities/benin/
• Wikipédia (FR) — Musée ethnographique Alexandre Sènou Adandé,
https://fr.wikipedia.org/wiki/Mus%C3%A9e_ethnographique_Alexandre_S%C3%A8nou_Adand%C3%A9
• Express Tourisme — Musée ethnographique Alexandre Sènou Adandé de Porto-Novo,
https://expresstourisme.com/musees-et-sites-historiques.benin/le-musee-ethnographique-alexandre-senou-adande-de-porto-novo

=== SOURCES ===
• Mappr — Porto-Novo, Musée ethnographique,",4653,625,43,6,4696,631,True,True,2,Musée ethnographique Alexandre Sènou Adandé – Porto-Novo.jpg|||Musée ethnographique de Porto Novo.jpg,Donnees_soutenance\Porto Novo\Monuments et Musées\Musée ethnographique Alexandre Sènou Adandé\Musée_ethnographique_Alexandre_Sènou_Adandé.docx,Donnees_soutenance\Porto Novo\Monuments et Musées\Musée ethnographique Alexandre Sènou Adandé,Monuments et Musées/Musée ethnographique Alexandre Sènou Adandé,"{'source_name': '', 'description': 'Mappr — Porto-Novo, Musée ethnographique,', 'url': '', 'source_type': 'texte', 'raw_text': '• Mappr — Porto-Novo, Musée ethnographique,'}",,Musée ethnographique Alexandre Sènou Adandé – Porto-Novo.jpg | Musée ethnographique de Porto Novo.jpg
Porto Novo,Monuments et Musées,Musée Honmè,Musée_Honmè.docx,Musée Honmè,"Musée Honmè (Musée du Palais Royal Honmè – Porto-Novo)
Ancien palais royal du royaume de Hogbonou / Ajase – Résidence du roi Toffa Ier
1. Résumé
Le Musée Honmè, installé dans l’ancien palais royal des souverains de Hogbonou (Ajase, aujourd’hui Porto-Novo), est l’un des plus importants sites patrimoniaux du Bénin. Localisé dans le quartier Avassa, ce palais historique — autrefois résidence du roi Toffa Ier — s’étend sur 2,5 hectares et constitue un musée de site majeur, conservant l’architecture, les traditions, les rites et les objets symboliques de la royauté locale.
Honmè, ou Honmey, signifie « à l’intérieur de la porte », un terme qui désigne par extension le palais royal.
Le musée présente plus de 230 objets, des espaces rituels, des cours traditionnelles, des autels, du mobilier royal, des photographies anciennes ainsi que des lieux hautement symboliques liés au pouvoir politique, religieux et judiciaire du royaume.
Depuis 1996, le Palais Royal Honmè figure sur la Liste indicative du patrimoine mondial de l’UNESCO (catégorie Culture).
2. Histoire complète du site et du musée
Origines et fonction royale
Le musée occupe l’ancien palais des rois de Hogbonou. Cette royauté, l’une des plus durables d’Afrique de l’Ouest, s’est éteinte en 1976 à la suite d’un désaccord de succession.
Le palais fut la résidence du roi Toffa Ier, souverain de 1874 à 1908, reconnu pour :
avoir signé le premier traité d’amitié avec les puissances européennes,
avoir encouragé l’éducation occidentale,
avoir instauré la coexistence entre islam, christianisme et religions traditionnelles,
avoir créé en 1889 l’Ordre de l’Étoile Noire.
Le palais conserve encore la porte originelle, des lieux sacrés, et plusieurs espaces historiques intacts.
Évolution et création du musée
Après la fin de la royauté en 1976, le palais est progressivement transformé en musée afin de préserver :
la mémoire des souverains,
les pratiques rituelles,
les objets témoignant des relations avec les colons,
l’organisation politique ancienne.
Une partie du site demeure sacrée et continue d’accueillir des cérémonies.
3. Architecture, organisation et cours traditionnelles
Le musée couvre 2,5 hectares et comprend :
24 souverains représentés (18 rois et 6 chefs supérieurs),
de nombreuses constructions traditionnelles : temples, tribunaux, prisons, greniers, salles royales, espaces rituels,
des compartiments organisés autour de plusieurs cours royales.
Les principales cours du palais
Chaque cour servait une fonction précise dans la vie politique et rituelle :
• La cour des reines
Lieu de résidence et de célébration des reines.
• La cour du roi
Espace de pouvoir suprême, symbole de l’autorité royale.
• La cour de détente
Accessible uniquement aux reines ayant fait un pacte de sang avec le roi, garantissant sa protection.
• La cour de la reine-mère (Tanyinon)
Dignitaire élue par l’oracle à la ménopause parmi les parentes maternelles ; seconde figure la plus importante du palais.
• La cour d’initiation
Espace réservé aux rites d’intronisation du roi.
• La cour du peuple
Lieu des manifestations, cérémonies publiques et présentation des nouveaux rois.
• La cour du conseil
Siègent ici les hauts dignitaires :
le gogan,
l’akplogan,
le migan,
formant le gouvernement traditionnel et le grand conseil.
• La cour de justice
Un arbre centenaire, Awalandjè, servait de lieu où les messagers proclamaient les verdicts du tribunal. Aujourd’hui, cet espace accueille un petit village artisanal.
4. Collections et patrimoine conservé
Le musée détient environ 230 objets conservés dans ses réserves. Ceux-ci témoignent de la vie quotidienne, rituelle, militaire et politique de la royauté.
Objets cultuels et rituels
Asen / autels : symboles des défunts du royaume.
Asen hotagantin : signe distinctif placé sur les bâtiments prestigieux.
Gozin : cérémonie où des jeunes filles vierges honorent les ancêtres.
Placard de gris-gris : dont l’un aurait permis au roi Toffa de vaincre un orage.
Objets de pouvoir et de prestige
Canapé du roi Toffa : cadeau des gouverneurs français, symbole d’amitié.
Canne à percussion utilisée pour battre le rythme adjogan.
Photographies anciennes des familles royales.
Chaîne scellée au sol avec menotte : protection contre les intrus et purification des reines adultères.
Buste en bronze du roi Toffa.
Canon colonial, vestige des affrontements.
Objets domestiques
Moule à écraser les condiments,
Moule à écraser les céréales,
Poteries,
Meubles et objets usuels.
Objets liés aux jeux royaux
Adji / Awalé, jeu stratégique très apprécié des rois.
5. Espace sacré et activités culturelles
Une partie du site reste sacrée, toujours active pour des cérémonies.
Le musée accueille également des expositions temporaires, ainsi que des ateliers culturels et artistiques.
Le temple des pythons et le temple Yoho complètent le patrimoine spirituel du site.
6. 
• MOMAA — Royal Palace Musée Honmé, https://momaa.org/directory/royal-palace-musee-honme/
• Wikipédia (FR) — Musée Honmè, https://fr.wikipedia.org/wiki/Mus%C3%A9e_Honm%C3%A8
• MyCapital229 — Tout ce qu’il faut savoir sur le Musée Honmè, https://mycapital229.net/2023/08/14/tout-ce-quil-faut-savoir-sur-le-musee-honme/","• Global Museum Guide — Musée Honmè (Porto-Novo), https://globalmuseumguide.com/museums/benin/oueme/porto-novo/musee-honme/",1,1,"Musée Honmè (Musée du Palais Royal Honmè – Porto-Novo)
Ancien palais royal du royaume de Hogbonou / Ajase – Résidence du roi Toffa Ier
1. Résumé
Le Musée Honmè, installé dans l’ancien palais royal des souverains de Hogbonou (Ajase, aujourd’hui Porto-Novo), est l’un des plus importants sites patrimoniaux du Bénin. Localisé dans le quartier Avassa, ce palais historique — autrefois résidence du roi Toffa Ier — s’étend sur 2,5 hectares et constitue un musée de site majeur, conservant l’architecture, les traditions, les rites et les objets symboliques de la royauté locale.
Honmè, ou Honmey, signifie « à l’intérieur de la porte », un terme qui désigne par extension le palais royal.
Le musée présente plus de 230 objets, des espaces rituels, des cours traditionnelles, des autels, du mobilier royal, des photographies anciennes ainsi que des lieux hautement symboliques liés au pouvoir politique, religieux et judiciaire du royaume.
Depuis 1996, le Palais Royal Honmè figure sur la Liste indicative du patrimoine mondial de l’UNESCO (catégorie Culture).
2. Histoire complète du site et du musée
Origines et fonction royale
Le musée occupe l’ancien palais des rois de Hogbonou. Cette royauté, l’une des plus durables d’Afrique de l’Ouest, s’est éteinte en 1976 à la suite d’un désaccord de succession.
Le palais fut la résidence du roi Toffa Ier, souverain de 1874 à 1908, reconnu pour :
avoir signé le premier traité d’amitié avec les puissances européennes,
avoir encouragé l’éducation occidentale,
avoir instauré la coexistence entre islam, christianisme et religions traditionnelles,
avoir créé en 1889 l’Ordre de l’Étoile Noire.
Le palais conserve encore la porte originelle, des lieux sacrés, et plusieurs espaces historiques intacts.
Évolution et création du musée
Après la fin de la royauté en 1976, le palais est progressivement transformé en musée afin de préserver :
la mémoire des souverains,
les pratiques rituelles,
les objets témoignant des relations avec les colons,
l’organisation politique ancienne.
Une partie du site demeure sacrée et continue d’accueillir des cérémonies.
3. Architecture, organisation et cours traditionnelles
Le musée couvre 2,5 hectares et comprend :
24 souverains représentés (18 rois et 6 chefs supérieurs),
de nombreuses constructions traditionnelles : temples, tribunaux, prisons, greniers, salles royales, espaces rituels,
des compartiments organisés autour de plusieurs cours royales.
Les principales cours du palais
Chaque cour servait une fonction précise dans la vie politique et rituelle :
• La cour des reines
Lieu de résidence et de célébration des reines.
• La cour du roi
Espace de pouvoir suprême, symbole de l’autorité royale.
• La cour de détente
Accessible uniquement aux reines ayant fait un pacte de sang avec le roi, garantissant sa protection.
• La cour de la reine-mère (Tanyinon)
Dignitaire élue par l’oracle à la ménopause parmi les parentes maternelles ; seconde figure la plus importante du palais.
• La cour d’initiation
Espace réservé aux rites d’intronisation du roi.
• La cour du peuple
Lieu des manifestations, cérémonies publiques et présentation des nouveaux rois.
• La cour du conseil
Siègent ici les hauts dignitaires :
le gogan,
l’akplogan,
le migan,
formant le gouvernement traditionnel et le grand conseil.
• La cour de justice
Un arbre centenaire, Awalandjè, servait de lieu où les messagers proclamaient les verdicts du tribunal. Aujourd’hui, cet espace accueille un petit village artisanal.
4. Collections et patrimoine conservé
Le musée détient environ 230 objets conservés dans ses réserves. Ceux-ci témoignent de la vie quotidienne, rituelle, militaire et politique de la royauté.
Objets cultuels et rituels
Asen / autels : symboles des défunts du royaume.
Asen hotagantin : signe distinctif placé sur les bâtiments prestigieux.
Gozin : cérémonie où des jeunes filles vierges honorent les ancêtres.
Placard de gris-gris : dont l’un aurait permis au roi Toffa de vaincre un orage.
Objets de pouvoir et de prestige
Canapé du roi Toffa : cadeau des gouverneurs français, symbole d’amitié.
Canne à percussion utilisée pour battre le rythme adjogan.
Photographies anciennes des familles royales.
Chaîne scellée au sol avec menotte : protection contre les intrus et purification des reines adultères.
Buste en bronze du roi Toffa.
Canon colonial, vestige des affrontements.
Objets domestiques
Moule à écraser les condiments,
Moule à écraser les céréales,
Poteries,
Meubles et objets usuels.
Objets liés aux jeux royaux
Adji / Awalé, jeu stratégique très apprécié des rois.
5. Espace sacré et activités culturelles
Une partie du site reste sacrée, toujours active pour des cérémonies.
Le musée accueille également des expositions temporaires, ainsi que des ateliers culturels et artistiques.
Le temple des pythons et le temple Yoho complètent le patrimoine spirituel du site.
6. 
• MOMAA — Royal Palace Musée Honmé, https://momaa.org/directory/royal-palace-musee-honme/
• Wikipédia (FR) — Musée Honmè, https://fr.wikipedia.org/wiki/Mus%C3%A9e_Honm%C3%A8
• MyCapital229 — Tout ce qu’il faut savoir sur le Musée Honmè, https://mycapital229.net/2023/08/14/tout-ce-quil-faut-savoir-sur-le-musee-honme/

=== SOURCES ===
• Global Museum Guide — Musée Honmè (Porto-Novo), https://globalmuseumguide.com/museums/benin/oueme/porto-novo/musee-honme/",5176,776,123,9,5299,785,True,True,5,Cour intérieure du musée Honmè.jpg|||Cour_extérieure_du_Musée_Honmè.jpg|||Musée Honmè.jpg|||à l'intérieur du musée Honmè_1.jpg|||à l'intérieur du musée Honmè_2.jpg,Donnees_soutenance\Porto Novo\Monuments et Musées\Musée Honmè\Musée_Honmè.docx,Donnees_soutenance\Porto Novo\Monuments et Musées\Musée Honmè,Monuments et Musées/Musée Honmè,"{'source_name': 'Global Museum Guide', 'description': 'Musée Honmè (Porto-Novo)', 'url': 'https://globalmuseumguide.com/museums/benin/oueme/porto-novo/musee-honme/', 'source_type': 'blog', 'raw_text': '• Global Museum Guide — Musée Honmè (Porto-Novo), https://globalmuseumguide.com/museums/benin/oueme/porto-novo/musee-honme/'}",https://globalmuseumguide.com/museums/benin/oueme/porto-novo/musee-honme/,Cour intérieure du musée Honmè.jpg | Cour_extérieure_du_Musée_Honmè.jpg | Musée Honmè.jpg | à l'intérieur du musée Honmè_1.jpg | à l'intérieur du musée Honmè_2.jpg
